Date,Open,High,Low,Close,Adj Close,Volume,Year,Month,Day,DayOfWeek,SMA_20,SMA_50,EMA_12,EMA_26,RSI,MACD,MACD_signal,MACD_hist,BB_middle,BB_upper,BB_lower
2015-03-16,0.018551382002928773,0.020010442939154965,0.019811162840805058,0.020716954393836917,0.020716954393836917,0.11963219049555837,2015,3,16,0,0.020610879444376062,0.013618188332574306,0.02127331113326603,0.01923378427590655,60.713022682059254,0.0020395268573594784,0.0028349817648785193,-0.0007954549075190409,0.020610879444376062,0.029805650629387004,0.011416108259365123
2015-03-17,0.018801816130823212,0.019007846153951624,0.020489175306762586,0.019489856670758754,0.019489856670758754,0.13484286057625647,2015,3,17,1,0.020744623554176906,0.01379225640631285,0.020998933523649524,0.01925275260145116,54.25726603815278,0.0017461809221983628,0.002617221596342488,-0.0008710406741441251,0.020744623554176906,0.029783407580683638,0.011705839527670176
2015-03-18,0.01906211642630201,0.020973590613263315,0.020150169073783808,0.022385412205512184,0.022385412205512184,0.16525492923896062,2015,3,18,2,0.02107563993256565,0.014097393405905932,0.02121223793624378,0.019484801461011236,52.5472189387611,0.0017274364752325432,0.002439264572120499,-0.0007118280968879558,0.02107563993256565,0.029826917997932224,0.012324361867199077
2015-03-19,0.021332445162380143,0.02130887509541224,0.023250317983209867,0.021880530328411862,0.021880530328411862,0.07861622188739242,2015,3,19,3,0.021328416484492196,0.014472077409651068,0.021315052150423484,0.019662262858596465,49.73549546565504,0.0016527892918270191,0.002281969516061803,-0.000629180224234784,0.021328416484492196,0.029851822091401532,0.012805010877582857
2015-03-20,0.022077139262349804,0.021611309490564806,0.024235124835285643,0.022672953408172963,0.022672953408172963,0.20983952357622873,2015,3,20,4,0.02168634865333406,0.01486836069904464,0.021523960036231096,0.01988527697337991,41.797372097949946,0.001638683062851188,0.00215331222541968,-0.000514629162568492,0.02168634865333406,0.02977170568226588,0.013600991624402241
2015-03-23,0.021675137539200168,0.021821687169920223,0.023143532107600256,0.02215469393495062,0.02215469393495062,0.11989172775256285,2015,3,23,0,0.02213606253102831,0.01524371311320654,0.021620996020649486,0.020053381933496255,38.79568186349942,0.001567614087153231,0.0020361725977663904,-0.0004685585106131594,0.02213606253102831,0.029154905089843967,0.015117219972212652
2015-03-24,0.022376983527570865,0.025841916811212312,0.024967363069617943,0.02595971142801834,0.02595971142801834,0.20673435723463454,2015,3,24,1,0.02270614593990427,0.015738699458402484,0.022288490698706233,0.02049088782197937,47.94279590650559,0.0017976028767268636,0.001988458653558485,-0.00019085577683162136,0.02270614593990427,0.028941845021478094,0.016470446858330445
2015-03-25,0.024993295565758356,0.025076001507715495,0.024130038613900423,0.02214634551030306,0.02214634551030306,0.16689556853791332,2015,3,25,2,0.022955494943831933,0.016181626368608548,0.02226662220818267,0.020613514317410753,40.46232550073707,0.0016531078907719154,0.001921388501001171,-0.00026828061022925566,0.022955494943831933,0.0286309607660468,0.017280029121617066
2015-03-26,0.02073931865766568,0.020684308119286288,0.0213875105505186,0.020937641143697422,0.020937641143697422,0.11331063218125179,2015,3,26,3,0.022950313220822766,0.016576104520720895,0.022062163582877246,0.020637523711950503,42.43396764005168,0.0014246398709267423,0.0018220387749862854,-0.00039739890405954314,0.022950313220822766,0.028633321962364164,0.01726730447928137
2015-03-27,0.019226880764133286,0.0194943544261085,0.020533237142875527,0.01865394802164866,0.01865394802164866,0.14334266645714128,2015,3,27,4,0.022782130015321138,0.016893545824187724,0.021537822727303615,0.020490592179335552,38.39535675381265,0.001047230547968063,0.0016670771295826412,-0.0006198465816145782,0.022782130015321138,0.0287721551533723,0.016792104877269974
2015-03-30,0.018772158153516544,0.018899374283303766,0.02054680038358611,0.01988774460113077,0.01988774460113077,0.08695844926558269,2015,3,30,0,0.022459305151429958,0.01722951097436294,0.021283964554046256,0.020445936803172235,48.09511600419454,0.0008380277508740208,0.0015012672538409172,-0.0006632395029668964,0.022459305151429958,0.028335867225971558,0.016582743076888357
2015-03-31,0.018238354211699115,0.019306984333270716,0.02005524678466042,0.018540275335202333,0.018540275335202333,0.11473808247289266,2015,3,31,1,0.022030655455539266,0.017496464224230984,0.02086185852037796,0.020304776694433722,47.972475494602534,0.0005570818259442376,0.0013124301682615814,-0.0007553483423173438,0.022030655455539266,0.02772573209624351,0.016335578814835022
2015-04-01,0.01777703653393617,0.01813344579494361,0.017607663118144434,0.0167213514185737,0.0167213514185737,0.14940468751444339,2015,4,1,2,0.0215155737481326,0.017734929832865474,0.02022485742779269,0.02003933778511076,41.85841317184826,0.00018551964268193055,0.0010870480631456512,-0.0009015284204637207,0.0215155737481326,0.027172803521078842,0.01585834397518636
2015-04-02,0.01522333798393502,0.014750935030953038,0.015691302980151284,0.014370797138162694,0.014370797138162694,0.12660258733049243,2015,4,2,3,0.020850196927602697,0.017851888915231314,0.019324232767849614,0.019619445885336827,42.47797144611156,-0.00029521311748721343,0.0008105958270190783,-0.0011058089445062918,0.020850196927602697,0.026585294403463817,0.015115099451741578
2015-04-06,0.012379667944581008,0.01394886023976305,0.014241395947498098,0.01478373234958627,0.01478373234958627,0.09036949649199028,2015,4,6,0,0.020333276219826883,0.017867771172858843,0.018625694241962944,0.019261244882688638,37.74769547763889,-0.0006355506407256933,0.0005213665334701241,-0.0011569171741958174,0.020333276219826883,0.02630588348695311,0.014360668952700658
2015-04-07,0.014310601837412146,0.015355770859099838,0.016421168497186306,0.014868986864421035,0.014868986864421035,0.08837663268041523,2015,4,7,1,0.019801141262506577,0.017848177654905654,0.01804773926080265,0.01893589243689104,39.98547326126747,-0.0008881531760883896,0.00023946259155842138,-0.001127615767646811,0.019801141262506577,0.025727378310980382,0.013874904214032771
2015-04-08,0.014409455153483935,0.015737096884010704,0.01722799435750147,0.01640370224268592,0.01640370224268592,0.07688289071093815,2015,4,8,2,0.019577119501402306,0.017890975770041923,0.01779481048878469,0.018748322792875846,36.223603213481546,-0.0009535123040911551,8.676124285060646e-07,-0.0009543799165196612,0.019577119501402306,0.025667445782786347,0.013486793220018264
2015-04-09,0.015282640721980906,0.015112529907884725,0.016248286468098866,0.01612619256072617,0.01612619256072617,0.1119480685148039,2015,4,9,3,0.01940325266157836,0.01803909734230952,0.01753810003831415,0.01855409092382772,36.60699403377722,-0.00101599088551357,-0.00020250408715990917,-0.0008134867983536609,0.01940325266157836,0.025685909796811412,0.01312059552634531
2015-04-10,0.015697825971139168,0.01522428480950272,0.016865260951550304,0.015868732509044525,0.015868732509044525,0.09822973072905594,2015,4,10,4,0.0191441235955234,0.018239780193824537,0.017281274264580364,0.018355175485695634,33.75899469993335,-0.0010739012211152706,-0.0003767835139509815,-0.0006971177071642891,0.0191441235955234,0.02556653055308582,0.01272171663796098
2015-04-13,0.014419334537635775,0.015806126235995227,0.016865260951550304,0.015587863340539854,0.015587863340539854,0.12003076325787337,2015,4,13,0,0.019007871270269202,0.018430432195194725,0.01702074950703567,0.01815018940086928,34.145955297049994,-0.0011294398938336107,-0.0005273147899275074,-0.0006021251039061034,0.019007871270269202,0.025617425831914738,0.012398316708623664
2015-04-14,0.013707595948545842,0.013672736239393218,0.013740365076617217,0.01265218842854432,0.01265218842854432,0.20866233904290032,2015,4,14,1,0.018604632972004573,0.018402814131236914,0.01634866318726777,0.01774293006958595,16.46446150497694,-0.0013942668823181785,-0.0007007052084056417,-0.0006935616739125368,0.018604632972004573,0.02573841061448367,0.011470855329525478
2015-04-15,0.011219795203736782,0.012739175398606084,0.01208875667784795,0.013367712123680153,0.013367712123680153,0.1822916177517309,2015,4,15,2,0.018298525744650643,0.01842989709134984,0.015890055331331213,0.017418839851370705,23.78430010072499,-0.0015287845200394924,-0.0008663210707324119,-0.0006624634493070805,0.018298525744650643,0.02578885505623076,0.010808196433070526
2015-04-16,0.011615208468023941,0.0130218786457795,0.01425495918820871,0.013792348540734245,0.013792348540734245,0.08809855704791045,2015,4,16,3,0.017868872561411744,0.01846039063438988,0.01556733120970091,0.017150210865397635,27.6136181720166,-0.001582879655696725,-0.0010096327877252747,-0.0005732468679714503,0.017868872561411744,0.02535795039899247,0.010379794723831017
2015-04-17,0.011206611677728129,0.011131729600392631,0.011339555894356312,0.010532345713132885,0.010532345713132885,0.16685849178691267,2015,4,17,4,0.017301463330647797,0.018469017071636562,0.014792718056382752,0.016659998631896544,26.0217123779084,-0.0018672805755137918,-0.0011811623452829781,-0.0006861182302308137,0.017301463330647797,0.025218161552896502,0.009384765108399093
2015-04-20,0.010198319748706525,0.013186234559668025,0.012522664804099443,0.014320646240219559,0.014320646240219559,0.12317300635046821,2015,4,20,0,0.016883847972250128,0.018521177358278414,0.014720091623126876,0.0164867132695501,35.71794006365691,-0.0017666216464232252,-0.0012982542055110275,-0.0004683674409121977,0.016883847972250128,0.02448227355913789,0.009285422385362365
2015-04-21,0.01412276798113668,0.014271006005599773,0.015632984444404197,0.013849205000643322,0.013849205000643322,0.13846709680997588,2015,4,21,1,0.016468573525534762,0.018541038562265286,0.014586109065821713,0.016291342286668117,37.398946278200505,-0.001705233220846404,-0.001379650008578103,-0.0003255832122683012,0.016468573525534762,0.023755541310606483,0.00918160574046304
2015-04-22,0.013098001600817089,0.014826543629741173,0.014980419201494122,0.01565306822509649,0.01565306822509649,0.11524788548820958,2015,4,22,2,0.01595324136538867,0.01861817532378409,0.014750256628787064,0.0162440627265517,47.1280766101018,-0.001493806097764637,-0.00140248122641541,-9.132487134922698e-05,0.01595324136538867,0.021711467117963262,0.010195015612814079
2015-04-23,0.01527277455439649,0.01807428531316449,0.01785514637044855,0.018205909193333508,0.018205909193333508,0.35478115842892927,2015,4,23,3,0.015756219549540193,0.018685448605984745,0.015281895484871131,0.016389384687054056,60.19920850161718,-0.0011074892021829246,-0.001343482821568913,0.00023599361938598834,0.015756219549540193,0.020854003373673147,0.010658435725407239
2015-04-24,0.02354345133556124,0.024707833976411853,0.023624921774264146,0.024244455499382894,0.024244455499382894,0.4238919126279106,2015,4,24,4,0.015921560267324462,0.018879979372618497,0.016660750871719095,0.0169712417842636,69.36558521970944,-0.0003104909125445053,-0.0011368844397640315,0.0008263935272195262,0.015921560267324462,0.02187040214228705,0.009972718392361874
2015-04-27,0.023160164271888523,0.02351256019087883,0.022766847939775348,0.021514319472766857,0.021514319472766857,0.18960815670034478,2015,4,27,0,0.016064578839880377,0.018973364649559416,0.01740745373341875,0.017307766057486063,62.273659743176765,9.96876759326859e-05,-0.0008895700166246881,0.000989257692557374,0.016064578839880377,0.022414056146198402,0.00971510153356235
2015-04-28,0.020269040147187112,0.020239417868242793,0.021803477126777465,0.020947706192208287,0.020947706192208287,0.10576718647451955,2015,4,28,1,0.016117576919434252,0.01901475929057622,0.01795210795784791,0.017577391252650672,58.70384846284211,0.00037471670519723804,-0.0006367126722603029,0.0010114293774575408,0.016117576919434252,0.022617334083703082,0.009617819755165423
2015-04-29,0.018891212992900808,0.019468096770779098,0.020626976472658765,0.019405426940045822,0.019405426940045822,0.12497573511060167,2015,4,29,2,0.016160834499676424,0.0190665683398823,0.018175695493570666,0.017712801303568834,55.990960000156846,0.00046289419000183213,-0.0004167912998078759,0.000879685489809708,0.016160834499676424,0.022739517313815887,0.009582151685536961
2015-04-30,0.01803212950184868,0.017790329503974356,0.016597109903877666,0.015469268771610506,0.015469268771610506,0.16041633928323829,2015,4,30,3,0.016098230367328267,0.01906065202255976,0.017759322151730643,0.01754661370860896,49.356676645025274,0.00021270844312168413,-0.0002908913512219639,0.000503599794343648,0.016098230367328267,0.022678284268005437,0.009518176466651096
2015-05-01,0.014913019589027937,0.014807240989820364,0.0155943071128741,0.01565701780109441,0.01565701780109441,0.13139090967914882,2015,5,1,4,0.01616254140047485,0.01903729239278403,0.017435890713171222,0.01740664364138566,50.11170605353006,2.924707178556321e-05,-0.00022686366662045849,0.0002561107384060217,0.01616254140047485,0.022696488287517847,0.009628594513431853
2015-05-04,0.01494606761587966,0.016300439947245754,0.016600502413709556,0.016622618724187438,0.016622618724187438,0.08885109215111711,2015,5,4,0,0.01625448571920491,0.019059458566641065,0.017310771945635257,0.0173485677215932,56.84942123888563,-3.779577595794392e-05,-0.00018905008848795558,0.00015125431253001166,0.01625448571920491,0.022758422595361125,0.009750548843048695
2015-05-05,0.014840335076462013,0.014873171898921428,0.015013365298979592,0.01327655000875344,0.01327655000875344,0.09579316146088501,2015,5,5,1,0.01617486387642153,0.019061781239194824,0.01669012241688421,0.017046936779901364,49.85582110490564,-0.00035681436301715497,-0.00022260294339379548,-0.0001342114196233595,0.01617486387642153,0.022788285269553236,0.009561442483289825
2015-05-06,0.012537348202271287,0.012447150453055611,0.011849975655172679,0.011070413416402525,0.011070413416402525,0.11279244969079599,2015,5,6,2,0.01590819943510736,0.01899202864251289,0.01582555180142549,0.016604231345568116,45.92472668335105,-0.0007786795441426277,-0.0003338182635435619,-0.00044486128059906575,0.01590819943510736,0.02290192934877873,0.008914469521435993
2015-05-07,0.010141838747806359,0.012803148355502086,0.012076022868398845,0.013243015493361848,0.013243015493361848,0.11087898984109965,2015,5,7,3,0.015764040581739143,0.018913701643745128,0.015428238523261851,0.016355252393552837,54.19500056038222,-0.000927013870290986,-0.0004524573848930467,-0.00047455648539793924,0.015764040581739143,0.02285700633278241,0.008671074830695878
2015-05-08,0.014324888946800951,0.015337944923872415,0.013180798114248576,0.015764300086987232,0.015764300086987232,0.10915040533920004,2015,5,8,4,0.01575881896063628,0.01880816213340726,0.015479940302296526,0.016311478148622053,52.325374417554706,-0.0008315378463255273,-0.0005282734771795428,-0.0003032643691459844,0.01575881896063628,0.022851613960191617,0.008666023961080942
2015-05-11,0.014893207954454563,0.015611530838050475,0.016716078900967657,0.014919405984842787,0.014919405984842787,0.05162644087224189,2015,5,11,0,0.015725396092851427,0.01866619801047049,0.015393704253457489,0.01620836169204581,51.70334029686546,-0.0008146574385883218,-0.0005855502694612987,-0.00022910716912702314,0.015725396092851427,0.02282787625062916,0.008622915935073694
2015-05-12,0.012656297309116132,0.012720413338081993,0.013269180133916564,0.012686453850190182,0.012686453850190182,0.11900426137676673,2015,5,12,1,0.01572710936393372,0.018393042249895207,0.014977204191416365,0.015947479629686134,45.34193691850677,-0.000970275438269769,-0.0006624953032229928,-0.0003077801350467763,0.01572710936393372,0.022826484010382585,0.008627734717484856
2015-05-13,0.012312666556008767,0.013087288752778897,0.014423252150890298,0.012880921852763932,0.012880921852763932,0.08370231371497766,2015,5,13,2,0.01570276985038791,0.018108395301890165,0.014654699216239067,0.01572032720176597,40.97015602538814,-0.0010656279855269044,-0.0007431218396837751,-0.0003225061458431293,0.01570276985038791,0.022839443136031274,0.008566096564744548
2015-05-14,0.013373289483758377,0.014629258519676308,0.015699692473402832,0.015824656850242508,0.015824656850242508,0.09771586507797117,2015,5,14,3,0.01580438526586332,0.017884428727560873,0.014834692698393444,0.015728055323875344,34.04777876025251,-0.0008933626254819006,-0.0007731699968434003,-0.00012019262863850028,0.01580438526586332,0.02288417316843549,0.008724597363291156
2015-05-15,0.015160836836571767,0.01471956164865007,0.015009619261069057,0.014299134797432889,0.014299134797432889,0.1501650012479086,2015,5,15,4,0.015992724720078323,0.017616844752534316,0.014752299175168742,0.01562220935895368,35.67623607692879,-0.0008699101837849384,-0.000792518034231708,-7.739214955323039e-05,0.015992724720078323,0.022671017560043367,0.009314431880113279
2015-05-18,0.01279176712524499,0.013251427116422382,0.014489525068407505,0.013779460450635744,0.013779460450635744,0.1531322505800464,2015,5,18,0,0.01596566543059913,0.01738999103144498,0.014602631679086743,0.015485709439819018,35.74284955225346,-0.0008830777607322753,-0.0008106299795318215,-7.244778120045372e-05,0.01596566543059913,0.022676789356365204,0.009254541504833054
2015-05-19,0.013442676462751213,0.015176430348032371,0.015913842107058346,0.015475967628014453,0.015475967628014453,0.14975827548275575,2015,5,19,1,0.01604700356196769,0.017189276663788725,0.014736991055844851,0.01548498782412979,42.23222930247005,-0.0007479967682849399,-0.0007981033372824452,5.010656899750532e-05,0.01604700356196769,0.02268920051941449,0.009404806604520886
2015-05-20,0.014932851048452461,0.01592136853396503,0.01589072680960671,0.016116342090198216,0.016116342090198216,0.10020243850583743,2015,5,20,2,0.016070167255222773,0.017093920756297263,0.01494919890728383,0.015531754806801525,51.470783686369366,-0.0005825558995176949,-0.0007549938497294952,0.0001724379502118003,0.016070167255222773,0.022709810534327392,0.009430523976118155
2015-05-21,0.014754420779901467,0.016224613798212606,0.016913238790996238,0.01720264983423983,0.01720264983423983,0.10315120030319558,2015,5,21,3,0.016020004287268092,0.017045903165837956,0.01529588366527706,0.015655524808833993,53.37531314998571,-0.0003596411435569328,-0.0006759233084949829,0.00031628216493805007,0.016020004287268092,0.02260665578618455,0.009433352788351633
2015-05-22,0.015481338596681549,0.016339981352384098,0.018113194673411465,0.016397989103890953,0.016397989103890953,0.0766678067313114,2015,5,22,4,0.01562768096749349,0.0169528366713129,0.015465438348140736,0.015710522164023397,49.50598688038951,-0.00024508381588266015,-0.0005897554099725182,0.0003446715940898581,0.01562768096749349,0.020968621519103618,0.010286740415883362
2015-05-26,0.014810597799750802,0.014629258519676308,0.014839653838630618,0.013786159307039692,0.013786159307039692,0.19039387692848098,2015,5,26,1,0.015241272959207136,0.016862301660541222,0.015207087726432884,0.015567976767209788,51.15815300213344,-0.0003608890407769041,-0.0005439821361333955,0.00018309309535649142,0.015241272959207136,0.019858159231463432,0.010624386686950838
2015-05-27,0.013052787723648623,0.015140165381432535,0.015461740881989039,0.016290693406874224,0.016290693406874224,0.10891006738706427,2015,5,27,2,0.015008422319940429,0.016773776440801965,0.015373796292654628,0.015621511333110858,61.70500676589991,-0.0002477150404562294,-0.00048472871699796233,0.0002370136765417329,0.015008422319940429,0.0188115456671284,0.011205298972752456
2015-05-28,0.014774245631042265,0.015159942676433363,0.01700502011911298,0.016287340625891267,0.016287340625891267,0.06313493127258946,2015,5,28,3,0.014852518004232707,0.01670972611990462,0.015514341574691035,0.01567083202146496,57.561625582944735,-0.0001564904467739256,-0.00041908106295315497,0.0002625906161792294,0.014852518004232707,0.01811373051565402,0.011591305492811394
2015-05-29,0.014562787160490698,0.01450728534897458,0.015373352063704188,0.013715750906397511,0.013715750906397511,0.20804022887568058,2015,5,29,4,0.014764842110972055,0.016536332893922322,0.015237635318030494,0.01552601119812663,44.92440942056194,-0.00028837588009613703,-0.0003929400263817514,0.0001045641462856144,0.014764842110972055,0.018050433466623363,0.011479250755320749
2015-06-01,0.014371146932796203,0.013900788228047717,0.014798875734479217,0.014346073731194342,0.014346073731194342,0.14397167709671754,2015,6,1,0,0.01469929490747705,0.016385643761977972,0.015100471996978778,0.015438608422798313,48.56421639205738,-0.0003381364258195352,-0.0003819793062693082,4.384288044977303e-05,0.01469929490747705,0.01796217177560581,0.011436418039348289
2015-06-02,0.01309574817607076,0.015947738260632782,0.015332560362318948,0.016086173766913542,0.016086173766913542,0.1471792643809911,2015,6,2,1,0.014672472659613356,0.016253908169152783,0.015252118423122588,0.015486576226066107,58.72932681910905,-0.00023445780294351938,-0.0003524750056041505,0.00011801720266063111,0.014672472659613356,0.017877078086541872,0.01146786723268484
2015-06-03,0.015402045800402026,0.016112542459874618,0.017297353847090136,0.016465031312426243,0.016465031312426243,0.1266581007755521,2015,6,3,2,0.014831896724796997,0.016140114916702298,0.015438720406092381,0.015559054380611302,59.116452930954786,-0.00012033397451892067,-0.0003060467993871045,0.00018571282486818384,0.014831896724796997,0.01806125062958713,0.011602542820006865
2015-06-04,0.014691648692905956,0.015153343652334783,0.016348953588500692,0.01525467737757702,0.01525467737757702,0.09257633040922159,2015,6,4,3,0.015041109922855723,0.01592601423569347,0.015410406094013096,0.015536507935942096,48.41000926673109,-0.00012610184192900047,-0.0002700578078954837,0.00014395596596648326,0.015041109922855723,0.01774358578992812,0.012338634055783327
2015-06-05,0.014225758082813206,0.014035939669651665,0.01573707126910548,0.014124796891880814,0.014124796891880814,0.0962645935977667,2015,6,5,4,0.015085198992781667,0.01576558326332502,0.015212620062915821,0.015431936747493113,49.50269720631317,-0.00021931668457729134,-0.00025990958323184526,4.059289865455392e-05,0.015085198992781667,0.017691210027178272,0.012479187958385062
2015-06-08,0.01322131217491293,0.013020692008079454,0.013602312361895852,0.011945482547393638,0.011945482547393638,0.10850334162191141,2015,6,8,0,0.01489425811580199,0.01558574009139895,0.014709983522066254,0.015173680880819078,45.2210254541058,-0.00046369735875282335,-0.0003006671383360409,-0.00016303022041678247,0.01489425811580199,0.01782956467633231,0.01195895155527167
2015-06-09,0.011321423998968266,0.011398953818012064,0.012504328934326792,0.011898543613632184,0.011898543613632184,0.1024671615163476,2015,6,9,1,0.01474321499724146,0.01545063200323862,0.014277454305384088,0.014931078120286715,39.80117782315687,-0.000653623814902627,-0.00037125847364935814,-0.0002823653412532689,0.01474321499724146,0.017969537960821614,0.011516892033661307
2015-06-10,0.011916169533192578,0.014418287521470868,0.0146595040880797,0.015251324596594062,0.015251324596594062,0.13571699281759275,2015,6,10,2,0.014871458534561654,0.015357903603147885,0.014427280504031775,0.014954800081494668,47.86424123941561,-0.0005275195774628923,-0.000402510694412065,-0.00012500888305082736,0.014871458534561654,0.017954262801764133,0.011788654267359174
2015-06-11,0.014911367518099544,0.014622652903146044,0.01590703669154389,0.014553946152137981,0.014553946152137981,0.08048548266331426,2015,6,11,3,0.014955109749530357,0.015278177019486599,0.014446767526817344,0.014925107197838617,43.332197840447854,-0.00047833967102127277,-0.00041767648973390655,-6.066318128736622e-05,0.014955109749530357,0.01789811635853393,0.012012103140526783
2015-06-12,0.012656297309116132,0.012691077017164099,0.014934834475196168,0.01378952549914661,0.01378952549914661,0.05629454340410978,2015,6,12,4,0.01485335318197556,0.015219540501098057,0.014345653368714155,0.014840990034972542,43.42016683344601,-0.0004953366662583877,-0.00043320852503880283,-6.212814121958491e-05,0.01485335318197556,0.017810467850795365,0.011896238513155756
2015-06-15,0.011466806240667538,0.011102307577863069,0.012840874067988645,0.012069548854887174,0.012069548854887174,0.11886560486591916,2015,6,15,0,0.014741873884848275,0.015173515535432548,0.013995483443510004,0.01463569809570696,45.465851930570416,-0.0006402146521969562,-0.00047460975047043354,-0.00016560490172652268,0.014741873884848275,0.01794484486986565,0.011538902899830901
2015-06-16,0.01159897191493961,0.011543993907116412,0.013371159387379594,0.012388049637144627,0.012388049637144627,0.06701731357632115,2015,6,16,1,0.014672303344173718,0.015125601881183712,0.013748185934838408,0.014469205617294936,38.34598119260855,-0.0007210196824565286,-0.0005238917368676526,-0.00019712794558887604,0.014672303344173718,0.0180204468247102,0.011324159863637238
2015-06-17,0.011919473675049364,0.01198568682880144,0.01321478440011939,0.01276020832625338,0.01276020832625338,0.08757545225131955,2015,6,17,2,0.014536515379085662,0.015083426310420362,0.01359618937967148,0.014342613225365933,39.69432565947366,-0.0007464238456944532,-0.0005683981586330128,-0.00017802568706144046,0.014536515379085662,0.017966699394002566,0.011106331364168758
2015-06-18,0.012458042189424312,0.014349066988968012,0.015148990907468546,0.015264742426087885,0.015264742426087885,0.1373901147151533,2015,6,18,3,0.014493935395880148,0.015060647114088402,0.013852889848350926,0.014410919092086078,54.54369143629996,-0.0005580292437351517,-0.0005663243756534405,8.295131918288861e-06,0.014493935395880148,0.0178621294264942,0.011125741365266095
2015-06-19,0.014509920890781847,0.014382035739734372,0.015903637383095137,0.015251324596594062,0.015251324596594062,0.1429733502186151,2015,6,19,4,0.01439636913399786,0.015043149754805758,0.014068033655772947,0.014473171351679262,52.755104289881096,-0.00040513769590631507,-0.0005340870397040154,0.00012894934379770033,0.01439636913399786,0.017539736197848536,0.011253002070147183
2015-06-22,0.015296306652700653,0.016191658232309586,0.017440124801938434,0.015754248449600328,0.015754248449600328,0.08351743836718092,2015,6,22,0,0.014364182101283329,0.015040860073616873,0.014327451316361775,0.014568065951525268,48.90752496802032,-0.0002406146351634931,-0.00047539255879591096,0.00023477792363241787,0.014364182101283329,0.017433563214844128,0.01129480098772253
2015-06-23,0.015312827361984638,0.015452969671597205,0.016665096072853047,0.01652203529469859,0.01652203529469859,0.07863672918534678,2015,6,23,1,0.014500975900666273,0.015059543512700047,0.014665079620721284,0.014712804421389959,50.182935305760935,-4.772480066867445e-05,-0.00038985900717046365,0.0003421342065017892,0.014500975900666273,0.017702889676388948,0.0112990621249436
2015-06-24,0.015431776468829511,0.014958873510591691,0.016804467719252536,0.01563690111519664,0.01563690111519664,0.0868729259296919,2015,6,24,2,0.014468286286082394,0.015119237766433093,0.014814590619871339,0.014781256028338602,51.252769781437266,3.333459153273717e-05,-0.00030522028742982347,0.00033855487896256064,0.014468286286082394,0.017605971027616584,0.011330601544548204
2015-06-25,0.01505841504729466,0.015255532935604027,0.0166582838587217,0.01476181857308162,0.01476181857308162,0.09141161571810208,2015,6,25,3,0.014392010183441915,0.015147119895421123,0.014806471843442151,0.014779816216838083,52.123356225589575,2.6655626604067673e-05,-0.00023884510462304526,0.00026550073122711293,0.014392010183441915,0.017415598255414173,0.011368422111469656
2015-06-26,0.014526448208349585,0.014220521163894329,0.015339352180599591,0.013574934105113123,0.013574934105113123,0.16290291271110455,2015,6,26,4,0.014384969343377694,0.015142771606708703,0.01461700449908384,0.014690565690043643,55.816179990426086,-7.356119095980329e-05,-0.00020578832189039687,0.00013222713093059358,0.014384969343377694,0.0174158350587532,0.011354103628002188
2015-06-29,0.01047886782548385,0.011204483676268973,0.011664706546097914,0.010165162551002832,0.010165162551002832,0.14706833917231307,2015,6,29,0,0.014175923784368116,0.0151354279434661,0.013932105737840608,0.014355350642707286,45.0106330865211,-0.0004232449048666778,-0.00024927963848565306,-0.00017396526638102476,0.014175923784368116,0.01774672507314077,0.010605122495595462
2015-06-30,0.01081259276130453,0.010426576739569982,0.011651109312302815,0.00982652496616171,0.00982652496616171,0.17289542525951876,2015,6,30,1,0.013862941344330526,0.015045545517984944,0.013300477926813086,0.01401988207407428,31.10695936478278,-0.0007194041472611944,-0.0003433045402407613,-0.0003760996070204331,0.013862941344330526,0.01780661072000726,0.009919271968653793
2015-07-01,0.010386351853493403,0.010241988652895662,0.010879473093049319,0.010272444836895656,0.010272444836895656,0.14921289320675535,2015,7,1,2,0.013553312020553997,0.014974010314709992,0.012834626682210405,0.013742294130579567,34.82291419063472,-0.0009076674483691621,-0.0004561771218664415,-0.0004514903265027206,0.013553312020553997,0.017607624741649668,0.009498999299458327
2015-07-02,0.009180346684044521,0.009899182206214746,0.011848276000948288,0.01079548537579969,0.01079548537579969,0.08218633586304433,2015,7,2,3,0.01333035242046513,0.014876858657724056,0.012520912635070294,0.013524012000595872,39.201926188257126,-0.001003099365525579,-0.000565561570598269,-0.00043753779492730995,0.01333035242046513,0.017480042056318937,0.009180662784611325
2015-07-06,0.008658285662386161,0.010096961748654626,0.011141219843604472,0.010614435202719735,0.010614435202719735,0.08630905611891182,2015,7,6,0,0.013154834336007077,0.014725029177911776,0.01222760841470867,0.01330848779334579,44.096826827812556,-0.0010808793786371198,-0.0006686251322060391,-0.00041225424643108065,0.013154834336007077,0.017457185509790297,0.008852483162223857
2015-07-07,0.009857689156405142,0.010403503228735705,0.009842684016174968,0.011338629189477534,0.011338629189477534,0.11558406744252689,2015,7,7,1,0.013124491668111271,0.014466912651713673,0.012090842380057726,0.0131625723412074,45.87833367746387,-0.0010717299611496742,-0.0007492460979947661,-0.00032248386315490804,0.013124491668111271,0.017471086888399105,0.008777896447823438
2015-07-08,0.009170427650190383,0.009267627252521837,0.010158812903293513,0.008592701564431732,0.008592701564431732,0.08780654643606547,2015,7,8,2,0.01295919956565125,0.014208480293546967,0.01155266686996142,0.012824063394779574,36.204242034642355,-0.0012713965248181535,-0.0008536761833594438,-0.00041772034145870973,0.01295919956565125,0.017732568030300253,0.008185831101002246
2015-07-09,0.009854385014548328,0.009609108620437679,0.011600119685571286,0.009883528948434028,0.009883528948434028,0.13824054131501834,2015,7,9,3,0.012690809783243245,0.013987196748671483,0.011295876420495668,0.012606246028383608,30.630015679429093,-0.00131036960788794,-0.0009450148682651431,-0.00036535473962279695,0.012690809783243245,0.01752477343865656,0.007856846127829931
2015-07-10,0.010901804591438191,0.01250648893048975,0.01336776007893084,0.013051906977333022,0.013051906977333022,0.14881541120899233,2015,7,10,4,0.012615707824502997,0.013860126349417228,0.011566034967701413,0.01263925795052801,43.548414380313496,-0.0010732229828265966,-0.0009706564911774339,-0.00010256649164916269,0.012615707824502997,0.017373870449191534,0.00785754519981446
2015-07-13,0.013079220858503049,0.01730247637575741,0.01569629316495405,0.018557166645794487,0.018557166645794487,0.17190634214880615,2015,7,13,0,0.012854089881835392,0.013921884306900906,0.01264159368740804,0.013077621557584787,56.356430548530795,-0.0004360278701767469,-0.0008637307669772966,0.0004277028968005497,0.012854089881835392,0.018289395418413713,0.00741878434525707
2015-07-14,0.017665369755743704,0.023479261818529107,0.020560703555141585,0.023435469681566012,0.023435469681566012,0.26781967258575906,2015,7,14,1,0.013422385923169333,0.01407745334451034,0.014302189994201573,0.013844869566768581,63.2145535941791,0.0004573204274329924,-0.0005995205280952389,0.0010568409555282313,0.013422385923169333,0.02060742858637008,0.006237343259968585
2015-07-15,0.0220830140265712,0.023694834334038073,0.02398719967288318,0.023140424955065353,0.023140424955065353,0.13290688753108218,2015,7,15,2,0.013960004689065369,0.014207809469127896,0.01566191844971908,0.014533429225160934,64.67347774797909,0.0011284892245581445,-0.0002539185775645622,0.0013824078021227068,0.013960004689065369,0.02233047575882591,0.005589533619304827
2015-07-16,0.023731787421398948,0.028367879521148942,0.026778031909321987,0.029721934024619534,0.029721934024619534,0.4087131751416607,2015,7,16,3,0.014808090973983678,0.014536717149445218,0.017824997768934533,0.01565850365475046,73.91724401431296,0.0021664941141840734,0.00023016396078516489,0.0019363301533989086,0.014808090973983678,0.025718459111913873,0.003897722836053481
2015-07-17,0.05144692931625108,0.05928242858010041,0.05397249949946881,0.06092961941402886,0.06092961941402886,0.9999999999999999,2015,7,17,4,0.017091334823380728,0.015533901269397745,0.024456478022025968,0.01901191963691923,88.62816008881296,0.005444558385106737,0.0012730428456494793,0.004171515539457257,0.017091334823380728,0.040433839252586215,-0.006251169605824763
2015-07-20,0.05483037718589964,0.05744050317235724,0.05669535236554915,0.05760702016547556,0.05760702016547556,0.5097105776430242,2015,7,20,0,0.019209119601824802,0.016421181362840022,0.02955656142871052,0.021870815972367848,88.75438335293775,0.007685745456342673,0.002555583367788118,0.005130162088554555,0.019209119601824802,0.04871943647978708,-0.010301197276137479
2015-07-21,0.05349880801760862,0.058798557280610314,0.057133856356823415,0.05736562664026426,0.05736562664026426,0.2801231269816326,2015,7,21,1,0.021289688511357995,0.01725320789390556,0.033834879153564944,0.02450006120702684,88.89561517480817,0.009334817946538104,0.003911430283538115,0.005423387662999988,0.021289688511357995,0.055298934516027076,-0.01271955749331109
2015-07-22,0.05537553415913707,0.06065760323339256,0.05873153812636139,0.05729855760948108,0.05729855760948108,0.3311579667409249,2015,7,22,2,0.023328514627097126,0.018100790926398328,0.0374446758390905,0.026929579459060486,88.71591159148585,0.010515096380030016,0.005232163502836496,0.00528293287719352,0.023328514627097126,0.060842747051902506,-0.014185717797708254
2015-07-23,0.05550109815797927,0.05570998326735366,0.052612769321344566,0.051323908603404994,0.051323908603404994,0.24794557269760864,2015,7,23,3,0.02511286500150754,0.018873540021462624,0.03957994241821581,0.028736566803086006,80.61804261580974,0.010843375615129804,0.006354405925295157,0.004488969689834647,0.02511286500150754,0.06443785853730542,-0.014212128534290349
2015-07-24,0.0507860811200396,0.050614046773671845,0.046330847308020645,0.04437693299558401,0.04437693299558401,0.3030938889453786,2015,7,24,4,0.02659362072263266,0.019503460244319027,0.04031794096858015,0.029895112446974747,73.14090696379196,0.010422828521605403,0.007168090444557206,0.003254738077048197,0.02659362072263266,0.06650343802749129,-0.013316196582225971
2015-07-27,0.042195318900639045,0.04604218882021682,0.04564419379998633,0.04561747537040384,0.04561747537040384,0.21525036743975373,2015,7,27,0,0.028195747785897195,0.020099316614722248,0.0411332539534761,0.031059731922784307,73.32968297565424,0.01007352203069179,0.007749176761784124,0.002324345268907667,0.028195747785897195,0.06847596058282274,-0.012084465011028347
2015-07-28,0.04610412532551911,0.04555764509269669,0.046599406272707145,0.04586557445758105,0.04586557445758105,0.12761020881670534,2015,7,28,1,0.029980768381226108,0.020730645407925213,0.04186130326179994,0.03215646099943592,76.26021365515744,0.009704842262364018,0.008140309861900102,0.001564532400463916,0.029980768381226108,0.07006029098912522,-0.010098754226673012
2015-07-29,0.04477256276551175,0.045732337939438955,0.04637504511647153,0.04718321738388506,0.04718321738388506,0.1135411948493728,2015,7,29,2,0.03184860300211227,0.0213987205465902,0.042680059280582265,0.03326955406495067,76.26918039779352,0.009410505215631595,0.0083943489326464,0.001016156282985195,0.03184860300211227,0.07145243915309778,-0.0077552331488732335
2015-07-30,0.045169053180044244,0.04634544067689611,0.046171093408162334,0.04740449422319859,0.04740449422319859,0.10421423355302686,2015,7,30,3,0.03370520547142742,0.022037291078493882,0.04340689542560016,0.034316586669265334,75.24141946773554,0.009090308756334826,0.008533540897384086,0.0005567678589507401,0.03370520547142742,0.07252386329098763,-0.005113452348132791
2015-07-31,0.045625024756282856,0.04558401481936444,0.0473438480243705,0.04506425980265316,0.04506425980265316,0.1256505301300598,2015,7,31,4,0.03541864419277009,0.022616249432742982,0.04366187456053139,0.03511271060507184,70.42683232463492,0.00854916395545955,0.00853666550899918,1.2498446460370086e-05,0.03541864419277009,0.07298451426048558,-0.0021472258749453896
2015-08-03,0.043629323074774684,0.04563213957053311,0.04728945908919022,0.04694181044754986,0.04694181044754986,0.0885275602924728,2015,8,3,0,0.037235012955011595,0.023211032645009184,0.044166480081611156,0.03598894022303317,68.9927907019332,0.008177539858577984,0.00846484037891494,-0.00028730052033695656,0.037235012955011595,0.07323128465827072,0.0012387412517524676
2015-08-04,0.04464699876666958,0.04621028923529216,0.04790813322686607,0.04628467208045128,0.04628467208045128,0.10575794270712971,2015,8,4,1,0.03898231509956029,0.023808766304540388,0.0444923557737404,0.03675158702728636,68.59143950259939,0.0077407687464540395,0.00832002605242276,-0.0005792573059687205,0.03898231509956029,0.07302543738511391,0.004939192814006656
2015-08-05,0.046599739995755646,0.05051187067526594,0.04994772509474396,0.05115625614313296,0.05115625614313296,0.18371987687301836,2015,8,5,2,0.041110492828495354,0.024556168241262256,0.045517571215185404,0.037818599554386115,67.70423739825114,0.007698971660799289,0.008195815174098066,-0.000496843513298777,0.041110492828495354,0.07236170165330963,0.009859284003681072
2015-08-06,0.05012526596524669,0.049694072934550276,0.04963837442867225,0.050787450235007164,0.050787450235007164,0.11331010066462688,2015,8,6,3,0.04315568889282401,0.025246103377824913,0.04632832183361952,0.038779255160358045,32.92308880416991,0.0075490666732614745,0.008066465473930747,-0.0005173988006692727,0.04315568889282401,0.0709666842362322,0.015344693549415811
2015-08-07,0.048549196907836045,0.04880441109623332,0.048774956881301984,0.04831309786958127,0.04831309786958127,0.09771586507797117,2015,8,7,4,0.044918748437436415,0.025886618522698718,0.046633671992998255,0.039485465731411616,33.8911826551291,0.0071482062615866385,0.007882813631461925,-0.0007346073698752866,0.044918748437436415,0.0689015846115739,0.020935912263298925
2015-08-10,0.04830138626857591,0.04905493668444039,0.04929811045156743,0.047786724666380176,0.047786724666380176,0.13518085430898216,2015,8,10,0,0.046380226338465703,0.026568037997898367,0.04681106471198009,0.04010037380066855,33.55965028862951,0.006710690911311545,0.007648389087431849,-0.0009376981761203039,0.046380226338465703,0.06691344454459326,0.025847008132338145
2015-08-11,0.05812128265042296,0.05942481851167469,0.05712366523009399,0.05685599722529208,0.05685599722529208,0.4328301642617465,2015,8,11,1,0.04805125271565201,0.02741823646778032,0.048356438944797325,0.0413415310913814,49.41973748877924,0.007014907853415922,0.007521692840628664,-0.0005067849872127418,0.04805125271565201,0.06599910302874709,0.03010340240255694
2015-08-12,0.05609914783406034,0.05616157142897074,0.05645058176138712,0.056446957945370746,0.056446957945370746,0.2394043316293989,2015,8,12,2,0.049716579365167275,0.028225452151349466,0.049601134175654774,0.04246045159908432,57.86494368123833,0.0071406825765704535,0.0074454907878170225,-0.000304808211246569,0.049716579365167275,0.0636681315609174,0.03576502716941716
2015-08-13,0.0548574513242743,0.05599674745243388,0.056236778857193415,0.05540422294298372,0.05540422294298372,0.13531951081982974,2015,8,13,3,0.05100069381108548,0.029004235983960614,0.05049391706293615,0.043419249476410196,70.67773469966158,0.007074667586525953,0.007371326147558808,-0.0002966585610328556,0.05100069381108548,0.0615053498229458,0.040496037799225164
2015-08-14,0.053432711963905144,0.0544656551977869,0.05657636297260846,0.055628865974404085,0.055628865974404085,0.06704504487849067,2015,8,14,4,0.050735656139104246,0.029811719755897158,0.05128390920316199,0.04432366551329864,69.5163341347285,0.006960243689863352,0.007289109656019718,-0.0003288659661563661,0.050735656139104246,0.06042106083677432,0.04105025144143417
2015-08-17,0.05402415335627267,0.0549683412972545,0.056093667971500255,0.05688615884301482,0.05688615884301482,0.06515931633096383,2015,8,17,0,0.05069961307298121,0.030666946994919835,0.05214579376313935,0.0452542205747591,70.67035895134623,0.006891573188380254,0.0072096023624918255,-0.00031802917411157157,0.05069961307298121,0.060282169732425395,0.04111705641353702
2015-08-18,0.0557092723115252,0.05583195643805536,0.056848314447126846,0.0552969406570909,0.0552969406570909,0.10254111165546631,2015,8,18,1,0.05059617877382254,0.031533976157113786,0.052630585592978056,0.04599812576604294,65.06473983919815,0.006632459826935118,0.007094173855380485,-0.00046171402844536694,0.05059617877382254,0.05991685554590741,0.04127550200173767
2015-08-19,0.05395808373570404,0.05682080141080145,0.05709645716527004,0.05689621048040175,0.05689621048040175,0.16521385455856388,2015,8,19,2,0.05057606141736857,0.032433929494449176,0.05328683557565862,0.04680539130043988,66.76536783041661,0.0064814442752187396,0.006971627939348136,-0.0004901836641293964,0.05057606141736857,0.05983737594112356,0.04131474689361358
2015-08-20,0.0535813917391775,0.055499045231306526,0.05325864472522748,0.052178854342936315,0.052178854342936315,0.23187990497407124,2015,8,20,3,0.05061880870434514,0.03317248008937602,0.053116376924470576,0.04720342559988406,61.59309107938662,0.005912951324586517,0.006759892616395812,-0.000846941291809295,0.05061880870434514,0.05990252245761739,0.04133509495107289
2015-08-21,0.04840050391599626,0.047937506332030616,0.04286696559595948,0.04066206507758616,0.04066206507758616,0.3622077814033888,2015,8,21,4,0.05043306530844525,0.033694642467884985,0.05120032894802682,0.04671888037601014,42.21336473824874,0.004481448572016683,0.006304203807519986,-0.0018227552355033032,0.05043306530844525,0.06036838867195653,0.04049774194493397
2015-08-24,0.026335444596274904,0.034515315458139434,0.02679503525018273,0.03299424155842837,0.03299424155842837,0.5013357243878315,2015,8,24,0,0.04980190361784648,0.03407873678907061,0.048399392426550135,0.04570224046359667,35.96117523178566,0.002697151962953462,0.005582793438606681,-0.0028856414756532195,0.04980190361784648,0.062298900771626045,0.03730490646406691
2015-08-25,0.040183109726414284,0.04048805854838769,0.03225431782028779,0.03046290532741608,0.03046290532741608,0.29498710494449115,2015,8,25,1,0.04903177016133822,0.034446603918521196,0.045639932872837206,0.044573400823879596,27.00447898792214,0.0010665320489576108,0.004679541160676867,-0.0036130091117192566,0.04903177016133822,0.06416953062731501,0.03389400969536144
2015-08-26,0.038676414431429024,0.04518847551177968,0.03835267037876133,0.04607344687852469,0.04607344687852469,0.35949935755816637,2015,8,26,2,0.04897628163607021,0.035120311863348797,0.04570662733525067,0.044684515346445894,46.087057582230045,0.0010221119888047733,0.003948055326302448,-0.002925943337497675,0.04897628163607021,0.06415066421358,0.03380189905856042
2015-08-27,0.04827493991715409,0.04910437992194244,0.04615409006730162,0.049087603687769404,0.049087603687769404,0.2906702655734371,2015,8,27,3,0.04906043710929875,0.035846859770579116,0.046226777543330475,0.04501067003839578,50.63718224464771,0.0012161075049346923,0.0034016657620288973,-0.002185558257094205,0.04906043710929875,0.06421677464388145,0.03390409957471605
2015-08-28,0.04610082779194602,0.046892612505252174,0.0470243198288032,0.04666352962596401,0.04666352962596401,0.15084904003475658,2015,8,28,4,0.0491404006004643,0.03647483551457664,0.04629397017142794,0.045133104081919354,49.10393214488158,0.0011608660895085846,0.002953505827524835,-0.0017926397380162505,0.0491404006004643,0.06422466946898446,0.03405613173194414
2015-08-31,0.044356240891554766,0.046536627787669066,0.044685595616050566,0.042596612999193234,0.042596612999193234,0.1691516994666346,2015,8,31,0,0.04892314072804646,0.03702174128262862,0.04572514599108414,0.04494521585356927,37.63734228971081,0.0007799301375148726,0.002518790689522843,-0.0017388605520079702,0.04892314072804646,0.06426373266839511,0.033582548787697813
2015-09-01,0.0360364050878445,0.03897510207325647,0.03667001949523788,0.035736823108053206,0.035736823108053206,0.31015612723121433,2015,9,1,1,0.04839574827942656,0.03742139277579768,0.0441884809321563,0.04426311268723474,33.85097685218544,-7.463175507844283e-05,0.002000106200602586,-0.0020747379556810288,0.04839574827942656,0.06480620684965839,0.03198528970919473
2015-09-02,0.03710363629930774,0.03946293542417842,0.03857703153499692,0.04128566892929317,0.04128566892929317,0.206025087584696,2015,9,2,2,0.047902218918734564,0.037916665448489574,0.04374189447017736,0.04404256129775758,39.71371529055116,-0.0003006668275802246,0.0015399515949660238,-0.0018406184225462485,0.047902218918734564,0.06455502879642858,0.03124940904104056
2015-09-03,0.04087366876620213,0.04123300991918363,0.039634556393408765,0.03857327581963893,0.03857327581963893,0.13059594568362282,2015,9,3,3,0.04729151019796615,0.03837539294257842,0.042946722370094524,0.04363742904011917,38.008579514676136,-0.0006907066700246461,0.00109381994196789,-0.0017845266119925361,0.04729151019796615,0.06438873485223323,0.030194285543699066
2015-09-04,0.035256627609639324,0.03587995540562783,0.03706094676546315,0.03671248237409511,0.03671248237409511,0.16104491546574723,2015,9,4,4,0.04671147942319184,0.03881440621859869,0.04198760852455615,0.04312447002782109,35.93567198152121,-0.0011368615032649396,0.000647683652921324,-0.0017845451561862636,0.04671147942319184,0.0644382961944984,0.028984662651885287
2015-09-08,0.03938350078878458,0.040112296535803726,0.040076119762286866,0.0413929646263099,0.0413929646263099,0.17865429234338748,2015,9,8,1,0.046391791421188336,0.03937076682902262,0.04189612484790288,0.04299621036844989,40.707211359840166,-0.001100085520547009,0.0002981298182276574,-0.0013982153387746663,0.046391791421188336,0.06426695263471625,0.028516630207660418
2015-09-09,0.04226802323805612,0.04347773290177692,0.041938947590828834,0.04074252511561527,0.04074252511561527,0.1252807794344663,2015,9,9,2,0.04558611781570449,0.03998231408031487,0.041718647966012476,0.042829270720091774,39.06491659188982,-0.0011106227540792976,1.6379303766266386e-05,-0.001127002057845564,0.04558611781570449,0.06291974198471767,0.02825249364669132
2015-09-10,0.03958506005033319,0.0426998259650779,0.042561027835570364,0.043635968398349434,0.043635968398349434,0.14406411477061593,2015,9,10,3,0.04494556833835343,0.040658502948958626,0.04201362034021817,0.04288902610366642,44.07055536463014,-0.0008754057634482518,-0.00016197770967663725,-0.0007134280537716145,0.04494556833835343,0.06151947404470232,0.02837166263200453
2015-09-11,0.04178230116853884,0.04323381293010012,0.04459720679776569,0.04511790429838056,0.04511790429838056,0.0949057597914606,2015,9,11,4,0.044431252406123264,0.041355412138188316,0.04249120248762777,0.04305412819216377,53.59324648172244,-0.0005629257045359978,-0.00024216730864850937,-0.00032075839588748846,0.044431252406123264,0.060260299590968264,0.028602205221278265
2015-09-14,0.04374827218161953,0.043260176064336214,0.045280467795968116,0.044269657415253155,0.044269657415253155,0.12529926696924598,2015,9,14,0,0.04386329197816572,0.04202489557897739,0.042764810938031673,0.04314416739387409,60.21631215325946,-0.00037935645584241673,-0.00026960513808729086,-0.00010975131775512587,0.04386329197816572,0.05879007449584002,0.028936509460491425
2015-09-15,0.044078679759016,0.04749251719451211,0.046759160172565456,0.04825946007941587,0.04825946007941587,0.1606197021658147,2015,9,15,1,0.04343195703998577,0.04277779607651131,0.04361014157516771,0.04352307796317348,65.70971908715015,8.70636119942314e-05,-0.00019827138807098642,0.00028533500006521786,0.04343195703998577,0.057230143103715644,0.0296337709762559
2015-09-16,0.046976418775714734,0.04724530100700183,0.04966216958781364,0.04854109368198464,0.04854109368198464,0.08686368216230206,2015,9,16,2,0.043094164691230466,0.043521845366361465,0.04436874959160109,0.04389478283123357,52.98652913050775,0.0004739667603675182,-6.38237583832855e-05,0.0005377905187508037,0.043094164691230466,0.05596923710724845,0.030219092275212484
2015-09-17,0.04774297968649274,0.05151389391891423,0.050579982868981105,0.050861218122194296,0.050861218122194296,0.17821059150867527,2015,9,17,3,0.042792415073320086,0.0443672156975167,0.04536759090400004,0.044410815075008436,52.18323673953121,0.0009567758289916045,0.00014029615909169252,0.000816479669899912,0.042792415073320086,0.05453890543879113,0.031045924707849046
2015-09-18,0.047412565500812576,0.04792103184529492,0.0478605429085833,0.04628467208045128,0.04628467208045128,0.4424621698819571,2015,9,18,4,0.042497705960195836,0.04509523856015705,0.04550868031576177,0.04454961929763383,49.55711339430383,0.0009590610181279338,0.0003040491308989408,0.000655011887228993,0.042497705960195836,0.05352645994019106,0.03146895198020061
2015-09-21,0.04662286898875326,0.04676405349531518,0.04749342439473325,0.04836003680334275,0.04836003680334275,0.13326739445928582,2015,9,21,0,0.04288260454648367,0.045801401156677246,0.04594735054462038,0.044831872446204867,57.06651078394371,0.001115478098415515,0.00046633492440225564,0.0006491431740132593,0.04288260454648367,0.054175761535503394,0.03158944755746394
2015-09-22,0.04417781062300377,0.04381724972505602,0.043920744416460794,0.04408525446119027,0.04408525446119027,0.20485112912618667,2015,9,22,1,0.043437155191621765,0.04631196291298516,0.04566087422409267,0.04477656741027786,60.92874411889195,0.0008843068138148155,0.0005499293022847676,0.0003343775115300479,0.043437155191621765,0.05373083481679293,0.0331434755664506
2015-09-23,0.04254226701217065,0.04427212751007495,0.04547422837754794,0.04397460598319053,0.04397460598319053,0.10390918922916223,2015,9,23,2,0.04411274022441049,0.046722745639017654,0.045401448340876956,0.04471716286012324,54.10441566470378,0.0006842854807537144,0.000576800537978557,0.00010748494277515734,0.04411274022441049,0.05239891935983781,0.03582656108898317
2015-09-24,0.040754726267640984,0.04374142357602287,0.04289076075510087,0.045127969346891394,0.045127969346891394,0.17501224799179152,2015,9,24,3,0.044065466347828826,0.047162496526854183,0.04535937464949456,0.04474759297025421,60.50512230314169,0.0006117816792403502,0.0005837967662309157,2.7984913009434544e-05,0.044065466347828826,0.05231525429222138,0.035815678403436274
2015-09-25,0.04509306452562151,0.04454900964008643,0.0424148439750395,0.04049105983633117,0.04049105983633117,0.168902117747109,2015,9,25,4,0.04363563915525691,0.047377879043088406,0.04461040313977711,0.04443229421959325,55.561029420907744,0.00017810892018386287,0.0005026591970215051,-0.0003245502768376423,0.04363563915525691,0.051676845473427525,0.03559443283708629
2015-09-28,0.03867311028957221,0.03955028514376538,0.035065545907419254,0.03476450991743227,0.03476450991743227,0.2570599273439883,2015,9,28,0,0.043040688169830324,0.04685457685315647,0.04309565033633945,0.04371616204906281,40.536130308497945,-0.0006205117127233636,0.00027802501507253143,-0.0008985367277958951,0.043040688169830324,0.05186158710056326,0.03421978923909739
2015-09-29,0.0343579010245893,0.03638427642814879,0.03535108781711577,0.03479134557641991,0.03479134557641991,0.1814274225603387,2015,9,29,1,0.042650424798691654,0.04639826336137537,0.04181806498865952,0.04305506453257074,41.349070796555154,-0.0012369995439112241,-2.4979896724219706e-05,-0.0012120196471870045,0.042650424798691654,0.05221348493140192,0.03308736466598139
2015-09-30,0.03634038613867027,0.037623653581533634,0.038923767795388226,0.03930082929294168,0.03930082929294168,0.19103169687837976,2015,9,30,2,0.04282862510793608,0.04603696741442891,0.041430797958549086,0.04277697303333896,43.981017785863955,-0.0013461750747898737,-0.0002892189323373505,-0.0010569561424525233,0.04282862510793608,0.05197289982458975,0.03368435039128241
2015-10-01,0.038022200952066015,0.038721293454079264,0.038624621853279695,0.04026308414061369,0.04026308414061369,0.14057921446464722,2015,10,1,3,0.04277749586850211,0.04569625794505156,0.041251149678866714,0.04259075904128524,43.16078912511069,-0.0013396093624185243,-0.0004992970183535853,-0.000840312344064939,0.04277749586850211,0.051969407222891735,0.03358558451411248
2015-10-02,0.03763561635482024,0.043748029192553134,0.039739595024475716,0.045500128036000176,0.045500128036000176,0.21611928157439847,2015,10,2,4,0.043123838479320165,0.04557978233370347,0.041904838656887246,0.04280626785570857,51.54266446652729,-0.0009014291988213227,-0.0005797234544471328,-0.00032170574437418993,0.043123838479320165,0.05216958838296828,0.03407808857567205
2015-10-05,0.04582988155140458,0.04891319940360114,0.04785374429168579,0.05038178385275463,0.05038178385275463,0.13466320333515128,2015,10,5,0,0.043807303553253144,0.04569987935084688,0.04320898407163608,0.04336741718882309,52.60259675842655,-0.0001584331171870096,-0.0004954653869951081,0.0003370322698080985,0.043807303553253144,0.05287896390794757,0.034735643198558715
2015-10-06,0.04808990797317317,0.05097004467611832,0.05109328524336201,0.05171281778630463,0.05171281778630463,0.16819034765809154,2015,10,6,1,0.04432329621125288,0.045821786199164896,0.04451726618158508,0.04398559501085876,53.79187850058064,0.0005316711707263194,-0.0002900380754508226,0.000821709246177142,0.04432329621125288,0.05397234314460414,0.03467424927790162
2015-10-07,0.051526235329098,0.051417980630591914,0.04960438814280149,0.05068016794911434,0.05068016794911434,0.16138693485917122,2015,10,7,2,0.04482017835292783,0.04591807806899556,0.04546540491505112,0.044481489302581396,49.77667493796525,0.0009839156124697226,-3.524733786671358e-05,0.0010191629503364362,0.04482017835292783,0.05471323350689721,0.034927123198958444
2015-10-08,0.04892256493765465,0.04938784789118919,0.04736424387506313,0.04960727803456652,0.04960727803456652,0.16965086290568585,2015,10,8,3,0.04511874383473869,0.04596655928200919,0.046102616164207334,0.04486117735680251,54.486192847442275,0.001241438807404821,0.00022008989118759334,0.0010213489162172278,0.04511874383473869,0.055219558909034995,0.035017928760442386
2015-10-09,0.048473195036845884,0.049895465129543654,0.050681289059371276,0.051099265571984576,0.051099265571984576,0.12034460764829313,2015,10,9,4,0.04541781189841889,0.04604045470898491,0.046871331457711524,0.04532325796533452,53.757712490532136,0.0015480734923770043,0.00048568661142547556,0.0010623868809515288,0.04541781189841889,0.05586672032738087,0.03496890346945691
2015-10-12,0.04916376068491743,0.05072280871131302,0.05193631373865659,0.052125216552770914,0.052125216552770914,0.08581913644725045,2015,10,12,0,0.04581058985529478,0.04618167384398727,0.047679621472336044,0.045827106749589064,62.10864748011663,0.0018525147227469799,0.0007590522336897764,0.0010934624890572035,0.04581058985529478,0.056660659396248855,0.0349605203143407
2015-10-13,0.04951400633002215,0.053792238303008916,0.05334363423506358,0.054012845657302355,0.054012845657302355,0.13504219779813462,2015,10,13,1,0.0460982591341891,0.046323094548182314,0.04865396365463855,0.04643345777979004,64.35008485422941,0.0022205058748485107,0.0010513429619215232,0.0011691629129269875,0.0460982591341891,0.05751213808684928,0.03468438018152892
2015-10-14,0.05283796642968083,0.054312400938825556,0.05528124005086152,0.05363060850855886,0.05363060850855886,0.09878814209519232,2015,10,14,2,0.04635273487551782,0.04647001327674447,0.04941960132447244,0.04696658005599514,62.4289012794732,0.0024530212684773026,0.0013316786232326792,0.0011213426452446234,0.04635273487551782,0.058214106891254405,0.03449136285978123
2015-10-15,0.05331708021548451,0.055545192252975134,0.05718824529200367,0.05717787090521839,0.05717787090521839,0.14225233636220777,2015,10,15,3,0.04666856751466902,0.046590445571986175,0.050613181259971815,0.04772297197075242,75.19489189749058,0.002890209289219396,0.0016433847564300227,0.0012468245327893735,0.04666856751466902,0.05934386331905676,0.03399327171028128
2015-10-16,0.056439494270162066,0.05615168937390197,0.05811966260558307,0.05733209212487267,0.05733209212487267,0.11686895110971426,2015,10,16,4,0.04722093851689009,0.04672133840978348,0.05164685985457195,0.048434758648835396,90.96770643792136,0.0032121012057365547,0.001957128046291329,0.0012549731594452256,0.04722093851689009,0.06075927352015184,0.03368260351362834
2015-10-19,0.05547135427298433,0.056761482710662337,0.058928691217773055,0.05863967000266587,0.05863967000266587,0.10450079034211182,2015,10,19,0,0.047734920176856245,0.04692786985244518,0.05272267680043256,0.0491906780083784,91.36904173383166,0.00353199879205416,0.0022721021954438952,0.0012598965966102646,0.047734920176856245,0.06220388722644564,0.03326595312726685
2015-10-20,0.056416352060597,0.056069277385633554,0.05369886196795984,0.053335570487620165,0.053335570487620165,0.19887041162496186,2015,10,20,1,0.04819743597817774,0.04703884676886998,0.052816968136922965,0.049497707080914825,73.69253004978044,0.0033192610560081395,0.002481533967556744,0.0008377270884513954,0.04819743597817774,0.06276622809137139,0.03362864386498409
2015-10-21,0.05314855576422023,0.053152119780580626,0.052860912039487756,0.05076399417925037,0.05076399417925037,0.1335077324114216,2015,10,21,2,0.048536905387980736,0.04691700670794914,0.052501125989588726,0.04959150612523598,66.81339196332759,0.0029096198643527443,0.002567151146915944,0.00034246871743680036,0.048536905387980736,0.0630074651960658,0.034066345579895664
2015-10-22,0.05068696347261928,0.053788289436440456,0.05363596796304074,0.05384184041604739,0.05384184041604739,0.34425638513232454,2015,10,22,3,0.04897259894143853,0.04686490435736269,0.05270738974750544,0.04990634570233312,64.34831272241928,0.00280104404517232,0.0026139297265672192,0.00018711431860510058,0.04897259894143853,0.06353542937609952,0.03440976850677754
2015-10-23,0.07738443628386021,0.07758697434652784,0.07317859903362689,0.07067614032037511,0.07067614032037511,0.5830136530444348,2015,10,23,4,0.05048185296564073,0.04717034270491051,0.05547181291256231,0.05144484900737327,74.73638732697593,0.004026963905189043,0.002896536562291584,0.0011304273428974594,0.05048185296564073,0.06740839016477901,0.03355531576650245
2015-10-26,0.06881018155717628,0.07401058016721254,0.07309700883223957,0.07429045163113199,0.07429045163113199,0.21905879960436675,2015,10,26,0,0.052458150051325717,0.04754357441804506,0.05836698810003457,0.05313711586839243,76.06843787468054,0.0052298722316421395,0.0033632036961616946,0.0018666685354804449,0.052458150051325717,0.07082637712035492,0.03408992298229651
2015-10-27,0.07073649625969161,0.07218777281130342,0.07421538811050121,0.07285210858944133,0.07285210858944133,0.17553914273301227,2015,10,27,1,0.05436118820197677,0.04786289341297359,0.060595468175327925,0.05459748569958124,75.36241444355949,0.005997982475746684,0.003890159452078693,0.002107823023667991,0.05436118820197677,0.07290829674283558,0.035814079661117965
2015-10-28,0.07071998876697502,0.07197680181309801,0.07371567617129848,0.07434744220228037,0.07434744220228037,0.16935506234921105,2015,10,28,2,0.05611351884744372,0.048243903443877384,0.06271115648716677,0.05606044544052192,78.0293042485889,0.006650711046644851,0.004442269770991925,0.002208441275652926,0.05611351884744372,0.07528147484862463,0.036945562846262804
2015-10-29,0.07176740834386486,0.07371720377317034,0.07607140372491189,0.07567850966364018,0.07567850966364018,0.10253186788807647,2015,10,29,3,0.05788429012359504,0.04861954942754215,0.06470613389893191,0.05751363538297512,77.94889977209328,0.007192498515956797,0.0049923155199848995,0.002200182995971897,0.05788429012359504,0.0774266329179844,0.038341947329205685
2015-10-30,0.07349545471012098,0.07363152853122679,0.07608499416009004,0.07362996048305043,0.07362996048305043,0.1443876466292602,2015,10,30,4,0.059290781745947554,0.04904857155034443,0.06607903029648861,0.05870743724223995,73.89715804980773,0.007371593054248657,0.005468171026837651,0.0019034220274110059,0.059290781745947554,0.07912713492190154,0.03945442856999356
2015-11-02,0.07195243367956206,0.07482475207051137,0.0746572914102242,0.07708331818993924,0.07708331818993924,0.1423077989665468,2015,11,2,0,0.060625858462806784,0.04977699661259149,0.06777199766471179,0.06006861360873619,74.77494785772373,0.007703384055975593,0.0059152136326652395,0.0017881704233103533,0.060625858462806784,0.08150440359576422,0.03974731332984934
2015-11-03,0.07452966432786734,0.07582348569075786,0.07767247800428173,0.07743537360427416,0.07743537360427416,0.11264454941255858,2015,11,3,1,0.06191198625370527,0.05066581925350841,0.06925867088618293,0.06135504027507234,75.58007269346116,0.007903630611110588,0.00631289702835431,0.0015907335827562777,0.06191198625370527,0.08363088335630031,0.04019308915111022
2015-11-04,0.07556714504605189,0.07860879466247195,0.08011318826911437,0.07943025817245059,0.07943025817245059,0.12570599273439884,2015,11,4,2,0.06334949076487208,0.05164516631040911,0.07082353046868564,0.06269394530450777,74.73723051601229,0.008129585164177874,0.006676234655519023,0.001453350508658851,0.06334949076487208,0.08573384882851501,0.04096513270122915
2015-11-05,0.07803534562136641,0.08071178036422602,0.08268645116759815,0.08048303810666257,0.08048303810666257,0.14002458842125698,2015,11,5,3,0.06489327876847686,0.05233335813497186,0.07230960856683594,0.06401165588244516,75.23204351328368,0.008297952684390777,0.0070005782612933744,0.001297374423097403,0.06489327876847686,0.08754430158220641,0.042242255954747315
2015-11-06,0.07870609963486458,0.07937022711243527,0.0818502144905843,0.08132458613338603,0.08132458613338603,0.10767140255682606,2015,11,6,4,0.06640454479654695,0.052978097783884195,0.07369652819245903,0.06529409516029264,74.9778573472703,0.008402433032166395,0.007280949215467979,0.0011214838166984167,0.06640454479654695,0.08921318362815772,0.043595905964936184
2015-11-09,0.07827654136862924,0.07913949200409237,0.07927355228365165,0.07835066269593682,0.07835066269593682,0.15927011212689843,2015,11,9,0,0.06771581710370525,0.053611840445283644,0.07441254888530177,0.0662612483110811,79.03338454874057,0.008151300574220671,0.0074550194872185175,0.0006962810870021537,0.06771581710370525,0.09007900745099748,0.04535262675641303
2015-11-10,0.07636015891653544,0.07778144448827093,0.0789574097992993,0.07950067327865473,0.07950067327865473,0.1165823943206293,2015,11,10,1,0.06899020848477286,0.05434992165087287,0.07519533725350991,0.0672419464568273,84.49093207389407,0.007953390796682613,0.0075546937491113375,0.00039869704757127585,0.06899020848477286,0.09096705411197709,0.04701336285756863
2015-11-11,0.07902329725311755,0.08121280517091353,0.08294481220693839,0.08187444221459178,0.08187444221459178,0.09424945230678217,2015,11,11,2,0.07040240017007451,0.05527267403300365,0.07622289186290712,0.06832583503147652,84.22430316027717,0.007897056831430604,0.007623166365575191,0.00027389046585541386,0.07040240017007451,0.09184688783343416,0.04895791250671487
2015-11-12,0.07854087932545706,0.08015801610420303,0.0824060218178086,0.08047633925025863,0.08047633925025863,0.13776910917813665,2015,11,12,3,0.07156732358732652,0.05605648743942296,0.07687726838403812,0.06922587238101593,69.20249438773257,0.0076513960030221845,0.00762881229306459,2.258370995759408e-05,0.07156732358732652,0.09251245936674546,0.05062218780790758
2015-11-13,0.07793622797394609,0.07796603257494525,0.0783557254052504,0.07570531179481796,0.07570531179481796,0.15979700686811918,2015,11,13,4,0.07248598457082378,0.05679912815892654,0.07669696737031194,0.06970583085611237,52.65205867062975,0.006991136514199567,0.007501277137291587,-0.0005101406230920199,0.07248598457082378,0.09238796150225133,0.05258400763939623
2015-11-16,0.07345250086598254,0.07741886074658919,0.07652012603738309,0.07971526467268825,0.07971526467268825,0.14411957737495493,2015,11,16,0,0.0735397643043249,0.0576591838048984,0.07716132080144676,0.07044727039808095,61.73335002480786,0.006714050403365812,0.007343831790506432,-0.0006297813871406202,0.0735397643043249,0.09256746868552256,0.05451205992312726
2015-11-17,0.07797587767622771,0.07819513276023476,0.08049626993543982,0.07848812671623831,0.07848812671623831,0.10760669618509719,2015,11,17,1,0.07479739211575581,0.05840108704669698,0.07736544478833778,0.07104288938461112,57.144490169181495,0.006322555403726657,0.007139576513150478,-0.0008170211094238209,0.07479739211575581,0.09136875978234872,0.0582260244491629
2015-11-18,0.07741088263528206,0.0813479500200858,0.08184681518213549,0.08341672146675425,0.08341672146675425,0.12363538883907527,2015,11,18,2,0.076430028480131,0.05925457097371975,0.07829641043117107,0.07195946953884394,61.87727858170755,0.006336940892327128,0.006979049388985808,-0.0006421084966586801,0.076430028480131,0.08897701106763287,0.06388304589262914
2015-11-19,0.08109829173090524,0.08154242016182889,0.08539229389420089,0.08288364270158721,0.08288364270158721,0.09061665172257605,2015,11,19,3,0.077882118594408,0.060039524459784506,0.07900213847277356,0.072768667550899,64.89635490777322,0.006233470921874554,0.006829933695563558,-0.0005964627736890042,0.077882118594408,0.08494616767547904,0.07081806951333695
2015-11-20,0.08367221823735374,0.086790008953577,0.08728573589463245,0.08898235130959492,0.08898235130959492,0.17244248065741674,2015,11,20,4,0.07879742914386897,0.06091681340000879,0.08053755583228453,0.07396968116265426,67.65143210696878,0.006567874669630269,0.006777521890376901,-0.00020964722074663135,0.07879742914386897,0.08663206110244792,0.07096279718529003
2015-11-23,0.08728034775326482,0.0883682305022109,0.09028391234921235,0.08877446547752732,0.08877446547752732,0.09869570442129394,2015,11,23,0,0.07952162983618874,0.06180690956125428,0.08180477270078343,0.07506633185264486,66.89305316073282,0.006738440848138572,0.006769705681929235,-3.1264833790663714e-05,0.07952162983618874,0.08823098354957346,0.07081227612280402
2015-11-24,0.08547957061645678,0.08591947835195748,0.08546029366041008,0.08619283082620866,0.08619283082620866,0.18360895166434033,2015,11,24,1,0.08018866594802712,0.06256557697619013,0.08247985856623347,0.07589051696179773,59.90181270068678,0.006589341604435736,0.006733632866430536,-0.0001442912619947995,0.08018866594802712,0.08879006932797226,0.07158726256808198
2015-11-25,0.08420419168458251,0.0848386359952992,0.08832591748133867,0.08614924467343016,0.08614924467343016,0.07166692857340937,2015,11,25,2,0.0807787560715846,0.06331773999601903,0.0830443795058022,0.07665042271821494,58.54916146483688,0.006393956787587252,0.006665697650661879,-0.00027174086307462774,0.0807787560715846,0.08931190064297241,0.0722456115001968
2015-11-27,0.08430991761571646,0.08530342879754518,0.08881201179089565,0.08685667475527314,0.08685667475527314,0.04545160425583051,2015,11,27,4,0.08133766432616626,0.06403764912868062,0.08363088646725926,0.07740644138762666,58.38072250970637,0.006224445079632601,0.006577447136456025,-0.0003530020568234234,0.08133766432616626,0.08992835887164258,0.07274696978068995
2015-11-30,0.08442554936413707,0.08580442723450604,0.08669763513714485,0.08428845122788631,0.08428845122788631,0.16183987946127323,2015,11,30,0,0.08187058886340805,0.06479772471162933,0.08373205027658649,0.07791621989431255,59.107277001292644,0.005815830382273943,0.006425123785619609,-0.0006092934033456662,0.08187058886340805,0.08974016290703034,0.07400101481978576
2015-12-01,0.08386385185676451,0.09042572183303141,0.08854345962482607,0.09248264795024519,0.09248264795024519,0.16526007339551307,2015,12,1,1,0.08264055535142335,0.06568017693456736,0.08507829607253398,0.07899521456512237,66.37346674318893,0.006083081507411603,0.006356715329978007,-0.00027363382256640444,0.08264055535142335,0.09149028682449956,0.07379082387834715
2015-12-02,0.09106358357101901,0.09273472761680904,0.09271103217886678,0.09092023860106102,0.09092023860106102,0.1741156025549773,2015,12,2,2,0.08331479860126269,0.06661687661736479,0.08597705646153814,0.07987854967889561,61.64735713586356,0.006098506782642524,0.006305073620510911,-0.00020656683786838756,0.08331479860126269,0.09254149279669123,0.07408810440583415
2015-12-03,0.0901086799661196,0.09044056139671366,0.08817975401665856,0.08762110211382645,0.08762110211382645,0.20741165269317163,2015,12,3,3,0.08372434079833149,0.06748980653997749,0.08622998656189018,0.08045207208148308,58.77023825790058,0.005777914480407098,0.006199641792490149,-0.0004217273120830506,0.08372434079833149,0.09295217691134963,0.07449650468531335
2015-12-04,0.08584303282898867,0.0902741090895551,0.08966523821153649,0.09240552728207507,0.09240552728207507,0.22282101293203055,2015,12,4,4,0.08432046525710211,0.06843535769868117,0.08718006974961094,0.08133751320745286,70.49287189286999,0.005842556542158081,0.006128224742423735,-0.0002856682002656541,0.08432046525710211,0.09418508811948578,0.07445584239471845
2015-12-07,0.09069021554120044,0.09035322486199007,0.09139549301057648,0.09121192384101667,0.09121192384101667,0.13546741109806712,2015,12,7,0,0.08481483214248364,0.06944977497877489,0.0878003549944426,0.0820689510321613,65.15507983196683,0.005731403962281292,0.006048860586395246,-0.0003174566241139539,0.08481483214248364,0.09503200202947909,0.0745976622554882
2015-12-08,0.08742572999496406,0.08905781863186787,0.09109294096140236,0.09091689252563995,0.09091689252563995,0.13705733908911916,2015,12,8,1,0.0854431436339688,0.07057282263093904,0.0882798223069345,0.08272435410575231,66.79656242925903,0.00555546820118219,0.0059501821093526355,-0.0003947139081704456,0.0854431436339688,0.09553127433612586,0.07535501293181172
2015-12-09,0.08784865354435101,0.08886990795963343,0.08524649075621632,0.08730931359909694,0.08730931359909694,0.21752433421765374,2015,12,9,2,0.08583357564999092,0.07162318199139257,0.0881305132749595,0.08306398073488895,55.45533519606622,0.0050665325400705424,0.005773452195496217,-0.000706919655425675,0.08583357564999092,0.09555095241627735,0.07611619888370448
2015-12-10,0.08576044910741978,0.08610769227604861,0.08756787849588021,0.0865884522766362,0.0865884522766362,0.1517456854715708,2015,12,10,3,0.08606927615309312,0.07256893445106646,0.0878932731213713,0.0833250527009443,55.16497890437362,0.004568220420426997,0.005532405840482374,-0.000964185420055377,0.08606927615309312,0.09560937667009897,0.07652917563608727
2015-12-11,0.08189788745196755,0.0827653294209097,0.08516116811415225,0.08303786392124149,0.08303786392124149,0.17356097651158706,2015,12,11,4,0.08619735238664228,0.07342443004667903,0.0871462870905821,0.08330377945800335,41.07878814958474,0.0038425076325787483,0.005194426198901649,-0.0013519185663229006,0.08619735238664228,0.09548678788467542,0.07690791688860914
2015-12-14,0.08210605499722975,0.08376079319504942,0.08088482448836787,0.08602183229051563,0.08602183229051563,0.19094850297187121,2015,12,14,0,0.08671317841142716,0.07423486413176933,0.08697329404441803,0.08350511670485611,46.186714793019945,0.003468177339561923,0.004849176427033704,-0.0013809990874717806,0.08671317841142716,0.0945874672603102,0.07883888956254412
2015-12-15,0.08581001123527182,0.08684274181448082,0.08728912840446434,0.08455665358983736,0.08455665358983736,0.2143999408398887,2015,12,15,1,0.08695524785728462,0.07491836152651099,0.08660150320525177,0.08358300832596584,47.661014635541676,0.0030184948792859323,0.00448304011748415,-0.0014645452381982175,0.08695524785728462,0.09419590599018436,0.07971458972438487
2015-12-16,0.0848187554616639,0.08767009198868189,0.08607385523817895,0.08948189555937036,0.08948189555937036,0.15219863007367282,2015,12,16,2,0.08750493629944121,0.0756737430819723,0.08704464049050079,0.08401996293584765,54.18066817608742,0.0030246775546531324,0.004191367604917947,-0.0011666900502648146,0.08750493629944121,0.09362096406025983,0.0813889085386226
2015-12-17,0.08892248643124412,0.08835900109787723,0.08932531416527656,0.08657839393368727,0.08657839393368727,0.1115352973257781,2015,12,17,3,0.08766301992278787,0.07639170760166376,0.086972910250991,0.08420947634309503,49.669138270226135,0.0027634339078959763,0.003905780865513553,-0.0011423469576175766,0.08766301992278787,0.09349077024364466,0.08183526960193108
2015-12-18,0.08366560995364011,0.0855407497451234,0.08563706449836295,0.08318537957892985,0.08318537957892985,0.25900111849585417,2015,12,18,4,0.087678106766655,0.07706326963255103,0.08639021322452006,0.08413361732352723,48.71373115314823,0.002256595900992836,0.00357594387260941,-0.0013193479716165739,0.087678106766655,0.09345510224746054,0.08190111128584945
2015-12-21,0.08354004595479797,0.08417940601346849,0.08626592976276815,0.08602183229051563,0.08602183229051563,0.10897477375879314,2015,12,21,0,0.08753008081570104,0.07776172096692165,0.08633353923467323,0.0842734850988597,41.390398682656425,0.0020600541358135327,0.0032727659252502345,-0.0012127117894367018,0.08753008081570104,0.093318070602171,0.08174209102923109
2015-12-22,0.0853639388680362,0.0857780706927016,0.08814575413355397,0.08676950244971615,0.08676950244971615,0.09415701463288378,2015,12,22,1,0.08742983266431048,0.07845460668486055,0.08640061049852599,0.08445837527299721,44.34600943624236,0.0019422352255287767,0.0030066597853059427,-0.001064424559777166,0.08742983266431048,0.09319648662117232,0.08166317870744864
2015-12-23,0.08596529268597405,0.08556710628692782,0.08762565994089239,0.08687343195462599,0.08687343195462599,0.11269076824950777,2015,12,23,2,0.08746386272073134,0.07911181841080703,0.0864733522610029,0.08463726836052526,48.88444222111062,0.0018360839004776391,0.0027725446083402823,-0.0009364607078626431,0.08746386272073134,0.09320776863796908,0.0817199568034936
2015-12-24,0.08467007568639151,0.08462440174341865,0.08851627875446971,0.08623304408131827,0.08623304408131827,0.016675756371266677,2015,12,24,3,0.08746805269112574,0.0797638671222622,0.08643638177182066,0.0847554739694729,39.49078661947712,0.001680907802347753,0.0025542172471417763,-0.0008733094447940233,0.08746805269112574,0.09320804177840077,0.08172806360385072
2015-12-28,0.08578356488384997,0.08846120356600976,0.08950208500322943,0.09096383145940146,0.09096383145940146,0.10801342195025004,2015,12,28,0,0.08767341052633217,0.08043958633334586,0.08713291249298694,0.08521535230206019,49.623007947829684,0.0019175601909267453,0.0024268858358987705,-0.0005093256449720251,0.08767341052633217,0.09361175611086447,0.08173506494179986
2015-12-29,0.09033336161238215,0.09406146767464416,0.09525029519424605,0.09568791327551868,0.09568791327551868,0.13109510912267403,2015,12,29,1,0.08824338362871378,0.08120670275635881,0.08844906645953028,0.08599109755935341,56.38977538228981,0.0024579689001768684,0.0024331024487543903,2.486645142247808e-05,0.08824338362871378,0.09495206884702201,0.08153469841040556
2015-12-30,0.09360778601732367,0.09327696830627827,0.09541007628857195,0.09381033580837411,0.09381033580837411,0.087492258344811,2015,12,30,2,0.08830976802162023,0.08191011607247295,0.08927387712858319,0.08657030039261421,59.12981784191334,0.0027035767359689794,0.0024871973061973084,0.000216379429771671,0.08830976802162023,0.09521837637082042,0.08140115967242004
2015-12-31,0.09126181886585966,0.09060701370387228,0.09250026145780932,0.08974677196258629,0.08974677196258629,0.10668231944611345,2015,12,31,3,0.0882510946896965,0.08263834010197227,0.08934663017996829,0.08680559458298251,54.054747877326555,0.0025410355969857773,0.002497964964355002,4.307063263077511e-05,0.0882510946896965,0.09508589267716558,0.08141629670222741
2016-01-04,0.08250586937847018,0.08222144721595542,0.08329426111547175,0.08403362646205725,0.08403362646205725,0.2704726338266424,2016,1,4,0,0.08807172090710803,0.08330373274762842,0.08852924499259736,0.08660026361106213,51.21113943575314,0.0019289813815352302,0.002384168247791048,-0.00045518686625581773,0.08807172090710803,0.09515974416792695,0.08098369764628911
2016-01-05,0.08364577188593192,0.0848386359952992,0.08580361701511874,0.08428175237148233,0.08428175237148233,0.1482607851656021,2016,1,5,1,0.08766553216157838,0.08391253098673714,0.0878757845893489,0.08642852203775991,47.73265656760527,0.0014472625515889875,0.002196787108550636,-0.0007495245569616484,0.08766553216157838,0.09463799752875855,0.08069306679439821
2016-01-06,0.07821047174806062,0.08324987974086151,0.08249948920291594,0.08463042818258643,0.08463042818258643,0.1479187657721781,2016,1,6,2,0.08733645737865689,0.08419161674398135,0.08737649898830852,0.08629532990033965,50.09900993663073,0.0010811690879688612,0.001973663504434281,-0.0008924944164654196,0.08733645737865689,0.09422491769279952,0.08044799706451426
2016-01-07,0.07831289353733775,0.08038875121254593,0.07914777107243032,0.07885358654894309,0.07885358654894309,0.241900148824655,2016,1,7,3,0.08673329207982203,0.08428287944233757,0.0860652816899446,0.08574408965208805,36.05492655560689,0.00032119203785654915,0.0016431692111187348,-0.0013219771732621856,0.08673329207982203,0.09437328546973649,0.07909329868990757
2016-01-08,0.07868955910072944,0.07865164546830708,0.07708781054832742,0.07485706491169053,0.07485706491169053,0.19449810964956876,2016,1,8,4,0.08611067964545172,0.08432297856878254,0.08434094064713628,0.08493764337502156,35.04962103205797,-0.0005967027278852843,0.0011951948233179309,-0.0017918975512032152,0.08611067964545172,0.09540374628937555,0.07681761300152788
2016-01-11,0.07378623901837067,0.0739133352076935,0.07387203756132493,0.07538009203947066,0.07538009203947066,0.1611928157439846,2016,1,11,0,0.08555026163359344,0.08434363156552636,0.08296234855364927,0.0842296766094252,39.25802619708209,-0.0012673280557759237,0.00070269024749916,-0.0019700183032750835,0.08555026163359344,0.09600166338346885,0.07509885988371803
2016-01-12,0.07546142572320169,0.07717494736734404,0.07855527160980999,0.07874630426305027,0.07874630426305027,0.1550826854993021,2016,1,12,1,0.08533568365068386,0.08440498745751455,0.08231372635509557,0.0838235008800641,40.13100937946092,-0.0015097745249685324,0.0002601972930056215,-0.0017699718179741539,0.08533568365068386,0.09617335539979771,0.07449801190157002
2016-01-13,0.07849132380588875,0.07914938065159277,0.07219619209331596,0.07019335326995252,0.07019335326995252,0.19919394348360617,2016,1,13,2,0.08454425969965572,0.0843362553132526,0.08044905357276586,0.08281386031635213,31.444261022199,-0.002364806743586273,-0.0002648035143127574,-0.0021000032292735156,0.08454425969965572,0.0973110273692973,0.07177749203001414
2016-01-14,0.07007568110489873,0.07492527346856889,0.06896346335577105,0.07494089114182656,0.07494089114182656,0.1736903892550448,2016,1,14,3,0.08406347157725517,0.08429340677229036,0.07960164396800597,0.08223067741453541,37.90034776575494,-0.0026290334465294413,-0.0007376495007560942,-0.0018913839457733472,0.08406347157725517,0.09753316921889381,0.07059377393561654
2016-01-15,0.0657505395894942,0.06991998950273917,0.06769551450576355,0.0681448040893628,0.0681448040893628,0.30146698588476717,2016,1,15,4,0.0829966170037548,0.08410759538199213,0.07783905321744547,0.08118727939044854,33.69404529667612,-0.003348226173003066,-0.0012597648352054886,-0.0020884613377975775,0.0829966170037548,0.0979568215243571,0.0680364124831525
2016-01-19,0.06938841959868394,0.07098795684035192,0.07042856529719019,0.07060574533085687,0.07060574533085687,0.177600502860946,2016,1,19,1,0.08219798457361328,0.08393110512516025,0.07672623661950875,0.080403462052701,30.864766337115455,-0.003677225433192252,-0.0017432569548028413,-0.0019339684783894109,0.08219798457361328,0.09803288916565557,0.066363079981571
2016-01-20,0.06453462860275866,0.06995622809961236,0.0635789315784544,0.06948592318810953,0.06948592318810953,0.2863904012719424,2016,1,20,2,0.08151301175407227,0.08371116282678917,0.07561234224544734,0.07959475547013868,23.581926161384246,-0.003982413224691339,-0.002191088208780541,-0.0017913250159107981,0.08151301175407227,0.09832323900973099,0.06470278449841356
2016-01-21,0.06901835571072218,0.07402375843811476,0.07078547908707708,0.07221506679155462,0.07221506679155462,0.1909207716697017,2016,1,21,3,0.08082267347912422,0.08352897243995255,0.07508968448331,0.07904811186431764,28.59421354679786,-0.003958427381007629,-0.0025445560432259583,-0.0014138713377816704,0.08082267347912422,0.09798360675062154,0.06366174020762691
2016-01-22,0.07609582095970757,0.07697059517053223,0.07950844449746156,0.0784713762224474,0.0784713762224474,0.15390872704079275,2016,1,22,4,0.08040776716776078,0.08353138671048278,0.07560994475086961,0.0790053907056606,39.289139888438825,-0.0033954459547909793,-0.0027147340255389623,-0.000680711929252017,0.08040776716776078,0.0973633414729938,0.06345219286252776
2016-01-25,0.07608921928427767,0.07748150203228846,0.07607140372491189,0.0739182929420232,0.0739182929420232,0.1261681811038907,2016,1,25,0,0.07976001021713064,0.08341973910375014,0.07534969062643171,0.07862856864909486,40.17457163123064,-0.003278878022663148,-0.0028275628249637996,-0.0004513151976993485,0.07976001021713064,0.09666532733985822,0.06285469309440306
2016-01-26,0.07287428925760969,0.07372381598213226,0.07487145464111356,0.07437762393668898,0.07437762393668898,0.09104186502250858,2016,1,26,1,0.07916723920989918,0.08326980273819208,0.07520014190493282,0.07831368385558332,40.419034660343904,-0.0031135419506505,-0.00288475865010114,-0.00022878330054936034,0.07916723920989918,0.09594782739148326,0.0623866510283151
2016-01-27,0.07281479487933612,0.07370898301088169,0.07076169072655261,0.07000224475392369,0.07000224475392369,0.17076935875985616,2016,1,27,2,0.07811915987462528,0.08306032084826538,0.07440046542016218,0.07769802169990483,36.87188451735718,-0.0032975562797426528,-0.002967318176029443,-0.00033023810371320995,0.07811915987462528,0.09440872251607471,0.06182959723317585
2016-01-28,0.07563984938346893,0.07880329117394172,0.07686684190192367,0.08038580745815671,0.08038580745815671,0.2153428051136521,2016,1,28,3,0.07735405458375719,0.08315393076153216,0.07532128727216134,0.07789711694125682,51.27007891942466,-0.002575829669095489,-0.002889020474642652,0.0003131908055471629,0.07735405458375719,0.09146027318684023,0.06324783598067414
2016-01-29,0.0787160054521513,0.08252800188089984,0.08177884261039395,0.08440578515116606,0.08440578515116606,0.2890988251171647,2016,1,29,4,0.07688382705089679,0.0832477411711017,0.07671890233046975,0.07837924051236121,57.911988462720686,-0.0016603381818914575,-0.002643284016092413,0.0009829458342009555,0.07688382705089679,0.08919279767072301,0.06457485643107057
2016-02-01,0.08497073937879304,0.08677024484343951,0.08737751722274922,0.08744004523518456,0.08744004523518456,0.44299830839056764,2016,2,1,0,0.0767684907145267,0.08342677954148066,0.07836830893119512,0.07905041123257034,59.5935329186466,-0.0006821023013752203,-0.002251047673148975,0.0015689453717737546,0.0767684907145267,0.08860410548131537,0.06493287594773803
2016-02-02,0.09621803165106213,0.09732141854151463,0.09464521149174837,0.09168131317863137,0.09168131317863137,0.5547462123663119,2016,2,2,1,0.07715087505035541,0.08359207137571818,0.0804164634308007,0.07998603359894522,60.14834387082744,0.00043042983185546946,-0.001714752172148086,0.0021451820040035556,0.07715087505035541,0.09038618795200953,0.06391556214870128
2016-02-03,0.0914997435126842,0.09225512162060742,0.07963729188490368,0.07904134228398896,0.07904134228398896,0.5383755003189099,2016,2,3,2,0.07688885454598074,0.08351522536736622,0.0802049063312912,0.07991605646450402,56.52346132336433,0.0002888498667871775,-0.0013140317643610335,0.001602881631148211,0.07688885454598074,0.08973142783477309,0.06404628125718839
2016-02-04,0.07583478714473652,0.0765980964116234,0.07330096054054877,0.07269118180782111,0.07269118180782111,0.44572521977056967,2016,2,4,3,0.07629189222724247,0.08318940197733074,0.0790489487122958,0.07938088056400898,48.379622496799094,-0.00033193185171317974,-0.0011176117818314628,0.000785679930118283,0.07629189222724247,0.08872264132662752,0.06386114312785743
2016-02-05,0.06957675568452165,0.06901352355610318,0.06592106869688957,0.06449698508546223,0.06449698508546223,0.4399016463149721,2016,2,5,4,0.07557406215406844,0.08270385236948943,0.07681018507739833,0.07827836978782032,47.424489832634144,-0.0014681847104219964,-0.0011877263675495696,-0.00028045834287242677,0.07557406215406844,0.08900018509228635,0.062147939215850524
2016-02-08,0.057675243324605885,0.06243427016006478,0.06011165055794446,0.06421870426387641,0.06421870426387641,0.3605623908079977,2016,2,8,0,0.07504214412167773,0.0822643698382428,0.07487303418301033,0.077236913082343,45.34707896393871,-0.0023638788993326637,-0.0014229568739061885,-0.0009409220254264752,0.07504214412167773,0.08939858425642885,0.060685703986926604
2016-02-09,0.05915218812631248,0.06766535809535049,0.062052648883574285,0.06266635325764111,0.06266635325764111,0.3015409360238859,2016,2,9,1,0.07440645718258625,0.08179471200992701,0.07299508327141506,0.0761576123545873,45.063096128756534,-0.003162529083172244,-0.0017708713157593998,-0.0013916577674128443,0.07440645718258625,0.08978911355713178,0.05902380080804072
2016-02-10,0.06395639716953463,0.06813011793543813,0.06659412497112879,0.06468138803952517,0.06468138803952517,0.21179319843595457,2016,2,10,2,0.07370321137141,0.08135120627561206,0.0717160532357397,0.07530752166458271,44.48915157036793,-0.003591468428843017,-0.002134990738376123,-0.001456477690466894,0.07370321137141,0.08953007501083257,0.05787634773198744
2016-02-11,0.06003769153565161,0.06418785039103928,0.06208597570360602,0.06434274374912208,0.06434274374912208,0.24747414056072692,2016,2,11,3,0.07341068089536848,0.08095229212603677,0.07058169793010621,0.0744953158930671,38.6854175307878,-0.003913617962960886,-0.0024907161832930756,-0.0014229017796678102,0.07341068089536848,0.08971962857684518,0.05710173321389178
2016-02-12,0.0650798120091309,0.0656381919501979,0.06539417588733049,0.06410469629933177,0.06410469629933177,0.16588864957802202,2016,2,12,4,0.07286887115324372,0.08038473309301851,0.0695852361407563,0.07372564036760523,41.557537749346665,-0.004140404226848929,-0.0028206537920042463,-0.0013197504348446826,0.07286887115324372,0.0896761507711669,0.056061591535320546
2016-02-16,0.06597852537761353,0.06703909686428614,0.06758672303816918,0.066988087944679,0.066988087944679,0.20088555291594642,2016,2,16,1,0.07281103534600955,0.07990609007989086,0.06918567487982133,0.07322656241035144,43.89743671531325,-0.004040887530530113,-0.00306470053970942,-0.0009761869908206928,0.07281103534600955,0.08969454945170412,0.055927521240314984
2016-02-17,0.0676669484747229,0.07091213069131877,0.06973849208485644,0.07282192014947073,0.07282192014947073,0.19835276065113097,2016,2,17,2,0.07292184408694023,0.07961010644060375,0.06974509722899816,0.07319658890954547,52.27382252744283,-0.003451491680547314,-0.003142058767876999,-0.00030943291267031487,0.07292184408694023,0.08977347667087278,0.056070211503007686
2016-02-18,0.07160218803445734,0.0717691534004527,0.07131915691629995,0.06911711057442177,0.06911711057442177,0.14202124217746184,2016,2,18,3,0.07290340345625584,0.07914433810645068,0.06964848389752487,0.07289440532916594,39.81576627253287,-0.003245921431641069,-0.003162831300629813,-8.309013101125574e-05,0.07290340345625584,0.08977166619446136,0.05603514071805033
2016-02-19,0.0666558810665416,0.0687138843519774,0.0706461006420607,0.07031071401548014,0.07031071401548014,0.11485380981872972,2016,2,19,4,0.07280818581745212,0.07872631390993995,0.06975036545413338,0.07270302078741143,36.57557330750115,-0.0029526553332780564,-0.0031207961071594618,0.00016814077388140536,0.07280818581745212,0.0897142655103781,0.05590210612452613
2016-02-22,0.07075963846925665,0.0720625100171999,0.07352192238833563,0.07217150746102399,0.07217150746102399,0.14817759125909355,2016,2,22,0,0.07249319237938096,0.07835140620864763,0.07012284883980886,0.07266364942990125,35.12545463144646,-0.0025408005900923875,-0.003004797003746047,0.00046399641365365944,0.07249319237938096,0.08918843586662786,0.05579794889213405
2016-02-23,0.06877713353032455,0.07046713496136861,0.07048634674220236,0.06861419342697747,0.06861419342697747,0.1536776328560468,2016,2,23,1,0.07222798740362867,0.07797750380520524,0.06989074800706557,0.07236368972598098,27.224601575952576,-0.0024729417189154057,-0.002898425946779919,0.00042548422786451313,0.07222798740362867,0.08899626594185306,0.05545970886540427
2016-02-24,0.0646370503920358,0.06769832684611687,0.06613523192777887,0.06985808187721831,0.06985808187721831,0.14945323115889111,2016,2,24,2,0.07200201030065514,0.07764289639721689,0.06988572244862754,0.07217808914459116,38.299894387140455,-0.002292366695963624,-0.00277721409661666,0.000484847400653036,0.07200201030065514,0.08877012689044662,0.055233893710863666
2016-02-25,0.06830135031951254,0.0696694639145321,0.06946825386179625,0.07193343318898582,0.07193343318898582,0.1197437627679537,2016,2,25,3,0.07209856972240825,0.07742080778257177,0.07020075487022112,0.07215996648121298,48.916559044526316,-0.0019592116109918567,-0.002613613599491699,0.0006544019884998425,0.07209856972240825,0.08884042023002289,0.05535671921479359
2016-02-26,0.07113300649907522,0.07212515130289918,0.07296102969567195,0.07170547090439228,0.07170547090439228,0.175326536083046,2016,2,26,4,0.07166455289472003,0.07713448055484931,0.07043224964470898,0.07212630014218922,63.347414117850974,-0.00169405049748024,-0.0024297009790894076,0.0007356504816091675,0.07166455289472003,0.08794553442306088,0.05538357136637916
2016-02-29,0.06840377210878965,0.0712878927039027,0.0718800496089636,0.06925792737570619,0.06925792737570619,0.19728972740129966,2016,2,29,0,0.07090716000594702,0.07682850603056668,0.07025158468024702,0.0719138280854127,58.636920834211594,-0.0016622434051656865,-0.0022762094643046633,0.0006139660591389768,0.07090716000594702,0.08606294177547315,0.05575137823642089
2016-03-01,0.06949414552981789,0.07389849564401119,0.07259050507475617,0.07631216515273404,0.07631216515273404,0.16681302631700576,2016,3,1,1,0.0703507660018245,0.07656511142243395,0.07118398167601425,0.07223963083114021,69.67703919494085,-0.0010556491551259595,-0.0020320974024689224,0.0009764482473429629,0.0703507660018245,0.0836549044623765,0.05704662754127249
2016-03-02,0.07457592231386254,0.07429075851305753,0.07674785250898297,0.07632559639335179,0.07632559639335179,0.11852358547249517,2016,3,2,2,0.06958298016256052,0.07636005547162725,0.07197499932483542,0.07254229494685958,67.81939456131346,-0.0005672956220241637,-0.0017391370463799708,0.001171841424355807,0.06958298016256052,0.07886983481438294,0.060296125510738104
2016-03-03,0.07447016994959377,0.07410946664221663,0.07471507285523638,0.07416973810462141,0.07416973810462141,0.14893558018506023,2016,3,3,3,0.06933939995359215,0.07617974264214107,0.07231265144480249,0.07266284629187897,64.24612340893876,-0.0003501948470764765,-0.001461348606519272,0.0011111537594427955,0.06933939995359215,0.07780055624292337,0.06087824366426092
2016-03-04,0.07325095482100136,0.07313379334794107,0.07471507285523638,0.07365676261422821,0.07365676261422821,0.1502389513870273,2016,3,4,4,0.06938767899391249,0.07593244124861533,0.07251943777856029,0.07273646972316411,63.738053093248475,-0.00021703194460381825,-0.0012124852741361813,0.000995453329532363,0.06938767899391249,0.07793989137317134,0.06083546661465363
2016-03-07,0.07057791066713257,0.07036528848454607,0.06821560869842513,0.06838284483359114,0.06838284483359114,0.24387831504608015,2016,3,7,0,0.06958197198131895,0.07556470809629283,0.07188303886394964,0.07241397899060316,51.87691752391264,-0.0005309401266535146,-0.001076176244639648,0.0005452361179861334,0.06958197198131895,0.07783778216170573,0.06132616180093218
2016-03-08,0.06452802692732876,0.06894758605457044,0.06768529618456656,0.06798388401330457,0.06798388401330457,0.15987095700723786,2016,3,8,1,0.06977023096879034,0.0751869171374664,0.07128316888692732,0.07208582380709956,42.37399529605549,-0.0008026549201722438,-0.0010214719797461674,0.00021881705957392354,0.06977023096879034,0.07767536353010132,0.06186509840747936
2016-03-09,0.06779251247356505,0.06957057743952799,0.07062911769705063,0.07176246147554066,0.07176246147554066,0.09934276813858256,2016,3,9,2,0.07022503637968533,0.07489750548535085,0.07135690620825244,0.0720618710417989,54.1600873479041,-0.0007049648335464564,-0.0009581705505062253,0.00025320571695976884,0.07022503637968533,0.07742444817551242,0.06302562458385824
2016-03-10,0.07098099614881118,0.0731172990839104,0.07381085680786403,0.07430385604950185,0.07430385604950185,0.22986476368308667,2016,3,10,3,0.07070615978018416,0.07456430597715286,0.0718102831069062,0.07222794400533245,56.024254956251845,-0.0004176608984262503,-0.0008500686200902303,0.00043240772166398,0.07070615978018416,0.07762638044790655,0.06378593911246176
2016-03-11,0.07490632989125898,0.07657174646225065,0.07849001848482745,0.07899775613121046,0.07899775613121046,0.1501187824109594,2016,3,11,4,0.07143891039928858,0.07423050283426669,0.07291604818756839,0.07272941157021229,59.48740688716263,0.0001866366173561007,-0.0006427275726009641,0.0008293641899570648,0.07143891039928858,0.07862067010148421,0.06425715069709295
2016-03-14,0.07715645049574088,0.07939990623979984,0.08121795671634716,0.08022824016308139,0.08022824016308139,0.12677826975161996,2016,3,14,0,0.07224508759247607,0.07395886092136082,0.07404100079918577,0.07328488035486926,67.25790534707482,0.0007561204443165132,-0.00036295796921746867,0.0011190784135339817,0.07224508759247607,0.07957860304001677,0.06491157214493537
2016-03-15,0.07719280266444944,0.07834179458752918,0.08108877619667704,0.07950402605963772,0.07950402605963772,0.1270278514711456,2016,3,15,1,0.072870884498224,0.07375400600330187,0.07488146622387068,0.07374555781448174,64.55824181251407,0.0011359084093889443,-6.318469349618605e-05,0.0011990931028851304,0.072870884498224,0.08044759172525924,0.06529417727118876
2016-03-16,0.07701107486232533,0.0800492541665618,0.08100038737839219,0.08210579080797811,0.08210579080797811,0.11809837217256264,2016,3,16,2,0.07333507803114937,0.07371544929022028,0.07599290077527182,0.0743648343325185,65.11259910089684,0.0016280664427533176,0.0002750655337537147,0.0013530009089996028,0.07333507803114937,0.0819637014286107,0.06470645463368804
2016-03-17,0.08034163002913028,0.08189512844087354,0.0849061995846439,0.08267240408853671,0.08267240408853671,0.13995063828213827,2016,3,17,3,0.07401284270685513,0.07368326232456136,0.07702051666962026,0.07498020987000133,66.13074967491896,0.0020403067996189322,0.0006281137869267582,0.001412193012692174,0.07401284270685513,0.08334709804112671,0.06467858737258354
2016-03-18,0.08212917738194364,0.08154242016182889,0.08348868796150752,0.08261206073640534,0.08261206073640534,0.24347158928092733,2016,3,18,4,0.07462791004290138,0.07364289497563775,0.07788075421835643,0.07554553215640163,71.12549673798732,0.0023352220619548003,0.0009695354419323667,0.0013656866200224336,0.07462791004290138,0.08453839539805999,0.06471742468774278
2016-03-21,0.08035817056326541,0.08170724413836575,0.08406181816458677,0.08411745269219328,0.08411745269219328,0.13770440280640778,2016,3,21,0,0.07522520730445983,0.07374817229850275,0.0788402462912544,0.07618048923312692,64.97685796353173,0.0026597570581274738,0.0013075797651713882,0.0013521772929560856,0.07522520730445983,0.08592116222657417,0.0645292523823455
2016-03-22,0.08067536818151838,0.08253129809673332,0.08540251221539791,0.08366816662935245,0.08366816662935245,0.08531072924080937,2016,3,22,1,0.07597790596457858,0.07392439433285598,0.0795830032663464,0.07673513200321772,63.85720985643893,0.0028478712631286873,0.0016156380647628483,0.001232233198365839,0.07597790596457858,0.08683257605115684,0.06512323587800033
2016-03-23,0.08229439108306746,0.08276861904431149,0.08495718921137546,0.08276628195605962,0.08276628195605962,0.10032260748190533,2016,3,23,2,0.07662331596852065,0.07407211813118778,0.0800727384493792,0.07718188385157637,67.0298002442085,0.0028908545978028333,0.0018706813713708454,0.0010201732264319878,0.07662331596852065,0.08748088250840311,0.06576574942863819
2016-03-24,0.07887459104471034,0.08014053956785397,0.08320654536025973,0.08184090769920022,0.08184090769920022,0.11537146079256061,2016,3,24,3,0.07711868969403138,0.07413401019991077,0.0803447644878132,0.07752699672917814,65.95218869600487,0.0028177677586350702,0.0020600986488236903,0.0007576691098113799,0.07711868969403138,0.08797936165610225,0.06625801773196051
2016-03-28,0.08045398406882895,0.08055027897324932,0.08371644842619189,0.08124745875965397,0.08124745875965397,0.088231759735998,2016,3,28,0,0.07759578908679446,0.0743550923097048,0.08048364052963486,0.07780258650921339,80.67145664954654,0.0026810540204214722,0.0021842897231432465,0.0004967642972782257,0.07759578908679446,0.08829230842419306,0.06689926974939586
2016-03-29,0.07972707286033259,0.08327294006683247,0.08244510706635255,0.08501599129006507,0.08501599129006507,0.14392545825976835,2016,3,29,1,0.0783836922825124,0.07455659431266956,0.08118092526200874,0.07833691278927647,84.98615565882454,0.002844012472732263,0.00231623427306105,0.0005277781996712132,0.0783836922825124,0.08881237118255192,0.06795501338247287
2016-03-30,0.08485180348851562,0.08677683068267478,0.08923692534699168,0.08694720654737509,0.08694720654737509,0.13270352464850574,2016,3,30,2,0.07891544435224444,0.07493264236182981,0.0820680454597574,0.07897471232691342,83.75310701486303,0.0030933331328439895,0.002471654045017638,0.0006216790878263516,0.07891544435224444,0.08996542390680926,0.06786546479767963
2016-03-31,0.08457095803897122,0.08445958435931344,0.08658547155556928,0.08507635475888234,0.08507635475888234,0.12682448858856915,2016,3,31,3,0.07935298227052098,0.07522205455039031,0.08253086227500739,0.0794266858403926,74.68118068844814,0.0031041764346147888,0.002598158522937068,0.0005060179116777208,0.07935298227052098,0.09066115765251571,0.06804480688852625
2016-04-01,0.08105203374491002,0.08429146416694314,0.08524612363090384,0.08673932071530754,0.08673932071530754,0.11368909512761022,2016,4,1,4,0.07998146140105529,0.07556712250093428,0.08317831741966895,0.0799683624977937,70.59762605240674,0.0032099549218752577,0.0027205178027247057,0.000489437119150552,0.07998146140105529,0.09147239787445423,0.06849052492765635
2016-04-04,0.08483856709623727,0.08510233985440852,0.08709194811858512,0.08519034260674108,0.08519034260674108,0.07278542442757971,2016,4,4,0,0.08055814040068093,0.07582662801723801,0.08348785975614159,0.08035517583919721,62.98241194216703,0.0031326839169443788,0.0028029510255686407,0.0003297328913757381,0.08055814040068093,0.09186884474115042,0.06924743606021144
2016-04-05,0.08085379845006938,0.0818061240209382,0.08469205674960531,0.08267910294494069,0.08267910294494069,0.07260979284717278,2016,4,5,1,0.08127295330624841,0.07591078255168787,0.08336343563134146,0.08052731858777079,57.59664444195592,0.002836117043570674,0.0028095842291690474,2.653281440162655e-05,0.08127295330624841,0.09104637231030477,0.07149953430219205
2016-04-06,0.0801169748160026,0.08294002886008361,0.08475663681151502,0.08532445384605958,0.08532445384605958,0.0653441916787606,2016,4,6,2,0.08213998179788616,0.0761389057697686,0.0836651307412981,0.08088266194023662,57.684899876753164,0.0027824688010614773,0.0028041611435475336,-2.1692342486056247e-05,0.08213998179788616,0.08979709670367607,0.07448286689209625
2016-04-07,0.08328894439024845,0.08319052807856406,0.08500138022120945,0.08351059933427718,0.08351059933427718,0.10227304240116103,2016,4,7,3,0.08272738869082298,0.07632156527772037,0.0836413566786795,0.08107732396942481,51.88878701191475,0.0025640327092546905,0.002756135456688965,-0.00019210274743427461,0.08272738869082298,0.08863516979472508,0.07681960758692088
2016-04-08,0.08282637113857994,0.08267962121680783,0.08475323750306629,0.08313173508320248,0.08313173508320248,0.08726116416006507,2016,4,8,4,0.08316878264250802,0.07658415508430594,0.08356295335629843,0.08122950257044538,51.15446046078316,0.00233345078585305,0.002671598522521782,-0.0003381477366687321,0.08316878264250802,0.08754803852496477,0.07878952676005126
2016-04-11,0.08251247105390008,0.08253129809673332,0.08492321652273843,0.0821091368833991,0.0821091368833991,0.08072582061545003,2016,4,11,0,0.08332435168011745,0.07661862167281079,0.08333928928354468,0.08129466066770122,45.44071190048786,0.0020446286158434662,0.002546204541186119,-0.000501575925342653,0.08332435168011745,0.08728032763573457,0.07936837572450034
2016-04-12,0.08085379845006938,0.08214565402908064,0.08320994466870851,0.08445272408492752,0.08445272408492752,0.09301078747654395,2016,4,12,1,0.08353557587620976,0.07661956045148602,0.0835105869452959,0.08152859129119946,51.64004719931397,0.00198199565409643,0.002433362763768181,-0.0004513671096717511,0.08353557587620976,0.08723852766902147,0.07983262408339804
2016-04-13,0.08454120754569255,0.08562316173339185,0.08771438189140524,0.08734617407322359,0.08734617407322359,0.1257429678039582,2016,4,13,2,0.08392768327688904,0.0766176830282468,0.08410067727266939,0.08195952334912718,58.83797191668846,0.002141153923542208,0.0023749209957229867,-0.0002337670721807789,0.08392768327688904,0.08749134778135038,0.0803640187724277
2016-04-14,0.08614371634624135,0.08658894638016698,0.09058475114692832,0.08784239236426389,0.08784239236426389,0.0728871058688679,2016,4,14,3,0.08421451335470334,0.07654090461195945,0.08467632574829931,0.08239529142432249,61.776319650273784,0.002281034323976819,0.0023561436613737533,-7.510933739693446e-05,0.08421451335470334,0.08807207796756523,0.08035694874184145
2016-04-15,0.08613381052895469,0.08780523683785416,0.09058101870625163,0.08978701203994383,0.08978701203994383,0.135190098076372,2016,4,15,4,0.08457024375227369,0.07675581800707855,0.08546258517778307,0.08294282628473888,65.91280826229541,0.002519758893044191,0.002388866707707841,0.00013089218533635007,0.08457024375227369,0.08908519157663898,0.0800552959279084
2016-04-18,0.08827488123559468,0.09012907559288244,0.09214674697637121,0.09233848507353976,0.09233848507353976,0.11203446076482931,2016,4,18,0,0.08505656496913042,0.07714876407239292,0.08652041593097641,0.08363880100983524,64.2932217592499,0.002881614921141168,0.0024874163503945065,0.0003941985707466614,0.08505656496913042,0.09064995405196759,0.07946317588629324
2016-04-19,0.0912651230077165,0.09073886892964275,0.08943747774685212,0.0880871386704582,0.0880871386704582,0.15563731154269234,2016,4,19,1,0.08525504926804366,0.07762056714409284,0.086761450198589,0.08396830750321473,52.04030048938983,0.0027931426953742705,0.0025485616193904595,0.00024458107598381105,0.08525504926804366,0.09098811185648521,0.0795219866796021
2016-04-20,0.08746208216367263,0.08685989532167823,0.08966863751998527,0.087664688266605,0.087664688266605,0.10929830561743745,2016,4,20,2,0.08545487534990628,0.0780894868241474,0.08690040990136069,0.08424211348568808,54.88604568501706,0.002658296415672612,0.00257050857864689,8.778783702572193e-05,0.08545487534990628,0.09123346716322898,0.07967628353658358
2016-04-21,0.0865963903889069,0.08762394496701334,0.08951227612995882,0.08983395097370522,0.08983395097370522,0.25084811565801757,2016,4,21,3,0.08580825880078857,0.07863283877846869,0.08735172391249062,0.08465632366998564,55.73222062904843,0.002695400242504975,0.002595486911418507,9.991333108646822e-05,0.08580825880078857,0.09175650502623608,0.07986001257534106
2016-04-22,0.0769879326527603,0.07960425843661165,0.0772951547664685,0.07629876073436417,0.07629876073436417,0.5181224059677763,2016,4,22,4,0.08553115145254676,0.07886518623236548,0.08565126803893269,0.08403724493401367,38.59454248409297,0.001614023104919024,0.0023991941501186106,-0.0007851710451995866,0.08553115145254676,0.09265734725714765,0.07840495564794588
2016-04-25,0.07361771456710633,0.0755861647431797,0.07796821104070772,0.07776729221602544,0.07776729221602544,0.14904650539373826,2016,4,25,0,0.08535714312536534,0.07913367720170354,0.08443834868156234,0.08357280399194048,43.52632393886214,0.0008655446896218694,0.0020924642580192622,-0.0012269195683973929,0.08535714312536534,0.09306960161475267,0.07764468463597801
2016-04-26,0.07669717477764548,0.07619135656263651,0.07369731990567516,0.07273476796059963,0.07273476796059963,0.22164705447352123,2016,4,26,1,0.08474308195889207,0.0793062786349289,0.08263779780141424,0.08276998650813745,34.389327632393076,-0.00013218870672321303,0.0016475336650707672,-0.0017797223717939802,0.08474308195889207,0.09430403460540325,0.0751821293123809
2016-04-27,0.07070675237469665,0.0706583352570049,0.0700733375642939,0.07196362162895642,0.07196362162895642,0.25436999103354563,2016,4,27,2,0.08399390271297114,0.07940578930861446,0.08099561685180534,0.08196951503560553,35.302181012944274,-0.0009738981838001842,0.001123247295296577,-0.0020971454790967613,0.08399390271297114,0.09505770974728382,0.07293009567865845
2016-04-28,0.07102725413480646,0.07236906468214432,0.0691164254373487,0.06699479350664492,0.06699479350664492,0.23298915706085171,2016,4,28,3,0.08308982465035926,0.07928924677575794,0.07884164402947297,0.08086027640383066,31.608741167193656,-0.00201863237435769,0.0004948713613657237,-0.002513503735723414,0.08308982465035926,0.09648965216260649,0.06968999713811203
2016-04-29,0.06522519425083018,0.06691383407018259,0.06892946347266646,0.06766201033337826,0.06766201033337826,0.19789981604902893,2016,4,29,4,0.08213595913126279,0.07926014477093707,0.07712170038391994,0.07988262706527863,33.400153940625714,-0.0027609266813586886,-0.00015628824717915874,-0.00260463843417953,0.08213595913126279,0.0970701268574511,0.06720179140507447
2016-05-02,0.06751496455759373,0.06790929125189063,0.06960931156518632,0.06940544973895649,0.06940544973895649,0.12003031955703866,2016,5,2,0,0.08134671448787358,0.07924203948540659,0.0759345849000794,0.07910653985592143,32.4687989012525,-0.003171954955842035,-0.0007594215889117341,-0.002412533366930301,0.08134671448787358,0.09723890360395457,0.06545452537179258
2016-05-03,0.06726383655990933,0.06698633104122395,0.06994923561144628,0.06744407286392379,0.06744407286392379,0.11064789565635372,2016,5,3,1,0.08058496298382271,0.07914749079346459,0.07462835227913238,0.07824265341206976,26.29778079113369,-0.0036143011329373836,-0.001330397497716864,-0.0022839036352205197,0.08058496298382271,0.09762714491619323,0.0635427810514522
2016-05-04,0.06515582048840476,0.06761591485784843,0.06893285598249832,0.06856390171223303,0.06856390171223303,0.1244858154389403,2016,5,4,2,0.07974693537713139,0.07914648495916969,0.07369535988422478,0.07752570884171148,27.376505623059685,-0.0038303489574866983,-0.0018303877896708308,-0.0019999611678158677,0.07974693537713139,0.09744360868268517,0.06205026207157759
2016-05-05,0.06753808033402392,0.06846305551191362,0.07121378515300497,0.07048503850990828,0.07048503850990828,0.12356143869995656,2016,5,5,3,0.07909565733591295,0.07915902409182349,0.07320146428817609,0.07700417770602236,27.336457280924705,-0.0038027134178462707,-0.002224852915305919,-0.0015778605025403517,0.07909565733591295,0.09716396325570939,0.0610273514161165
2016-05-06,0.06776276858857014,0.071607632232181,0.07202520687834288,0.07373388998796027,0.07373388998796027,0.13703885155433948,2016,5,6,4,0.07862576508115084,0.079195033227803,0.07328337593429674,0.0767619341713511,28.507267474287687,-0.003478558237054369,-0.002475593979655609,-0.0010029642573987597,0.07862576508115084,0.09674086564593767,0.060510664516364
2016-05-09,0.07226300318925025,0.07386555326297153,0.07606800441646311,0.07433068500292753,0.07433068500292753,0.10755123358075819,2016,5,9,0,0.07823684248712726,0.07924753750977369,0.07344450040639378,0.07658184164035677,32.64239042532974,-0.0031373412339629897,-0.0026079434305170852,-0.0005293978034459045,0.07823684248712726,0.09637104247282702,0.060102642501427495
2016-05-10,0.0738324970043659,0.07544442746234045,0.07801240205054169,0.07777734385341234,0.07777734385341234,0.11303278764293176,2016,5,10,1,0.0779030734755515,0.07941792583932782,0.07411109170593509,0.07667039735984237,38.40895437770779,-0.0025593056539072734,-0.002598215875195123,3.891022128784966e-05,0.0779030734755515,0.095799733929809,0.060006413021293996
2016-05-11,0.07603305548099576,0.07576745661402054,0.07701980398350136,0.07513199965785539,0.07513199965785539,0.12435640269548257,2016,5,11,2,0.0772923647547831,0.07939432252943024,0.074268154467769,0.07655644197451,32.9549979499362,-0.0022882875067410102,-0.0025362302015043007,0.00024794269476329043,0.0772923647547831,0.09465795118065842,0.059926778328907776
2016-05-12,0.073934918793643,0.07404355551041059,0.07572808037020318,0.0744681557287909,0.0744681557287909,0.09372255756556142,2016,5,12,3,0.07662365292300945,0.07935717371613901,0.07429892389254159,0.07640175410445674,46.97475888762508,-0.002102830211915152,-0.002449550203586471,0.00034671999167131895,0.07662365292300945,0.09329481696771913,0.05995248887829977
2016-05-13,0.07223988741282006,0.07319047507541343,0.07581646238987114,0.0736366593394544,0.0736366593394544,0.08945193703145654,2016,5,13,4,0.07581613528798498,0.07934651214083568,0.07419703703822048,0.07619693227001212,43.026934779079824,-0.001999895231791643,-0.0023596192092275054,0.00035972397743586244,0.07581613528798498,0.09132683134746876,0.06030543922850119
2016-05-16,0.07131473430119933,0.07378973370637001,0.0745893120398658,0.07553434008137277,0.07553434008137277,0.08969227498359231,2016,5,16,0,0.07497592803837663,0.07938406369017857,0.07440277596793622,0.07614785136714994,55.28547382152283,-0.0017450753992137163,-0.0022367104472247475,0.0004916350480110312,0.07497592803837663,0.08839810481565455,0.06155375126109872
2016-05-17,0.07358136900668155,0.07479178331974501,0.07406582533737235,0.0720943867928539,0.0720943867928539,0.15292888769746998,2016,5,17,1,0.0741762904444964,0.07945829452936383,0.07404763917176971,0.0758475947320169,50.22427816611054,-0.0017999555602471878,-0.002149359469829236,0.000349403909582048,0.0741762904444964,0.08613540033851952,0.06221718055047329
2016-05-18,0.06951065302253448,0.07152195039780579,0.07288286599720098,0.07222849803217238,0.07222849803217238,0.1312614969356911,2016,5,18,2,0.07340448093277477,0.07954318680974119,0.07376777130413935,0.07557951349499138,60.761086027251665,-0.0018117421908520337,-0.0020818360140337955,0.0002700938231817618,0.07340448093277477,0.08355378415955776,0.06325517770599177
2016-05-19,0.0690778236558609,0.0696760497537674,0.07158091726408891,0.0701128798207995,0.0701128798207995,0.12233201763710819,2016,5,19,3,0.07241842737512949,0.07951019517664636,0.07320548030670244,0.07517457766727347,54.75598971711666,-0.0019690973605710205,-0.0020592882833412405,9.019092277022002e-05,0.07241842737512949,0.07907940265747791,0.06575745209278107
2016-05-20,0.06883332376674128,0.07250420953131659,0.0728454668056476,0.07327120621231156,0.07327120621231156,0.13695565764783094,2016,5,20,4,0.07226704964902686,0.07948954217990256,0.07321559198448846,0.07503358718912813,57.11113150498931,-0.0018179952046396691,-0.002011029667600926,0.00019303446296125692,0.07226704964902686,0.07869007977636716,0.06584401952168656
2016-05-23,0.07045565081014721,0.07148171019491076,0.07408960689927993,0.07142719008280643,0.07142719008280643,0.0909494273486102,2016,5,23,0,0.0719500445423659,0.07933813085893447,0.07294045323038353,0.07476644666273394,57.35879219088591,-0.0018259934323504035,-0.001974022420550822,0.00014802898820041833,0.0719500445423659,0.07783321594134868,0.06606687314338314
2016-05-24,0.07056468088313791,0.07461049144890411,0.07500061476493294,0.07674134123523907,0.07674134123523907,0.14630110647895656,2016,5,24,1,0.07215037320609788,0.07926839288037764,0.07352520523113054,0.07491273514958617,63.08056138999008,-0.0013875299184556295,-0.0018567239201317835,0.00046919400167615404,0.07215037320609788,0.07840705306899728,0.06589369334319847
2016-05-25,0.0751574314558085,0.07676621660399374,0.07936702646737592,0.07847807507885138,0.07847807507885138,0.11854207300727485,2016,5,25,2,0.07247609587859263,0.0792478738607619,0.07428718520770299,0.07517683440360581,62.86146679726654,-0.000889649195902828,-0.0016633089752859924,0.0007736597793831645,0.07247609587859263,0.07934060005371345,0.06561159170347182
2016-05-26,0.07585462521244477,0.0770365063023383,0.07956249350179698,0.07809251197137274,0.07809251197137274,0.11365212005805087,2016,5,26,3,0.07303098180182901,0.07916760828402979,0.0748726200944214,0.07539281051973669,57.725233592877096,-0.0005201904253152867,-0.0014346852652918514,0.0009144948399765647,0.07303098180182901,0.07982367477585546,0.06623828882780257
2016-05-27,0.07623129077583643,0.07888436489858178,0.0808270430433557,0.08095577351969824,0.08095577351969824,0.1505070206413326,2016,5,27,4,0.07369566996114503,0.07913327567265303,0.0758084898521563,0.07580488185306718,60.869083081903014,3.6079990891196845e-06,-0.0011470266124156572,0.001150634611504777,0.07369566996114503,0.08086737579796568,0.06652396412432438
2016-05-31,0.07878540564771153,0.08079419235249446,0.08329493417854464,0.08198172450048455,0.08198172450048455,0.16478864125863138,2016,5,31,1,0.07432448369922143,0.07912066894793461,0.07675821825959142,0.07626242575287587,57.492823250112224,0.0004957925067155533,-0.0008184627885894152,0.0013142552953049685,0.07432448369922143,0.08209288200093923,0.06655608539750363
2016-06-01,0.07970725461747546,0.07996354596245994,0.08309098247023541,0.08145534459172155,0.08145534459172155,0.08382248269104556,2016,6,1,2,0.07502504728561131,0.07906742678592517,0.07748085307991913,0.07664708640760517,62.18977475674755,0.0008337666723139542,-0.00048801689640874137,0.0013217835687226957,0.07502504728561131,0.08270751392432935,0.06734258064689327
2016-06-02,0.07903650721226102,0.07858243812066754,0.08088482448836787,0.08019805172311084,0.08019805172311084,0.09197548552888216,2016,6,2,3,0.07560675478615521,0.07899802448780034,0.07789888364041016,0.0769101208754204,60.798681257688436,0.0009887627649897562,-0.00019266096412904186,0.0011814237291187981,0.07560675478615521,0.08298513423064381,0.0682283753416666
2016-06-03,0.07796927600079781,0.07741886074658919,0.07965767413836247,0.0774957169564055,0.0774957169564055,0.08129893419361994,2016,6,3,4,0.07595728870848006,0.07889261318780726,0.07783685799671713,0.07695349836290079,56.793786794695805,0.0008833596338163469,2.254315546003588e-05,0.000860816478356311,0.07595728870848006,0.08296812265812058,0.06894645475883955
2016-06-06,0.0765286569346649,0.07590919389485978,0.07763507881272844,0.07555444335614667,0.07555444335614667,0.11263530564516874,2016,6,6,0,0.07604831637688939,0.07876688390094619,0.07748571728278321,0.07684986465869678,50.03533713846039,0.0006358526240864276,0.00014520504918531424,0.0004906475749011133,0.07604831637688939,0.08298447756239839,0.06911215519138038
2016-06-07,0.07485347022983388,0.07494340265565297,0.0782945446517895,0.07558797787153823,0.07558797787153823,0.09145783455505124,2016,6,7,1,0.07611118102031991,0.07865369428318388,0.0771937573733609,0.0767563915633517,56.97642499444969,0.0004373658100091937,0.00020363720135009014,0.00023372860865910358,0.07611118102031991,0.08300445297573582,0.069217909064904
2016-06-08,0.07621478328311987,0.07711562207477324,0.07966446595664312,0.07948726886028487,0.07948726886028487,0.11433615884489884,2016,6,8,2,0.07619667727066355,0.07854311983458827,0.07754660529442613,0.07695867877053193,62.600401629799435,0.0005879265238941944,0.000280495065858911,0.0003074314580352834,0.07619667727066355,0.08321818363227347,0.06917517090905363
2016-06-09,0.07585462521244477,0.07743535501061988,0.08026137772162997,0.07958785228977372,0.07958785228977372,0.05935423041014596,2016,6,9,3,0.07641946990225947,0.07839593274943624,0.07786064329371037,0.07715343236454984,67.68464849526762,0.0007072109291605261,0.00036583823851923404,0.00034137269064129204,0.07641946990225947,0.08358012509855722,0.06925881470596171
2016-06-10,0.07473120376456477,0.07623221645410819,0.07825375295040427,0.07651335212839766,0.07651335212839766,0.08038380122202604,2016,6,10,4,0.07652172972223979,0.07822467269682655,0.0776533677298161,0.07710601901372376,56.07032777191182,0.0005473487160923413,0.00040214033403385553,0.00014520838205848573,0.07652172972223979,0.08362322272974657,0.06942023671473302
2016-06-13,0.07375318438323519,0.0760838933340337,0.0782809542166113,0.07616129671406274,0.07616129671406274,0.08431240236270693,2016,6,13,0,0.07664796159097022,0.07801311221680166,0.07742381834277712,0.07703603958411923,59.38826047560128,0.0003877787586578918,0.0003992680189586628,-1.1489260300771007e-05,0.07664796159097022,0.08362213658599013,0.0696737865959503
2016-06-14,0.07374327856594853,0.07510493041635632,0.07712857505524501,0.07613114180190197,0.07613114180190197,0.08867546057071019,2016,6,14,1,0.07667780167699667,0.07783192820070486,0.07722494502879633,0.0769690101187698,48.469059692859716,0.0002559349100265257,0.0003706013971722354,-0.0001146664871457097,0.07667780167699667,0.08363700529603797,0.06971859805795537
2016-06-15,0.07457592231386254,0.07527301764656832,0.07855290569112969,0.07634905244910861,0.07634905244910861,0.08020816964161914,2016,6,15,2,0.07689053495980941,0.07770532719078822,0.07709019232422899,0.07692308732842454,44.21778222142087,0.00016710499580445404,0.00032990211689867913,-0.0001627971210942251,0.07689053495980941,0.08351171662197115,0.07026935329764766
2016-06-16,0.07322451507786326,0.07318652620884497,0.07377685692475944,0.07347909204437914,0.07347909204437914,0.15120030319557037,2016,6,16,3,0.07695306466041975,0.07746841995475462,0.07653463843502133,0.0766679765666434,38.96019663715539,-0.0001333381316220711,0.00023725406719452908,-0.00037059219881660016,0.07695306466041975,0.08341046150512131,0.07049566781571819
2016-06-17,0.07115612227550541,0.070605602396101,0.06874317457105708,0.06722948817545227,0.06722948817545227,0.2824525563638717,2016,6,17,4,0.07680889507815239,0.07714279773157813,0.07510307685662608,0.07596882927840702,21.73431192174081,-0.0008657524217809409,1.665276939943509e-05,-0.000882405191180376,0.07680889507815239,0.08399674286667547,0.06962104728962931
2016-06-20,0.0678916301209854,0.06851579496524918,0.07042856529719019,0.06789670500218561,0.06789670500218561,0.1604440705854078,2016,6,20,0,0.0765401700176461,0.07683809712995777,0.07399440426363524,0.07537089414683507,20.560644709180067,-0.0013764898831998273,-0.0002619757611204174,-0.00111451412207941,0.0765401700176461,0.08463015234113107,0.06845018769416113
2016-06-21,0.06776937026400001,0.06861137863198816,0.06995263491989506,0.06864437516138613,0.06864437516138613,0.10341926955750086,2016,6,21,1,0.07640102927157508,0.07656880189551753,0.07317132286328921,0.07487263348124626,23.46898389974062,-0.0017013106179570442,-0.0005498427324877428,-0.0011514678854693014,0.07640102927157508,0.08494430518863894,0.06785775335451122
2016-06-22,0.06798745023483263,0.06798179481536365,0.07031704758421992,0.06915399787079632,0.06915399787079632,0.07741655188988825,2016,6,22,2,0.07602166210335294,0.0762628273712349,0.07255327286444416,0.07444903084343515,26.397269590922946,-0.0018957579789909973,-0.0008190257817883937,-0.0010767321972026036,0.07602166210335294,0.08515478503787752,0.06688853916882836
2016-06-23,0.06745549661245501,0.06834108893364355,0.06824958138706208,0.07063255416759659,0.07063255416759659,0.16866177979497324,2016,6,23,3,0.07562938605779021,0.07592855497312236,0.07225777768031376,0.07416632886744712,34.522859374825046,-0.0019085511871333588,-0.0010369308628573868,-0.000871620324275972,0.07562938605779021,0.08498940291303816,0.06626936920254226
2016-06-24,0.06009385533893352,0.06420434465507002,0.06364353883483165,0.061697419670251025,0.061697419670251025,0.3791978258659099,2016,6,24,4,0.0748096314427341,0.07540565551924211,0.07063310721722718,0.07324270596395112,26.244392162488694,-0.0026095987467239373,-0.001351464439630697,-0.0012581343070932403,0.0748096314427341,0.08596159463406922,0.06365766825139899
2016-06-27,0.058716028184647245,0.058567822172267386,0.060187795067196875,0.059363857283861704,0.059363857283861704,0.21096125937086918,2016,6,27,0,0.07373003563094228,0.07479719242412047,0.06889937645824787,0.07221464309875932,24.219455914293732,-0.0033152666405114467,-0.0017442248798068471,-0.0015710417607045996,0.07373003563094228,0.08644741850428485,0.06101265275759973
2016-06-28,0.06134944906936929,0.06121466370924908,0.06349057675325401,0.06331343998735275,0.06331343998735275,0.16888363021232933,2016,6,28,1,0.07279662140528569,0.07421669152239672,0.0680400016165717,0.07155529472013661,24.340382417346646,-0.0035152931035649093,-0.00209843852455846,-0.0014168545790064495,0.07279662140528569,0.08570289105443232,0.059890351756139056
2016-06-29,0.06268101823766037,0.06355464732942964,0.06634937476281746,0.06467804196410418,0.06467804196410418,0.1465876632680415,2016,6,29,2,0.07195775627390483,0.07374850958826965,0.06752277705465362,0.07104586859006012,27.257855632168486,-0.003523091535406503,-0.0023833691267280688,-0.001139722408678434,0.07195775627390483,0.08467392900967981,0.05924158353812985
2016-06-30,0.06349712145143924,0.0651668396784433,0.06711081985534159,0.06735690055836677,0.06735690055836677,0.11563028627947605,2016,6,30,3,0.07131569871566762,0.07334235383410488,0.06749725759368641,0.07077261169882358,35.862906633962055,-0.003275354105137171,-0.0025617661224098896,-0.0007135879827272814,0.07131569871566762,0.08356830856897103,0.05906308886236421
2016-07-01,0.06572082213763414,0.06791258746772413,0.06999343341989717,0.06974072113169072,0.06974072113169072,0.09224355478318744,2016,7,1,4,0.07092794892443188,0.0729404892372646,0.06784240583030246,0.07069617536051744,40.672176138929714,-0.002853769530214975,-0.002620166803970907,-0.0002336027262440682,0.07092794892443188,0.08284327792759003,0.05901261992127374
2016-07-05,0.06699622089435958,0.06668968480107496,0.06888866497266435,0.06831244984407289,0.06831244984407289,0.10314195653580574,2016,7,5,1,0.0705658492488282,0.07278076301945875,0.06791472029395945,0.07051960310004006,39.08442153568763,-0.002604882806080608,-0.0026171100043928474,1.2227198312239531e-05,0.0705658492488282,0.08232837333496368,0.05880332516269271
2016-07-06,0.06498730264542418,0.06825209110613989,0.06896003685285468,0.06925792737570619,0.06925792737570619,0.09845536646915817,2016,7,6,2,0.0702493467240366,0.07261057572265238,0.0681213675373051,0.0704261456389783,40.2972788130721,-0.002304778101673191,-0.002554643623848916,0.0002498655221757251,0.0702493467240366,0.08178127976074194,0.05871741368733126
2016-07-07,0.06766364433286606,0.06710500799609218,0.06866261775943813,0.06844992056993632,0.06844992056993632,0.08849982899030329,2016,7,7,3,0.06969747930951917,0.07252487877483911,0.0681719141577099,0.07027975859682704,42.707115016380804,-0.002107844439117143,-0.0024652837869025617,0.0003574393477854187,0.06969747930951917,0.08039414484159349,0.05900081377744484
2016-07-08,0.0681328258682482,0.06958046608702842,0.07145684930432572,0.07189322663943817,0.07189322663943817,0.11355043861676264,2016,7,8,4,0.06931274802700238,0.07252347087504875,0.06874442377028347,0.07039927474813157,57.36216509173826,-0.0016548509778480935,-0.0023031972250916683,0.0006483462472435747,0.06931274802700238,0.07901928483259918,0.05960621122140558
2016-07-11,0.07095788037238104,0.07314037918717636,0.07512979528460306,0.07506495074375813,0.07506495074375813,0.07071482053225611,2016,7,11,0,0.06924032795777041,0.07268487401979101,0.06971681253543342,0.07074488037743723,60.48657718120807,-0.0010280678420038075,-0.0020481713484740965,0.001020103506470289,0.06924032795777041,0.07874007103400253,0.05974058488153828
2016-07-12,0.07461557201614416,0.07525983937566613,0.07807700930691899,0.07692574418930198,0.07692574418930198,0.09152254092678011,2016,7,12,1,0.06927855033153238,0.07287014869690948,0.07082587894372089,0.07120272214127907,61.732869820056735,-0.00037684319755817985,-0.0017139057182909132,0.0013370625207327334,0.06927855033153238,0.07890090268724086,0.0596561979758239
2016-07-13,0.07610242924342117,0.07560925143887731,0.07839652390525251,0.07569861293841398,0.07569861293841398,0.05445503369353214,2016,7,13,2,0.06925692388835797,0.07299601196089864,0.07157553032751983,0.07153575108921499,59.08751480914132,3.977923830483787e-05,-0.0013631687269717633,0.0014029479652766011,0.06925692388835797,0.07881616574365503,0.0596976820330609
2016-07-14,0.07542837769634994,0.07501922221225446,0.07879765589944102,0.07702968039977379,0.07702968039977379,0.055776892430278883,2016,7,14,3,0.06929095528589123,0.07318772411161563,0.07241463033863582,0.07194270881592305,58.919251854759175,0.000471921522712776,-0.0009961506770348556,0.0014680721997476316,0.06929095528589123,0.07896071326001894,0.05962119731176352
2016-07-15,0.07679959656692259,0.07618277980903781,0.07914608501543974,0.07666086778608602,0.07666086778608602,0.08619813091023376,2016,7,15,4,0.06945004407297659,0.0733496634330927,0.07306789763824355,0.07229220207297216,77.41058601097072,0.000775695565271392,-0.0006417814285736061,0.001417476993844998,0.06945004407297659,0.07950687183986092,0.05939321630609225
2016-07-18,0.07580176555101967,0.0796075480600135,0.07987184416786869,0.08133128498979,0.08133128498979,0.08769562122738744,2016,7,18,0,0.07015513391369346,0.07356658836269032,0.07433918800001993,0.07296176377051422,87.06722947889335,0.0013774242295057082,-0.0002379402969577432,0.0016153645264634514,0.07015513391369346,0.0814567775858639,0.05885349024152303
2016-07-19,0.07817411957935208,0.07989102262169193,0.08252669726773987,0.08239747604793382,0.08239747604793382,0.081409859402298,2016,7,19,1,0.07088017246598087,0.0737398600838898,0.0755789246227759,0.07366070542069346,85.6731225051699,0.0019182192020824468,0.0001932916028502948,0.001724927599232152,0.07088017246598087,0.0833698716556312,0.05839047327633053
2016-07-20,0.08063241433737994,0.08158527756009568,0.08528013031262532,0.08381571581485064,0.08381571581485064,0.08715948271877685,2016,7,20,2,0.0716387394986541,0.07392956070012825,0.07684612326771048,0.07441292841285325,85.70179419654455,0.0024331948548572263,0.0006412722532516812,0.0017919226016055452,0.0716387394986541,0.08534072395777038,0.05793675503953781
2016-07-21,0.08163357592827455,0.08144024406342298,0.08484875807047665,0.0829573837665265,0.0829573837665265,0.06281139941394515,2016,7,21,3,0.07232890879344062,0.07403316149839054,0.07778631719060525,0.07504585103164386,81.22395821450158,0.0027404661589613827,0.0010611110343936216,0.001679355124567761,0.07232890879344062,0.08686884935696182,0.05778896822991941
2016-07-22,0.08212917738194364,0.0819511575176109,0.08509656085777495,0.08433539016164776,0.08433539016164776,0.08439559626921547,2016,7,22,4,0.07301405059314317,0.07421722930846639,0.07879386687845794,0.07573396504127379,80.43627950841089,0.003059901837184145,0.0014608691949517263,0.001599032642232419,0.07301405059314317,0.08847936989435763,0.05754873129192871
2016-07-25,0.08173599771755169,0.08174350910496558,0.08541610265057609,0.08333960079858413,0.08333960079858413,0.06337526922472522,2016,7,25,0,0.07409615964955982,0.07439465820986225,0.07949321055847734,0.07629734546774122,81.91386524105596,0.003195865090736119,0.001807868374108605,0.0013879967166275141,0.07409615964955982,0.08925301067351316,0.058939308625606486
2016-07-26,0.08119741598660929,0.08144024406342298,0.08431813282024081,0.0828869887770082,0.0828869887770082,0.07763840230724434,2016,7,26,1,0.07527231622421715,0.07457966479861333,0.08001533028440516,0.07678546719435358,79.56357350628024,0.003229863090051577,0.0020922673172971995,0.0011375957727543773,0.07527231622421715,0.08921799421579307,0.06132663823264123
2016-07-27,0.0809463078137761,0.08235330244172592,0.08524612363090384,0.08401017040630046,0.08401017040630046,0.1077545964633346,2016,7,27,2,0.07630715274516453,0.07474918140511189,0.08062992107238906,0.07732063039523854,83.29734071724835,0.0033092906771505226,0.0023356719892678643,0.0009736186878826583,0.07630715274516453,0.08957132555782381,0.06304297993250525
2016-07-28,0.08384073608033432,0.08373441028351833,0.08602797817135438,0.08539822843880862,0.08539822843880862,0.2942660910880838,2016,7,28,3,0.07734316206889975,0.07501525823803097,0.08136350682106899,0.07791897099105854,81.6864756961269,0.003444535830010448,0.002557444757416381,0.0008870910725940666,0.07734316206889975,0.0900060125441367,0.0646803115936628
2016-07-29,0.09232247483502787,0.09359011540288956,0.09536588527873796,0.09306937121113956,0.09306937121113956,0.32304193897264766,2016,7,29,4,0.0786287856015384,0.07543207570161031,0.083164409034926,0.0790412228592127,84.87907280053827,0.004123186175713306,0.0028705930410757663,0.0012525931346375396,0.0786287856015384,0.09221038029068894,0.06504719091238785
2016-08-01,0.08848305538914064,0.09420979079471872,0.09343507807983753,0.0944406720442949,0.0944406720442949,0.21757055305460293,2016,8,1,0,0.0798637831471686,0.07591863154608024,0.08489921872867506,0.0801819227988484,84.58675449124627,0.0047172959298266565,0.0032399336188259444,0.001477362311000712,0.0798637831471686,0.09449394181113485,0.06523362448320236
2016-08-02,0.09099420980859357,0.09269682772715579,0.09573301738982182,0.0938338186863788,0.0938338186863788,0.13289764376369234,2016,8,2,1,0.0811398515892839,0.07632988379556158,0.08627377256832179,0.08119317434607289,86.71093603655207,0.0050805982222489054,0.003608066539510537,0.0014725316827383685,0.0811398515892839,0.09597834282723637,0.06630136035133143
2016-08-03,0.09049527777993283,0.09182992296295309,0.09538287502236487,0.09454124876822179,0.09454124876822179,0.0869468760688106,2016,8,3,2,0.08240401765890967,0.07679216496926988,0.08754569198369101,0.08218192059956539,86.36671645536407,0.0053637713841256235,0.003959207508433554,0.0014045638756920694,0.08240401765890967,0.09728822979503665,0.0675198055227827
2016-08-04,0.09216055866747713,0.09211339093219992,0.09605424523961353,0.09401487556502075,0.09401487556502075,0.07334929423835979,2016,8,4,3,0.0836822654086639,0.07713763565586551,0.08854095099620328,0.08305843578219171,85.80519003299399,0.005482515214011566,0.0042638690495491564,0.0012186461644624093,0.0836822654086639,0.09789664479523257,0.06946788602209523
2016-08-05,0.09267599818885447,0.09507010312725442,0.0972593000847019,0.09757216277681935,0.09757216277681935,0.1344413529177952,2016,8,5,4,0.08496621221553297,0.07751951740982488,0.08993036819322114,0.08413352667068265,85.12179368753456,0.005796841522538496,0.004570463544147025,0.001226377978391471,0.08496621221553297,0.09933509809790807,0.07059732633315786
2016-08-08,0.09539199618686173,0.09493495827808215,0.09921422877635483,0.09741794155716504,0.09741794155716504,0.07035431360405248,2016,8,8,0,0.0860838617562033,0.07790602600154073,0.09108230255690482,0.08511755740301469,83.81643000711655,0.00596474515389013,0.004849319866095646,0.0011154252877944842,0.0860838617562033,0.10068549080791502,0.0714822327044916
2016-08-09,0.09509463663631701,0.09701486387657024,0.10005692413942135,0.09825613680290551,0.09825613680290551,0.0898586627966094,2016,8,9,1,0.08715038138688348,0.07825203326720487,0.09218596936398185,0.08609078550671032,83.38241617808592,0.0060951838572715356,0.005098492664330824,0.0009966911929407112,0.08715038138688348,0.10204849035956412,0.07225227241420284
2016-08-10,0.09597023422836942,0.09631342914720778,0.1008074982435263,0.09839695360418993,0.09839695360418993,0.04063560144572522,2016,8,10,2,0.08828529842017228,0.07858033784927898,0.09314150540093694,0.08700235351393103,86.9168663355669,0.006139151887005909,0.005306624508865841,0.0008325273781400674,0.08828529842017228,0.10296691237606331,0.07360368446428125
2016-08-11,0.09638325196046965,0.09728185735908138,0.10087275136850887,0.09845394417533831,0.09845394417533831,0.058078590510348395,2016,8,11,3,0.0893565116089505,0.07892030984095132,0.09395880367392176,0.08785061948885008,86.03464050743918,0.006108184185071683,0.00546693644410701,0.0006412477409646726,0.0893565116089505,0.10370278536112304,0.07501023785677796
2016-08-12,0.09522680891887275,0.09518711878934263,0.09999913589579235,0.09790743416955355,0.09790743416955355,0.03639271221378985,2016,8,12,4,0.09041883992812388,0.07927449748988016,0.09456628528863434,0.08859556872445773,88.05405655367055,0.005970716564176609,0.00556769246812093,0.0004030240960556791,0.09041883992812388,0.10392900791667271,0.07690867193957505
2016-08-15,0.09597023422836942,0.09653691917314869,0.09990056274939496,0.09764593736956845,0.09764593736956845,0.05466764034349839,2016,8,15,0,0.0912345725471128,0.07967750189814343,0.09504007791647036,0.08926596640187334,88.94210915746035,0.005774111514597016,0.005608976277416147,0.00016513523718086898,0.0912345725471128,0.10440016505726946,0.07806898003695614
2016-08-16,0.09483029867948917,0.09439108266555954,0.09763457014021215,0.09586893662635076,0.09586893662635076,0.06296854345957237,2016,8,16,1,0.09190814557603365,0.0800837917635475,0.09516759464106735,0.08975507530739019,80.24628056487191,0.00541251933367716,0.00556968488866835,-0.00015716555499119007,0.09190814557603365,0.10453760126759208,0.07927868988447521
2016-08-17,0.09384567762272966,0.09433505358882219,0.09766379739425468,0.09679766366419318,0.09679766366419318,0.053373512908921165,2016,8,17,2,0.09255724296850078,0.08050798547940059,0.095418374490779,0.09027674851900522,79.77232884821174,0.005141625971773783,0.005484073105289438,-0.0003424471335156543,0.09255724296850078,0.10476279292920598,0.08035169300779557
2016-08-18,0.09473448517392563,0.09501078442711533,0.09884335742597727,0.09598965015286132,0.09598965015286132,0.03444227729453416,2016,8,18,3,0.09320885628781753,0.08083803310525214,0.09550626305417628,0.09069992641780938,61.889208663732425,0.004806336636366898,0.00534852581150493,-0.0005421891751380319,0.09320885628781753,0.10462228799444548,0.08179542458118957
2016-08-19,0.09307911010366798,0.09311215092217304,0.09752785225077154,0.09529227170840526,0.09529227170840526,0.04757767075549311,2016,8,19,4,0.0937567003651554,0.08115212149362477,0.09547334130867305,0.09104010014303872,53.66838148001587,0.00443324116563433,0.00516546888233081,-0.0007322277166964802,0.0937567003651554,0.10440282708202007,0.08311057364829073
2016-08-22,0.09250750677900876,0.09226832626123635,0.09648084485270014,0.09419589891585278,0.09419589891585278,0.05588781763895693,2016,8,22,0,0.09429951527101883,0.08150577242937386,0.09527681170977763,0.09127386301509902,51.496593397882584,0.0040029486946786125,0.004932964844800371,-0.0009300161501217584,0.09429951527101883,0.10374909380115042,0.08484993674088724
2016-08-23,0.09323769569622703,0.09289459408473236,0.0970706248685615,0.09417244286009596,0.09417244286009596,0.05374326360451465,2016,8,23,1,0.09486378797517321,0.08186599535229452,0.0951069088098266,0.09148857263324693,48.384250021739106,0.0036183361765796673,0.00467003911115623,-0.0010517029345765627,0.09486378797517321,0.10264434878724822,0.0870832271630982
2016-08-24,0.09161867279467795,0.09225512162060742,0.09546785773358407,0.09335435088912936,0.09335435088912936,0.06703580111110083,2016,8,24,2,0.09533099699931466,0.08221045953403909,0.09483728451433471,0.09162677842997896,47.17834431394999,0.0032105060843557465,0.004378132505796133,-0.0011676264214403867,0.09533099699931466,0.10127216561827711,0.08938982838035221
2016-08-25,0.09043578340165925,0.0913948290653667,0.09414721280400379,0.0932772570432071,0.0932772570432071,0.05362309462844677,2016,8,25,3,0.09572494842953458,0.08254902362592105,0.09459728028800737,0.0917490361050329,23.889134846420617,0.0028482441829744687,0.0040721548412318,-0.0012239106582573314,0.09572494842953458,0.09956701622800686,0.0918828806310623
2016-08-26,0.09109663159787074,0.09277594349959076,0.09505314210283433,0.09332084319598566,0.09332084319598566,0.07578964882927686,2016,8,26,4,0.09573752202877689,0.08294585864895318,0.09440090535077325,0.09186546625991829,24.752066115703016,0.002535439090854963,0.0037648116911564327,-0.0012293726003014698,0.09573752202877689,0.09954448305746974,0.09193056100008404
2016-08-29,0.09101071730131016,0.0924166493813108,0.09531318919916515,0.09419589891585278,0.09419589891585278,0.046292787088305705,2016,8,29,0,0.09572528337235478,0.08348518686376119,0.09436936589924702,0.09203809090109862,25.092369623290168,0.0023312749981484054,0.0034781043525548274,-0.001146829354406422,0.09572528337235478,0.09955132460104466,0.0918992421436649
2016-08-30,0.09120565506257772,0.09224393426406866,0.09538966684064554,0.09316994793506644,0.09316994793506644,0.07239718619720653,2016,8,30,1,0.09569208983478916,0.08399065172241882,0.09418484005860385,0.09212193216287401,21.07589107805076,0.0020629078957298402,0.00319506506118983,-0.0011321571654599898,0.09569208983478916,0.0995979120439994,0.09178626762557893
2016-08-31,0.09043908754351604,0.09047186885470002,0.09489338140435916,0.09248600073122809,0.09248600073122809,0.0833602943215537,2016,8,31,2,0.09558932743293949,0.08446748423381564,0.0939234801620845,0.09214890020497431,19.118595137387786,0.001774579957110195,0.0029109680403739033,-0.0011363880832637083,0.09558932743293949,0.09972407731583781,0.09145457755004117
2016-09-01,0.09117924175257447,0.09110804510299145,0.0945262492932753,0.0930660184301566,0.0930660184301566,0.053456706815429696,2016,9,1,3,0.09554188457619628,0.08494572464500286,0.09379156297255714,0.09221683488832115,25.034440024564816,0.0015747280842359906,0.002643720049146321,-0.0010689919649103305,0.09554188457619628,0.09977334362450324,0.09131042552788932
2016-09-02,0.09242159248244819,0.09206394769469786,0.09592337866295286,0.09396458385027628,0.09396458385027628,0.0671005074828297,2016,9,2,4,0.09536150562986911,0.08541236523865646,0.09381818156912931,0.0923462977743919,32.186868509887915,0.001471883794737408,0.0024093527982645387,-0.0009374690035271306,0.09536150562986911,0.09953573820832924,0.09118727305140899
2016-09-06,0.09256697472414743,0.09472728349571016,0.09680377915533317,0.09685468105758943,0.09685468105758943,0.10131169059261794,2016,9,6,1,0.09533334260489035,0.08611551046640323,0.09428533533658472,0.09268025209166579,54.30593194820837,0.0016050832449189256,0.0022484988875954163,-0.0006434156426764906,0.09533334260489035,0.09945644349993665,0.09121024170984404
2016-09-07,0.09473118103206879,0.09496792702884851,0.09857143314592648,0.09694520614412938,0.09694520614412938,0.050554163855020755,2016,9,7,2,0.09526779607195153,0.08686713744360856,0.09469454623005313,0.0929961746140705,50.6954202705068,0.00169837161598263,0.002138473433272859,-0.000440101817290229,0.09526779607195153,0.09923394934264611,0.09130164280125695
2016-09-08,0.09426530363854352,0.09418343425291423,0.09768081433234921,0.0952587371930137,0.0952587371930137,0.0853661918451484,2016,9,8,3,0.09511088525139272,0.08750604338772179,0.09478134483973938,0.09316377184214038,46.8184124081947,0.001617572997599001,0.0020342933461380878,-0.0004167203485390867,0.09511088525139272,0.09879399895074237,0.09142777155204307
2016-09-09,0.0914600872021189,0.0918414663108019,0.09294898377028055,0.09000830229038126,0.09000830229038126,0.1422338488274281,2016,9,9,4,0.09468860315714486,0.08801264859424732,0.09404703060137659,0.09293003335682488,33.5284285830149,0.0011169972445517068,0.0018508341258208117,-0.0007338368812691049,0.09468860315714486,0.09868146962633413,0.0906957366879556
2016-09-12,0.08651378023420314,0.09086742793957978,0.09102496838966073,0.09314649187930962,0.09314649187930962,0.08912840517281223,2016,9,12,0,0.09445055604263267,0.08852844042066618,0.09390848618259706,0.09294606732145339,47.09811644026117,0.0009624188611436768,0.001673151072885385,-0.0007107322117417081,0.09445055604263267,0.09819539313629747,0.09070571894896787
2016-09-13,0.08960314626202892,0.08952587468778903,0.09163684391043903,0.09001835392776819,0.09001835392776819,0.09689316978027565,2016,9,13,1,0.09406917687054266,0.08893399307658773,0.09331000429723878,0.0927291996626619,40.19622147997898,0.0005808046345768814,0.0014546817852236842,-0.0008738771506468029,0.09406917687054266,0.09799313902981927,0.09014521471126605
2016-09-14,0.08799402917776655,0.09000710901461237,0.09276202180559828,0.09095712589743549,0.09095712589743549,0.0684593412891358,2016,9,14,2,0.0938235863340969,0.08938688659765498,0.09294802300496134,0.09259793493931179,44.37451848755985,0.00035008806564955364,0.0012337630413088582,-0.0008836749756593045,0.0938235863340969,0.09788566921254528,0.08976150345564853
2016-09-15,0.08907780092336492,0.0920243931046962,0.09305095622512671,0.09406516057420317,0.09406516057420317,0.08858302289681183,2016,9,15,3,0.09368696117959739,0.08988303126162495,0.09311989032330623,0.09270661831967411,51.61868382682759,0.0004132720036321147,0.0010696648337735096,-0.0006563928301413949,0.09368696117959739,0.09750429975979397,0.08986962259940082
2016-09-16,0.09134442902056339,0.0906894256921407,0.09464863799466472,0.09309955294554817,0.09309955294554817,0.15737513981198176,2016,9,16,4,0.09354245631923172,0.09037602390913715,0.09311676149595884,0.09273572458825738,49.56197157786057,0.00038103690770145693,0.000931939248559099,-0.0005509023408576421,0.09354245631923172,0.0972085854854971,0.08987632715296634
2016-09-19,0.09222662828804573,0.09209033060622893,0.09457417954240294,0.09203336859296629,0.09203336859296629,0.07635351864005693,2016,9,19,0,0.09337951116345979,0.09077882674820772,0.09295008566472922,0.09268369821823581,45.75156975530995,0.0002663874464934046,0.0007988288881459601,-0.0005324414416525555,0.09337951116345979,0.09700767175139756,0.08975135057552201
2016-09-20,0.09109663159787074,0.09186947755295474,0.09596414316987051,0.09394779982867557,0.09394779982867557,0.058402122368992705,2016,9,20,1,0.09336710620910092,0.09115648372990608,0.0931035801514902,0.09277733537456469,51.476593020103145,0.00032624477692551335,0.0007043120659018708,-0.00037806728897635743,0.09336710620910092,0.09698519655545365,0.0897490158627482
2016-09-21,0.09230593430089268,0.0931319414020372,0.09588631940224435,0.09556050089260415,0.09556050089260415,0.07589133027056508,2016,9,21,2,0.09343650911072635,0.09152917886397212,0.09348156795781543,0.09298349578330835,55.637526128120044,0.0004980721745070776,0.0006630640876229123,-0.00016499191311583465,0.09343650911072635,0.09717102302102071,0.08970199520043198
2016-09-22,0.09473118103206879,0.09731482610984774,0.0993328782384506,0.09924520048731733,0.09924520048731733,0.10532348563980737,2016,9,22,3,0.09373105159063574,0.09200011061495018,0.09436828065466187,0.0934473257613831,60.17221323055238,0.000920954893278772,0.0007146422487540842,0.0002063126445246878,0.09373105159063574,0.09827893397304414,0.08918316920822734
2016-09-23,0.09690859729913365,0.09701156766073679,0.10127387656408043,0.09914127098240749,0.09914127098240749,0.09845536646915817,2016,9,23,4,0.09402425228759577,0.09244234242660287,0.09510258685893043,0.09386909948145897,58.75084476366688,0.0012334873774714622,0.0008184112744975599,0.0004150761029739023,0.09402425228759577,0.09916624808447666,0.08888225649071488
2016-09-26,0.09563652250911614,0.09497122324468196,0.09750744280284512,0.09488657850390492,0.09488657850390492,0.10966805631303095,2016,9,26,0,0.09410253905299172,0.09280685664095925,0.09506935480431111,0.09394446829793644,46.81977393428843,0.00112488650637467,0.0008797063208729819,0.000245180185501688,0.09410253905299172,0.0992471186119444,0.08895795949403905
2016-09-27,0.0932443304130755,0.09604248679812818,0.09792828398741954,0.09783703918003528,0.09783703918003528,0.0745417402316488,2016,9,27,1,0.09428459606620085,0.09313697172476415,0.09549515240057638,0.09423280688179562,51.31917252148929,0.0012623455187807525,0.000956234160454536,0.00030611135832621654,0.09428459606620085,0.09969397777026186,0.08887521436213984
2016-09-28,0.0940208037494239,0.09466466857973757,0.09815331820672796,0.09735087252638186,0.09735087252638186,0.07052994518445937,2016,9,28,2,0.09449364229576662,0.0934360396543331,0.09578064780454645,0.09446377470732052,53.20855614973254,0.0013168730972259318,0.0010283619478088151,0.0002885111494171167,0.09449364229576662,0.10004298656899192,0.08894429802254132
2016-09-29,0.09520697085116453,0.09597986528972388,0.0979024492432089,0.09515480768810386,0.09515480768810386,0.08947042456623622,2016,9,29,3,0.0946270826436104,0.09366282149179816,0.09568436470970913,0.0945149623355267,58.70869909964876,0.001169402374182435,0.0010565700330835391,0.00011283234109889587,0.0946270826436104,0.10010099575070118,0.08915316953651962
2016-09-30,0.09351857418719,0.09437790439465735,0.09785415866738567,0.09591922834109518,0.09591922834109518,0.11448405912313622,2016,9,30,4,0.09476974313915734,0.09392205838328954,0.09572049757607622,0.09461898203964288,55.101761825163855,0.0011015155364333395,0.0010655591337534992,3.595640267984039e-05,0.09476974313915734,0.1002210273148378,0.08931845896347688
2016-10-03,0.09283131268097528,0.09277098599097724,0.09629387608940099,0.09433336293615419,0.09433336293615419,0.0861519120732846,2016,10,3,0,0.09478818209345123,0.09412201783877966,0.09550709224685744,0.09459782506901408,58.417220339656964,0.0009092671778433564,0.0010343007425714706,-0.0001250335647281142,0.09478818209345123,0.10023048650725683,0.08934587767964564
2016-10-04,0.09341942349835114,0.09364284826379346,0.09744626204938417,0.09563089588212248,0.09563089588212248,0.07899723611355045,2016,10,4,1,0.09472699283467788,0.09436784374045043,0.09552613895997514,0.09467434883294804,58.991203571718984,0.0008517901270271022,0.000997798619462597,-0.0001460084924354947,0.09472699283467788,0.10009852762235959,0.08935545804699617
2016-10-05,0.09450319524394951,0.09475037019140778,0.09838447118124427,0.09564432712274018,0.09564432712274018,0.103012543792348,2016,10,5,2,0.09466194888360843,0.09462299050736508,0.09554432175424668,0.09474619907663635,53.44853590869781,0.0007981226776103273,0.0009578634310921431,-0.0001597407534818158,0.09466194888360843,0.09995126285725214,0.08937263490996472
2016-10-06,0.09440077345467235,0.09422625868902271,0.09834707198969089,0.0957750654643898,0.0957750654643898,0.06691563213503296,2016,10,6,3,0.09468776529717722,0.09485828840852686,0.09557982078657638,0.09482241140165512,56.06380906035652,0.0007574093849212621,0.000917772621857967,-0.0001603632369367049,0.09468776529717722,0.09999435590594297,0.08938117468841147
2016-10-07,0.09461885342550497,0.0939559953604048,0.09671878964549702,0.09517829056610849,0.09517829056610849,0.05420545197400652,2016,10,7,4,0.0949462647109636,0.09505388965107285,0.0955180469065044,0.09484877282124425,57.282639751552864,0.0006692740852601436,0.0008680729145384024,-0.00019879882927825872,0.0949462647109636,0.09977526363831848,0.09011726578360871
2016-10-10,0.09397454576342867,0.09715991715053798,0.09845924236988335,0.09881940400804312,0.09881940400804312,0.07654763775524354,2016,10,10,0,0.09522991031740026,0.09516889030701094,0.09602594799904882,0.09514289364989602,60.44575125808775,0.0008830543491527981,0.0008710692014612816,1.1985147691516516e-05,0.09522991031740026,0.10027537257695651,0.09018444805784401
2016-10-11,0.09693173950869871,0.09811579337251772,0.10006031664925324,0.09785714916037108,0.09785714916037108,0.09481332211756224,2016,10,11,1,0.0956218500790304,0.09523721984933245,0.09630767125463685,0.09534394961363492,55.06580537370373,0.0009637216410019328,0.000889599689369412,7.412195163252085e-05,0.0956218500790304,0.10015451522069396,0.09108918493736684
2016-10-12,0.09597353837022626,0.09674789017135418,0.10056342789690476,0.09888644621657844,0.09888644621657844,0.0545936902043797,2016,10,12,2,0.09601831609498754,0.09533827239993645,0.09670440586416633,0.09560635676940851,49.10368540917586,0.0010980490947578164,0.000931289570447093,0.00016675952431072347,0.09601831609498754,0.10020710396953791,0.09182952822043716
2016-10-13,0.0951342929468823,0.09447019843799451,0.09748366124093755,0.09622099204068568,0.09622099204068568,0.09414777086549395,2016,10,13,3,0.09612610766831167,0.09537186726538574,0.09663003450670778,0.09565188530802163,43.531841239222004,0.0009781491986861485,0.0009406614960949042,3.74877025912443e-05,0.09612610766831167,0.10021298303916991,0.09203923229745344
2016-10-14,0.09527636443844112,0.09537004558323695,0.09850343337971734,0.09633497318298251,0.09633497318298251,0.04674573169040774,2016,10,14,4,0.09628787868018339,0.09541826921774497,0.0965846404569039,0.09570248440987059,53.928690303183586,0.0008821560470333167,0.0009289604062825867,-4.680435924926999e-05,0.09628787868018339,0.10011842922514366,0.09245732813522312
2016-10-17,0.09466511141150019,0.09599633977645958,0.09901333644564947,0.09681444098023195,0.09681444098023195,0.06897699226296669,2016,10,17,0,0.09652693229954667,0.09540311478181324,0.09661999438356976,0.09578485156323069,46.79688602711383,0.0008351428203390715,0.0009101968890938837,-7.505406875481224e-05,0.09652693229954667,0.09979498458068135,0.093258880018412
2016-10-18,0.09732494560622551,0.10119118911487215,0.10175489230681495,0.10194418917860165,0.10194418917860165,0.1580776661336094,2016,10,18,1,0.09692675176704299,0.09549363973424194,0.09743910127511313,0.0962410987939989,61.145502121222,0.0011980024811142215,0.0009677580074979512,0.00023024447361627023,0.09692675176704299,0.10077186959543888,0.0930816339386471
2016-10-19,0.10075792917059129,0.10217674446421646,0.10599212348958781,0.10403633121753186,0.10403633121753186,0.1312614969356911,2016,10,19,2,0.09735054328328938,0.09560924362253446,0.09845405972779292,0.0968185234179643,71.65990459510147,0.001635536309828614,0.0011013136679640838,0.0005342226418645303,0.09735054328328938,0.10227771640938019,0.09242337015719856
2016-10-20,0.10242983816670032,0.10196909605157115,0.10531224140398349,0.10251750802112614,0.10251750802112614,0.13040182656843624,2016,10,20,3,0.09751415865997981,0.09569165471087318,0.09907920561907496,0.09724067042560591,65.52052540079652,0.0018385351934690486,0.001248757973065077,0.0005897772204039716,0.09751415865997981,0.10290202641849103,0.0921262909014686
2016-10-21,0.09968739381727126,0.10049566120428324,0.10462220218473417,0.10332216875147504,0.10332216875147504,0.08498719738216506,2016,10,21,4,0.09772320354843318,0.09578901920239594,0.09973196917790574,0.09769115178307769,71.95023543490109,0.0020408173948280456,0.0014071698574176707,0.0006336475374103749,0.09772320354843318,0.10367210537677742,0.09177430172008895
2016-10-24,0.10295848764722115,0.10566413422359641,0.10830025392630149,0.10792889652762666,0.10792889652762666,0.1248555661345338,2016,10,24,0,0.09837531944961928,0.09598944844955738,0.10099303492401664,0.09844950324563687,75.85284795762482,0.0025435316783797707,0.0016344422216100908,0.0009090894567696799,0.09837531944961928,0.10571238370041272,0.09103825519882583
2016-10-25,0.10685077336281723,0.10615857319104863,0.10840902499804517,0.10610498367289539,0.10610498367289539,0.1136613638254407,2016,10,25,1,0.09878871667426228,0.09615862937562394,0.10177948857769029,0.09901657586987823,70.43488398596267,0.0027629127078120513,0.001860136318850483,0.0009027763889615683,0.09878871667426228,0.10688997647486913,0.09068745687365544
2016-10-26,0.10343429729116804,0.10296123724015074,0.10541084854346527,0.10322159202754816,0.10322159202754816,0.12025216997439478,2016,10,26,2,0.0990822526493206,0.09630568248364789,0.10200135064689919,0.09932805854822416,63.134246308336444,0.002673292098675034,0.0020227674748153936,0.0006505246238596406,0.0990822526493206,0.10738702831949366,0.09077747697914755
2016-10-27,0.10166987232306851,0.10181086450670127,0.10377237507254206,0.10197437761857225,0.10197437761857225,0.22207226777345374,2016,10,27,3,0.09942323114584402,0.09640921676273546,0.1019972009502335,0.09952408218306476,61.7181231208801,0.0024731187671687416,0.002112837733286063,0.0003602810338826784,0.09942323114584402,0.10760817761242872,0.09123828467925932
2016-10-28,0.10409842319610141,0.10576633669172894,0.10448283053833468,0.10198107647497617,0.10198107647497617,0.3626422384707111,2016,10,28,4,0.09972632355253806,0.09652904528917775,0.10199472026173237,0.09970608176024337,56.2326536590369,0.0022886385014889987,0.0021479978869266506,0.0001406406145623481,0.09972632355253806,0.10781329348891346,0.09163935361616267
2016-10-31,0.09984268187625722,0.09962546681667875,0.10122289373596582,0.09835001467042848,0.09835001467042848,0.19231658054556713,2016,10,31,0,0.09992715613925177,0.09659020014841822,0.10143399632460869,0.099605632346183,50.879094040732525,0.0018283639784256872,0.002084071105226458,-0.0002557071268007708,0.09992715613925177,0.10764111028185828,0.09221320199664525
2016-11-01,0.0956860846369682,0.09719615574741111,0.09834707198969089,0.09803819933345104,0.09803819933345104,0.19038463316109114,2016,11,1,1,0.1000475213118182,0.09666704615677019,0.10091156601827674,0.09948952619709174,48.44729310109072,0.001422039821184995,0.0019516648484181655,-0.0005296250272331705,0.1000475213118182,0.10755148125678586,0.09254356136685053
2016-11-02,0.0941364354978445,0.09461192912640207,0.09423731487374681,0.09303920959341683,0.09303920959341683,0.1410229152993594,2016,11,2,2,0.09991726543535204,0.09664438149143662,0.09970043426060599,0.09901172496718989,44.63418401768272,0.0006887092934160927,0.001699073737417751,-0.0010103644440016583,0.09991726543535204,0.10782274258760736,0.09201178828309671
2016-11-03,0.09051839355636299,0.09075536319367347,0.09273481374077436,0.09083641907648693,0.09083641907648693,0.14756750261136428,2016,11,3,3,0.09967033311595688,0.09659402285518376,0.09833673961689536,0.09840614675306375,41.33743418290665,-6.940713616838956e-05,0.001345377562700523,-0.0014147846988689125,0.09967033311595688,0.10838744443564946,0.0909532217962643
2016-11-04,0.08503683543249652,0.09089051463527739,0.08985593261689556,0.09079955860236028,0.09079955860236028,0.16527856093029275,2016,11,4,4,0.09945139651776948,0.09654446888636682,0.09717717330696689,0.09784269577893756,40.38997668093636,-0.0006655224719706726,0.0009431975557662839,-0.0016087200277369565,0.09945139651776948,0.10883779957168901,0.09006499346384994
2016-11-07,0.09291388979426046,0.0957787829390189,0.09733067196489226,0.09767273950074623,0.09767273950074623,0.11446557158835655,2016,11,7,0,0.09939406329240463,0.09663150681246205,0.09725341425985602,0.09783010642499747,43.53560334443204,-0.0005766921651414458,0.0006392196115847379,-0.0012159117767261839,0.09939406329240463,0.10881067945922417,0.0899774471255851
2016-11-08,0.09585457604681391,0.09922103431877524,0.09992774361975126,0.10035162491725669,0.10035162491725669,0.09429567114373133,2016,11,8,1,0.09951878708024893,0.09675462133249012,0.09773006205330227,0.09801688557257222,44.52088505006276,-0.000286823519269952,0.0004540109854138,-0.0007408345046837519,0.09951878708024893,0.10891575001525358,0.09012182414524428
2016-11-09,0.09471136939749542,0.09776872821497992,0.09703153962001754,0.09860816539499256,0.09860816539499256,0.2089368743124948,2016,11,9,2,0.09950487303916962,0.09686338568168862,0.09786515487510078,0.0980606840779367,44.22543124043678,-0.00019552920283591457,0.00032410294776385714,-0.0005196321505997717,0.09950487303916962,0.10890660119815919,0.09010314488018005
2016-11-10,0.09842189426954884,0.09774991341500247,0.09040629425198493,0.09098058195319231,0.09098058195319231,0.4065778648746083,2016,11,10,3,0.09924285253479495,0.09683327730612792,0.09680598981019178,0.09753623206869637,34.82812128534205,-0.0007302422585045848,0.00011323390651016879,-0.0008434761650147536,0.09924285253479495,0.10929922949037905,0.08918647557921085
2016-11-11,0.08697966423601217,0.08773273327438116,0.08979441873120664,0.0881173204048668,0.0881173204048668,0.19273255007810983,2016,11,11,4,0.09883196989588917,0.09673430334562211,0.09546927144014179,0.0968385349084127,24.554288652388692,-0.0013692634682709037,-0.00018326556844604572,-0.0011859978998248581,0.09883196989588917,0.10999880160964705,0.0876651381821313
2016-11-14,0.08666906829318907,0.08676694862760603,0.08203038463698589,0.08210243802699513,0.08210243802699513,0.3057468501862619,2016,11,14,0,0.09809636974822733,0.0964970604291565,0.09341283553042692,0.09574697217645585,22.16778368815821,-0.0023341366460289253,-0.0006134397839626217,-0.0017206968620663036,0.09809636974822733,0.1115308170823098,0.08466192241414486
2016-11-15,0.08381759387076926,0.088931217574136,0.08863524095294278,0.0896160135042508,0.0896160135042508,0.18831402926576754,2016,11,15,1,0.0974799609645098,0.09635228707808972,0.09282870906486136,0.09529282708962585,35.753398437549365,-0.0024641180247644834,-0.000983575432122994,-0.0014805425926414893,0.0974799609645098,0.11129690185490511,0.08366302007411448
2016-11-16,0.08653689601063333,0.08957202170945763,0.08983860974104058,0.09162432260748299,0.09162432260748299,0.10406633327478948,2016,11,16,2,0.09685936053400734,0.09624586940735678,0.0926434188406493,0.09502108601687452,39.33233764070605,-0.002377667176225215,-0.0012623937809434383,-0.0011152733952817767,0.09685936053400734,0.11055078640060831,0.08316793466740638
2016-11-17,0.090409370091656,0.0916618027705828,0.0945024405369001,0.09388746318210617,0.09388746318210617,0.08848134145552361,2016,11,17,3,0.09642785829205633,0.09621844392713864,0.09283481027779651,0.09493711395503983,42.028791976962594,-0.002102303677243317,-0.0014303757602034141,-0.0006719279170399027,0.09642785829205633,0.10991083455981955,0.0829448820242931
2016-11-18,0.0918797132179327,0.09241994559714431,0.09306454666030489,0.09030333360575798,0.09030333360575798,0.11095293998021835,2016,11,18,4,0.0957769165347705,0.09622434455344617,0.09244535232825211,0.09459387096620414,42.06768139445814,-0.0021485186379520266,-0.0015740043357531366,-0.00057451430219889,0.0957769165347705,0.10911470902489517,0.08243912404464582
2016-11-21,0.08898528495137448,0.09067295779783666,0.09326849836861406,0.09320683523144102,0.09320683523144102,0.09094018358122036,2016,11,21,0,0.09504081346996121,0.09622555142048882,0.09256250354412733,0.09449112757844391,45.4688304391537,-0.0019286240343165811,-0.0016449282754658256,-0.0002836957588507555,0.09504081346996121,0.10712043625197012,0.0829611906879523
2016-11-22,0.09229602848360602,0.09306600390050448,0.09544404897720893,0.09289504671671145,0.09289504671671145,0.11520507297954355,2016,11,22,1,0.094380316622152,0.09628308527626768,0.0926136640322172,0.09437289936646373,49.85176160226273,-0.0017592353342465311,-0.0016677896872219669,-9.144564702456425e-05,0.094380316622152,0.1053017628547019,0.0834588703896021
2016-11-23,0.09067700558205694,0.09020587742180228,0.09144988194575682,0.09045420874999127,0.09045420874999127,0.10460247178340004,2016,11,23,2,0.09374194745827416,0.0962730269333188,0.09228144014264397,0.09408262598746578,49.60889914155289,-0.0018011858448218065,-0.001694468918741935,-0.00010671692607987161,0.09374194745827416,0.1039571714998366,0.08352672341671172
2016-11-25,0.08953046835774675,0.08912372976367397,0.0932413174982577,0.09068555063781564,0.09068555063781564,0.022240504339948793,2016,11,25,4,0.09317750610923634,0.09620543473459103,0.09203591868036269,0.09383099077638057,49.883802592619624,-0.0017950720960178829,-0.0017145895541971245,-8.048254182075839e-05,0.09317750610923634,0.10270158180680238,0.0836534304116703
2016-11-28,0.08812289731846551,0.09391313796213799,0.09299657408856327,0.09288496825707665,0.09288496825707665,0.17021473271646592,2016,11,28,0,0.09272270069834136,0.09620114304082161,0.09216654169216484,0.09376091503420991,44.60643601752529,-0.001594373342045069,-0.0016905463117667134,9.61729697216444e-05,0.09272270069834136,0.10129817187418168,0.08414722952250105
2016-11-29,0.09193257287935785,0.09357361454642724,0.09586557002347312,0.09375669801820874,0.09375669801820874,0.11737735831615534,2016,11,29,1,0.09249303486573038,0.09623560962932645,0.09241118112694083,0.09376060266265428,42.25528659820253,-0.0013494215357134492,-0.0016223213565560606,0.0002728998208426114,0.09249303486573038,0.10067075058062921,0.08431531915083154
2016-11-30,0.09145018138483219,0.0917574193994801,0.09130711099090855,0.08946513836001752,0.08946513836001752,0.1891367245634631,2016,11,30,2,0.0920643818170587,0.09614595639995331,0.09195794377818339,0.09344242012171822,39.869235397534226,-0.001484476343534824,-0.0015947523539518135,0.0001102760104169894,0.0920643818170587,0.09991027719104235,0.08421848644307504
2016-12-01,0.08727705021969173,0.08742617860943677,0.0852546354992596,0.08607212400526004,0.08607212400526004,0.24691027074994681,2016,12,1,3,0.09171602753765087,0.09595618886220642,0.09105243304388749,0.09289647226123983,43.99804460350582,-0.0018440392173523362,-0.0016446097266319183,-0.00019942949072041796,0.09171602753765087,0.09998684755621433,0.08344520751908742
2016-12-02,0.08303121471713423,0.08549789893928827,0.08731970858326943,0.08693715490998816,0.08693715490998816,0.10220833602943216,2016,12,2,4,0.09152106432932591,0.09571002795065983,0.09041931333097991,0.0924550413463323,48.482775862068976,-0.0020357280153523866,-0.001722833384376012,-0.00031289463097637464,0.09152106432932591,0.10005871348742124,0.08298341517123059
2016-12-05,0.0873662620498254,0.08876114602199223,0.09065103766167937,0.09096717753482247,0.09096717753482247,0.09681921964115695,2016,12,5,0,0.09152944527594904,0.09554654608170812,0.09050360013157108,0.09234482921214639,62.00943386970711,-0.00184122908057531,-0.0017465125236158716,-9.471655695943854e-05,0.09152944527594904,0.10006444094651439,0.0829944496053837
2016-12-06,0.08968575641673271,0.09038619361275643,0.09216033741154939,0.08982389933631835,0.08982389933631835,0.12422698995202486,2016,12,6,1,0.09113700326772764,0.09544529249835638,0.09039903077845526,0.09215809366578875,50.34038238066081,-0.0017590628873334901,-0.0017490225963593955,-1.004029097409465e-05,0.09113700326772764,0.09919087224490258,0.0830831342905527
2016-12-07,0.088453304895862,0.09122012962619278,0.09163684391043903,0.09387405876373633,0.09387405876373633,0.13072535842708055,2016,12,7,2,0.09081312496005162,0.09536603289003041,0.09093365046849851,0.09228520219156265,53.452744748015725,-0.0013515517230641427,-0.0016695284217003452,0.00031797669863620247,0.09081312496005162,0.09775031844100293,0.0838759314791003
2016-12-08,0.0922464729640377,0.09346814223218783,0.09552224666876435,0.09562754310113947,0.09562754310113947,0.10549911722021427,2016,12,8,3,0.09066409384535896,0.09533156630152557,0.09165578779659711,0.09253278299967946,52.71299983355959,-0.000876995203082348,-0.001511021777976746,0.0006340265748943979,0.09066409384535896,0.09699802693467482,0.0843301607560431
2016-12-09,0.09473118103206879,0.09717638504484197,0.09953037126070718,0.09994257893177338,0.09994257893177338,0.1363548127674915,2016,12,9,4,0.09111219369428802,0.09542732172639896,0.0929306787404704,0.09308165677242716,64.69388072187371,-0.00015097803195676662,-0.0012390130287727502,0.0010880349968159836,0.09111219369428802,0.0986869178141749,0.08353746957440115
2016-12-12,0.0963964619196131,0.09777629632653359,0.1013435691858971,0.09993588007536947,0.09993588007536947,0.16244072434161266,2016,12,12,0,0.09170312167781315,0.09550765476108446,0.09400840202276256,0.09358937701708955,61.251303960181986,0.00041902500567300716,-0.0009074054218835988,0.001326430427556606,0.09170312167781315,0.1000941240492335,0.0833121193063928
2016-12-13,0.0993239382130231,0.10210424090074346,0.10439784102849858,0.10222582278117043,0.10222582278117043,0.16623991273883584,2016,12,13,1,0.09270929091552191,0.09566550395798477,0.09527262060097916,0.0942291137403548,64.63350253465453,0.001043506860624363,-0.0005172229653820064,0.0015607298260063695,0.09270929091552191,0.10107902278616776,0.08433955904487606
2016-12-14,0.10048038125461994,0.10197897810663989,0.104625594694566,0.10255104253651776,0.10255104253651776,0.1254748985496529,2016,12,14,2,0.09335604236713527,0.09580390689107268,0.09639237782183124,0.09484555291044094,70.31992848826935,0.0015468249113902988,-0.0001044133900275454,0.0016512383014178442,0.09335604236713527,0.10266562900569362,0.08404645572857691
2016-12-15,0.10046056962004657,0.10164936311572456,0.10425507007365031,0.10281257286431272,0.10281257286431272,0.11829249128774924,2016,12,15,3,0.09391545487997674,0.09594727180590412,0.09738010013605916,0.09543570253665366,70.3499993473604,0.001944397599405498,0.0003053488078590633,0.0016390487915464347,0.09391545487997674,0.10409120711738712,0.08373970264256636
2016-12-16,0.10147163041994417,0.10094264784859683,0.1033610519516242,0.10044885556576261,0.10044885556576261,0.19384180216489033,2016,12,16,4,0.09424352449915958,0.09604074760793158,0.09785221635601354,0.09580704720547654,62.623131265113,0.002045169150536999,0.0006533128763946505,0.0013918562741423485,0.09424352449915958,0.10483026031210056,0.0836567886862186
2016-12-19,0.09810802722628748,0.09988916408335638,0.10199452315660246,0.10158878768884572,0.10158878768884572,0.0818350727022305,2016,12,19,0,0.09480779720331396,0.09616895755038633,0.09842707348414158,0.09623532427831871,62.9547561409256,0.0021917492058228655,0.0009610001422802935,0.001230749063542572,0.09480779720331396,0.10570864068036485,0.08390695372626307
2016-12-20,0.10026892939235205,0.10021548945086992,0.10437405946659095,0.10233310506706328,0.10233310506706328,0.05585084256939759,2016,12,20,1,0.09526411069509508,0.09623923157156673,0.09902800141997568,0.09668701174415163,74.11412887632616,0.002340989675824051,0.001236998048989045,0.0011039916268350061,0.09526411069509508,0.10663663145053397,0.08389158993965619
2016-12-21,0.09996494173324261,0.09956482963020621,0.10227667255646705,0.10170950121535627,0.10170950121535627,0.07991236908514435,2016,12,21,2,0.09570483342002731,0.09631627861266644,0.09944053985003423,0.0970590480012779,82.69779704996444,0.0023814918487563286,0.001465896808942502,0.0009155950398138267,0.09570483342002731,0.10737019779948107,0.08403946904057355
2016-12-22,0.09881510036707564,0.09845861300406192,0.10277977700550173,0.10060307678541691,0.10060307678541691,0.057810521256043114,2016,12,22,3,0.09621227682179859,0.09635061122404322,0.09961939168624695,0.09732156865195488,78.28988975538525,0.0022978230342920736,0.0016322820540124162,0.0006655409802796574,0.09621227682179859,0.10779863178671317,0.084625921856884
2016-12-23,0.09833268243941518,0.0982674390781523,0.10233784651131117,0.10015044464715511,0.10015044464715511,0.025568260600290257,2016,12,23,4,0.09668552152226557,0.09642920027617259,0.09970109214177128,0.09753111502196972,72.31550721624362,0.002169977119801561,0.0017398210671702454,0.00043015605263131565,0.09668552152226557,0.10809320548942518,0.08527783755510597
2016-12-27,0.09826000453513295,0.09995510817732081,0.1024660208356804,0.10070030072836084,0.10070030072836084,0.040885183165250825,2016,12,27,1,0.09707628814582978,0.09651650682708017,0.09985481653970814,0.09776586951873943,77.21474216249224,0.0020889470209687067,0.0018096462579299379,0.0002793007630387688,0.09707628814582978,0.10847123374713755,0.085681342544522
2016-12-28,0.09925786198417075,0.09875855546004439,0.10095094226144741,0.09852099308943557,0.09852099308943557,0.07459720283598784,2016,12,28,2,0.09731450289939111,0.09655063786926422,0.09964961293197389,0.09782180459805026,62.82854072033393,0.001827808333923625,0.0018132786731286754,1.4529660794949679e-05,0.09731450289939111,0.10861606588726348,0.08601293991151875
2016-12-29,0.09583146027038375,0.09602271609555904,0.09949603144675767,0.09776327129284818,0.09776327129284818,0.03674397537460367,2016,12,29,3,0.09772940954603265,0.09646701951154917,0.09935940652595454,0.09781746879766491,56.239003423703664,0.0015419377282896302,0.0017590104841608664,-0.00021707275587123627,0.09772940954603265,0.10840985126016321,0.0870489678319021
2016-12-30,0.09563982665097298,0.09498440151558421,0.09660322675547273,0.09408527055453897,0.09408527055453897,0.1315572974921659,2016,12,30,4,0.0981300668734966,0.0962679982982893,0.09854800099189061,0.09754100966854447,32.22785939195066,0.0010069913233461403,0.0016086066519979214,-0.0006016153286517811,0.0981300668734966,0.10748863327486242,0.08877150047213077
2017-01-03,0.09433797493454199,0.09724230276907972,0.09843546080797572,0.09888644621657844,0.09888644621657844,0.12113957164381917,2017,1,3,1,0.09872753143882611,0.09619537706219836,0.09860006948799643,0.09764067163506551,47.53345786191191,0.0009593978529309211,0.0014787648921845214,-0.0005193670392536003,0.09872753143882611,0.10646220643996601,0.0909928564376862
2017-01-04,0.09749343701607127,0.09780596886146645,0.10093735182626928,0.09914127098240749,0.09914127098240749,0.06712823878499921,2017,1,4,2,0.09913623611120537,0.096111759106817,0.09868333125636737,0.09775182714227602,41.98328965378553,0.0009315041140913471,0.0013693127365658865,-0.0004378086224745394,0.09913623611120537,0.10595381378000462,0.09231865844240611
2017-01-05,0.09674010588928794,0.0988409674483128,0.10156960960050637,0.10152844433671437,0.10152844433671437,0.09136539688115289,2017,1,5,3,0.09972146336122516,0.09598375006299875,0.09912104096103615,0.09803157656408627,47.59955926334015,0.001089464396949874,0.001313343068642684,-0.00022387867169280993,0.09972146336122516,0.10501157748465816,0.09443134923779216
2017-01-06,0.09977330150554808,0.10326449568926169,0.1040116727901016,0.10559536096348521,0.10559536096348521,0.11955888742015697,2017,1,6,4,0.1003075284712126,0.09597355760881056,0.10011709019218216,0.09859185688996767,55.54216523143583,0.0015252333022144904,0.0013557211153570454,0.00016951218685744502,0.1003075284712126,0.10546548189209985,0.09514957505032536
2017-01-09,0.10345411553402512,0.10394548728802497,0.10762377794776284,0.10576300671819527,0.10576300671819527,0.08576367384291142,2017,1,9,0,0.1008143016520654,0.09602438590262348,0.10098569273464572,0.09912305317354009,61.5981222872434,0.0018626395611056334,0.001457104804506763,0.0004055347565988705,0.1008143016520654,0.10602754178585777,0.09560106151827302
2017-01-10,0.10393653346168563,0.10366993682921019,0.1078549309222791,0.1051393760442404,0.1051393760442404,0.07672326933565043,2017,1,10,1,0.10107414150768876,0.09608768587113685,0.10162472093612182,0.0995687067195179,57.927816161755885,0.002056014216603924,0.0015768866869261952,0.00047912752967772896,0.10107414150768876,0.10661235190218567,0.09553593111319185
2017-01-11,0.10299153567407288,0.1033469076775301,0.10712749251147641,0.10618545712204841,0.10618545712204841,0.06647193130032075,2017,1,11,2,0.1013866203600227,0.09617177348407831,0.10232637265703359,0.10005883637896461,58.487228405470354,0.002267536278068985,0.0017150166051547531,0.0005525196729142319,0.1013866203600227,0.10734380047416028,0.09542944024588512
2017-01-12,0.10369860881486098,0.10309638208932301,0.10637963785413052,0.10566578277525135,0.10566578277525135,0.09302003124393379,2017,1,12,3,0.10155861835972675,0.09631808884617475,0.10284012805983633,0.10047416574165252,58.756297113330966,0.002365962318183812,0.001845205747760565,0.0005207565704232469,0.10155861835972675,0.10780923146426574,0.09530800525518776
2017-01-13,0.1038109694628434,0.10436015123987555,0.10893591100898742,0.10617540548466153,0.10617540548466153,0.0695501058411366,2017,1,13,4,0.10173983650713395,0.09648083296919899,0.1033532476636556,0.10089647979669022,62.66768658443303,0.002456767866965373,0.0019675181716015265,0.0004892496953638466,0.10173983650713395,0.10831340874977509,0.0951662642644928
2017-01-17,0.10367879718028766,0.10301397010105454,0.10678756166659958,0.10507903269210905,0.10507903269210905,0.09385197030901915,2017,1,17,1,0.10185315949852376,0.09672162943117281,0.10361875305264844,0.10120629852968421,60.88565060941864,0.002412454522964222,0.0020565054418740657,0.0003559490810901562,0.10185315949852376,0.1085809326188143,0.09512538637823323
2017-01-18,0.10325917777275756,0.10270578051305676,0.10699831199180637,0.10556855212674537,0.10556855212674537,0.08759393978609922,2017,1,18,2,0.10210914432657288,0.09701627209217799,0.10391872214097105,0.10152942842576282,60.781121269163066,0.0023892937152082266,0.002123063096540898,0.00026623061866732885,0.10210914432657288,0.10899957141903341,0.09521871723411235
2017-01-19,0.10303119198463823,0.10378529119851829,0.10727365597615662,0.10426263052275786,0.10426263052275786,0.05292056830681912,2017,1,19,3,0.10224283646826848,0.09728553353058594,0.1039716311227844,0.10173188784035504,63.22696970239996,0.00223974328242936,0.0021463991337185902,9.33441487107698e-05,0.10224283646826848,0.10919424209962182,0.09529143083691514
2017-01-20,0.10362263337700572,0.10293817691417975,0.10723625678460325,0.10521649671241051,0.10521649671241051,0.12231353010232851,2017,1,20,4,0.10238700605053586,0.09743640867481922,0.1041631489058038,0.10199000701606285,67.0161656015034,0.002173141889740951,0.0021517476849230626,2.1394204817888444e-05,0.10238700605053586,0.10946474729971076,0.09530926480136095
2017-01-23,0.10373496098356955,0.10753968103284098,0.10793312181521764,0.11000762744262499,0.11000762744262499,0.14945323115889111,2017,1,23,0,0.10280191236189928,0.09762952872532658,0.10506229944993013,0.10258390482543782,84.59343067182235,0.002478394624492314,0.002217077072836913,0.0002613175516554007,0.10280191236189928,0.11064404436671427,0.0949597803570843
2017-01-24,0.10870771430290715,0.10919767100464492,0.11271967444469455,0.11153650227641759,0.11153650227641759,0.10419574601824719,2017,1,24,1,0.10334858363644932,0.09788809546295509,0.10605833065400512,0.10324706019217707,82.03964521883773,0.0028112704618280526,0.0023359157506351413,0.0004753547111929113,0.10334858363644932,0.11202525055342322,0.09467191671947542
2017-01-25,0.11112632631723479,0.11245106240200678,0.11518043383075793,0.11549278383631262,0.11549278383631262,0.10609071833316386,2017,1,25,2,0.1041157005959072,0.0983783395006175,0.10750978498974473,0.1041541508324834,84.87547232416411,0.003355634157261325,0.0025398594319603783,0.0008157747253009469,0.1041157005959072,0.11420045452556472,0.09403094666624968
2017-01-26,0.11383241849795533,0.11318611853287067,0.11584329897826784,0.11431258481362411,0.11431258481362411,0.24284301309841838,2017,1,26,3,0.10479631480017038,0.09890224478879266,0.10855636957803387,0.10490662742367901,78.74683279383034,0.0036497421543548597,0.0027618359764392747,0.000887906177915585,0.10479631480017038,0.11571353944504545,0.0938790901552953
2017-01-27,0.11280814113063059,0.1144881106022281,0.11360996012604391,0.11134874654137172,0.11134874654137172,0.24209426793984157,2017,1,27,4,0.10543770247276715,0.09948717095908016,0.108985966033932,0.105383821432397,63.612545343314665,0.003602144601535004,0.0029298977014584207,0.0006722469000765832,0.10543770247276715,0.11630977831644139,0.09456562662909292
2017-01-30,0.10618334992431072,0.10588169106103709,0.1065938078836367,0.10431125925813467,0.10431125925813467,0.268050766770505,2017,1,30,0,0.1057651018710315,0.09978107587415785,0.10826678037611702,0.10530437238245163,47.40782531463624,0.0029624079936653863,0.0029363997598998138,2.6008233765572545e-05,0.1057651018710315,0.11604218757842391,0.09548801616363908
2017-01-31,0.10030195759435268,0.10107251216000387,0.1034392428445628,0.10245716466899485,0.10245716466899485,0.1676634529168708,2017,1,31,1,0.10618369657675428,0.09999773271538809,0.10737299334425207,0.10509346810738075,45.412351388114736,0.0022795252368713187,0.0028050248552941148,-0.0005254996184227961,0.10618369657675428,0.11504172759146974,0.09732566556203881
2017-02-01,0.10123373881453812,0.10105274804986644,0.10366700330924716,0.10209004856248438,0.10209004856248438,0.15556336140357363,2017,2,1,2,0.10634387669404959,0.10016178442299566,0.1065602326085955,0.10487099258553657,42.82866037175776,0.0016892400230589244,0.002581867888847077,-0.0008926278657881525,0.10634387669404959,0.11475067002187936,0.09793708336621981
2017-02-02,0.09929089018617138,0.10155045027099377,0.10394232009912979,0.10304053514890626,0.10304053514890626,0.10956637487174273,2017,2,2,3,0.10653883990237453,0.10041652845385862,0.10601874069172022,0.10473540314578618,45.47133917547304,0.0012833375459340435,0.00232216182026447,-0.0010388242743304267,0.10653883990237453,0.11440584829578544,0.09867183150896362
2017-02-03,0.10232741637742321,0.1026382080884706,0.10678756166659958,0.10403297843654885,0.10403297843654885,0.10321590667492445,2017,2,3,4,0.10666406660736624,0.10063305131796076,0.10571323880630923,0.10468337168584267,46.36477911282854,0.0010298671204665572,0.0020637028803048877,-0.0010338357598383306,0.10666406660736624,0.11427068828578288,0.0990574449289496
2017-02-06,0.10124034709825175,0.10121095322500964,0.1050471157408302,0.10398268672180444,0.10398268672180444,0.07743503942466792,2017,2,6,0,0.1065834328952822,0.10085480411806264,0.10544700002407772,0.10463146909591392,48.07127703548231,0.0008155309281638046,0.0018140684898766712,-0.0009985375617128666,0.1065834328952822,0.11427150874627028,0.09889535704429413
2017-02-07,0.10265782395481965,0.1041215249908273,0.10726686415787595,0.10587028900408801,0.10587028900408801,0.08267625553470573,2017,2,7,1,0.10658879700957684,0.10116312572314456,0.10551212140561778,0.10472323353355645,50.505936586462795,0.0007888878720613279,0.0016090323663136025,-0.0008201444942522746,0.10658879700957684,0.11427461201622723,0.09890298200292645
2017-02-08,0.10365235082886581,0.10456319813521733,0.10774615985053537,0.10634303112268567,0.10634303112268567,0.07473585934683538,2017,2,8,2,0.1066489797634991,0.10147627533284197,0.10563995366978207,0.10484321854015861,53.58857374984609,0.0007967351296234576,0.0014465729189755737,-0.0006498377893521161,0.1066489797634991,0.11430580285023076,0.09899215667676745
2017-02-09,0.104481690434923,0.10417425785173115,0.108205073289736,0.10673867268979909,0.10673867268979909,0.05942818054926465,2017,2,9,3,0.10667664054188666,0.10175334942149641,0.1058089873651693,0.10498362255124309,52.67722608798197,0.0008253648139262132,0.0013223312979657017,-0.0004969664840394886,0.10667664054188666,0.11433040952291236,0.09902287156086097
2017-02-10,0.1052053041098463,0.10568722091929403,0.10998629052103992,0.10811664555711054,0.10811664555711054,0.07285937456669841,2017,2,10,4,0.1067991836809796,0.10204054837227446,0.10616401170239104,0.1052156983294555,46.220314939353884,0.0009483133729355359,0.0012475277129596687,-0.0002992143400241329,0.1067991836809796,0.11446328039737236,0.09913508696458684
2017-02-13,0.10662608510827098,0.10756903053862218,0.11192732283975426,0.10998417138686817,0.10998417138686817,0.08009724443294108,2017,2,13,0,0.10698962197608992,0.10245092903281146,0.10675172857692597,0.10556891855593051,46.93865298562621,0.0011828100209954617,0.0012345841745668273,-5.177415357136557e-05,0.10698962197608992,0.11477675049672373,0.09920249345545612
2017-02-14,0.10761734088187891,0.10824179478266518,0.11210066717479072,0.1103898377691207,0.1103898377691207,0.06543662935265898,2017,2,14,1,0.10725516222994051,0.10293728330808866,0.10731143768341746,0.10592602368283348,38.29766359854056,0.0013854140005839788,0.0012647501397702577,0.0001206638608137211,0.10725516222994051,0.11512967666889165,0.09938064779098937
2017-02-15,0.10773627677215636,0.10824179478266518,0.11294030316025339,0.10989699237574924,0.10989699237574924,0.089368743124948,2017,2,15,2,0.10747158424239071,0.1033964800574039,0.10770921532839157,0.10622016951193834,39.54431752901179,0.0014890458164532328,0.0013096092751068529,0.00017943654134637988,0.10747158424239071,0.11538873068424757,0.09955443780053386
2017-02-16,0.10792460624971034,0.10870325840691938,0.11311367468975753,0.11163372621936152,0.11163372621936152,0.08696536360359028,2017,2,16,3,0.10784013902722092,0.10380981103109468,0.10831298623469464,0.10662117371248821,50.71643796866682,0.0016918125222064317,0.0013860499245267686,0.00030576259767966314,0.10784013902722092,0.11581437551912506,0.09986590253531678
2017-02-17,0.10894560590831315,0.10991296302537132,0.11402296930395234,0.11294466358369964,0.11294466358369964,0.11685970734232443,2017,2,17,4,0.10822654737078534,0.10427222631604231,0.10902555198069541,0.10708958036961498,80.48066447189946,0.001935971611080431,0.0014960342618375012,0.00043993734924292977,0.10822654737078534,0.11641166313087703,0.10004143161069365
2017-02-21,0.11080912869898185,0.11168633373620998,0.11629881990763652,0.11414831195658293,0.11414831195658293,0.0846266904539614,2017,2,21,1,0.10843358159648324,0.10467771137989924,0.10981366890006272,0.10761244937605705,93.26319905984701,0.0022012195240056764,0.0016370713142711364,0.0005641482097345401,0.10843358159648324,0.11700856793931817,0.0998585952536483
2017-02-22,0.11080912869898185,0.1116203896422456,0.1163973930540339,0.11384654825699242,0.11384654825699242,0.05879960436675571,2017,2,22,2,0.10854908389551202,0.1050420914830163,0.11043411187805191,0.10807423447834856,93.71648166858341,0.00235987739970335,0.0017816325313575793,0.0005782448683457708,0.10854908389551202,0.11735906187390946,0.09973910591711457
2017-02-23,0.11129154662664231,0.11136000836869644,0.11443940498477717,0.11403768359526911,0.11403768359526911,0.10408482080956916,2017,2,23,3,0.10847632888345982,0.10532399357628622,0.11098850752685455,0.10851597144997231,93.3403946291869,0.002472536076882234,0.0019198132404625104,0.0005527228364197237,0.10847632888345982,0.11706614566803865,0.09988651209888098
2017-02-24,0.11050185672286678,0.11021951769031571,0.11488810010278083,0.11313576539416648,0.11313576539416648,0.09663434429336021,2017,2,24,4,0.10841748791248693,0.10558799128266216,0.11131885489105639,0.1088581784088015,86.13242239569375,0.0024606764822548838,0.002027985888820985,0.0004326905934338987,0.10841748791248693,0.11685372234289274,0.09998125348208112
2017-02-27,0.10945113961240377,0.11071395665776793,0.1148201275310392,0.11335035678819999,0.11335035678819999,0.06976271249110289,2017,2,27,0,0.10851756842482836,0.10581048196280272,0.1116313936444631,0.10919093236283102,86.70508658406759,0.0024404612816320836,0.002110480967383205,0.00032998031424887877,0.10851756842482836,0.11714553201940284,0.09988960483025389
2017-02-28,0.10980136543265734,0.11006787198468107,0.11352836992465659,0.1113152120259801,0.1113152120259801,0.17692570784148787,2017,2,28,1,0.10886776606322061,0.10598576535259198,0.11158275031854265,0.10934828641195317,71.09083645842682,0.002234463906589476,0.0021352775552244594,9.918635136501675e-05,0.10886776606322061,0.1173441027246965,0.10039142940174473
2017-03-01,0.11087192061082851,0.1126109288699301,0.11592828848810394,0.11534861425404525,0.11534861425404525,0.10627559368096062,2017,3,1,2,0.10951233854247314,0.10623648618038666,0.11216211400092765,0.10979275514099703,77.34113460450064,0.0023693588599306287,0.0021820938161656936,0.00018726504376493508,0.10951233854247314,0.11789622602929353,0.10112845105565274
2017-03-02,0.11252399153922932,0.11203571283726285,0.11673731710029384,0.11380298892646179,0.11380298892646179,0.05506512234126141,2017,3,2,3,0.110097985560672,0.10650356884760064,0.11241455629716367,0.1100898094954759,70.04753935955259,0.0023247468016877743,0.00221062441327011,0.00011412238841766427,0.110097985560672,0.1179161169592053,0.10227985416213871
2017-03-03,0.11143692226005786,0.1109974246270147,0.11541535323903546,0.1132832877574168,0.1132832877574168,0.05080374557454636,2017,3,3,4,0.11061012319109753,0.10673745884897205,0.11254820729104875,0.11032636344080485,65.4130224567746,0.002221843850243904,0.002212868300664869,8.9755495790351e-06,0.11061012319109753,0.11779824120703664,0.10342200517515843
2017-03-06,0.11024412704975245,0.1101799565078824,0.11427622458200248,0.11284743293519373,0.11284743293519373,0.07045599504534067,2017,3,6,0,0.11105084591602979,0.10694774540633466,0.1125942420055326,0.1105131093292781,59.339381139523624,0.0020811326762544963,0.0021865211757827944,-0.00010538849952829816,0.11105084591602979,0.11759285485045355,0.10450883698160603
2017-03-07,0.11039280682502484,0.11167315546530779,0.11567674646151194,0.11423213818671896,0.11423213818671896,0.06385594512899678,2017,3,7,1,0.1115633184892755,0.10719819814576191,0.11284622603340742,0.1107885929483478,61.78041062297385,0.002057633085059629,0.0021607435576381615,-0.0001031104725785323,0.1115633184892755,0.1173343736261485,0.10579226335240251
2017-03-08,0.11241163749953065,0.11323555517794107,0.11746818201401288,0.11539220040682374,0.11539220040682374,0.05943742431665449,2017,3,8,2,0.11203941405941228,0.10749398061819004,0.1132379143985484,0.11112960090823491,66.18596618466249,0.002108313490313485,0.0021502575441732265,-4.1944053859741676e-05,0.11203941405941228,0.11738860051594685,0.10669022760287772
2017-03-09,0.11323436882187426,0.11450457849653214,0.1182908078599979,0.11650195079549824,0.11650195079549824,0.08455274031484272,2017,3,9,3,0.11254736004305292,0.10782101074115691,0.11374007384423299,0.1115275527517359,64.88913918389238,0.0022125210924970884,0.0021627102538379988,4.9810838659089616e-05,0.11254736004305292,0.11753620661178843,0.10755851347431741
2017-03-10,0.1156397973101933,0.11546378389650366,0.12008903523077946,0.11803417170471181,0.11803417170471181,0.12545641101487323,2017,3,10,4,0.11311213499379855,0.10816768816068391,0.11440070428430665,0.11200952452603041,65.35803954007491,0.0023911797582762406,0.002208404154725647,0.00018277560355059366,0.11311213499379855,0.11788498896629528,0.10833928102130182
2017-03-13,0.115877695523883,0.11670811196607037,0.1213637758990676,0.11880197196093406,0.11880197196093406,0.08104935247409434,2017,3,13,0,0.11364640131398973,0.1085733077381139,0.11507782238840318,0.11251266878046773,64.42219371957106,0.0025651536079354526,0.0022797540453676083,0.0002853995625678443,0.11364640131398973,0.11845683211723611,0.10883597051074335
2017-03-14,0.1157587332004707,0.11623180877813391,0.12053096572497002,0.11882878079767378,0.11882878079767378,0.04003475656538579,2017,3,14,1,0.11408863178453002,0.10899461792821041,0.11565489291290634,0.1129805289298904,65.70817882376812,0.0026743639830159455,0.0023586760328972757,0.00031568795011866976,0.11408863178453002,0.11910334560284763,0.10907391796621241
2017-03-15,0.11706388245047478,0.11668997618655466,0.12052077459824068,0.11935854030966764,0.11935854030966764,0.0956452611826476,2017,3,15,2,0.11453706691155736,0.10950008332331299,0.11622468482010039,0.1134529742172813,66.42508887360789,0.002771710602819083,0.0024412829468816372,0.00033042765593744574,0.11453706691155736,0.11975886156494239,0.10931527225817234
2017-03-16,0.11753967226957052,0.1174217426940167,0.12234278353092981,0.11988826629385174,0.11988826629385174,0.05830968469509434,2017,3,16,3,0.1150366306074625,0.10992011972485845,0.11678831273913906,0.11392966251924948,71.33470960218705,0.002858650219889583,0.0025247564014832264,0.0003338938184063566,0.1150366306074625,0.12030086299646896,0.10977239821845604
2017-03-17,0.11839215408519277,0.11826226454668828,0.12267591575890907,0.12100809514216099,0.12100809514216099,0.12622364370822972,2017,3,17,4,0.11550534905360246,0.11035745620805353,0.11743751003191166,0.11445399086168737,72.8857131176647,0.002983519170224297,0.0026165089552314404,0.0003670102149928565,0.11550534905360246,0.12114948654951291,0.10986121155769202
2017-03-20,0.11786347817153708,0.11721409428137139,0.12200965810156739,0.11976085391093721,0.11976085391093721,0.0817796100978915,2017,3,20,0,0.11584615856996434,0.11072210439953797,0.11779494755176176,0.11484709182829847,76.48784312273992,0.0029478557234632885,0.0026827783088778103,0.0002650774145854782,0.11584615856996434,0.12165987297881914,0.11003244416110955
2017-03-21,0.11832275388963248,0.11829523329745464,0.11652657357370405,0.11374597153306554,0.11374597153306554,0.1956628243406883,2017,3,21,1,0.11582604154878848,0.11088511661092956,0.11717202816427003,0.11476552736198492,45.52933034044147,0.0024065008022851053,0.002627522807559269,-0.0002210220052741639,0.11582604154878848,0.12166721241029552,0.10998487068728144
2017-03-22,0.11188298801900981,0.11237853246880711,0.11590110761774752,0.11345428629310983,0.11345428629310983,0.09749401466061508,2017,3,22,2,0.11580642845059434,0.11103894220242788,0.11660006787639923,0.1146683983939201,48.95410297666937,0.001931669482479137,0.002488352142543243,-0.000556682660064106,0.11580642845059434,0.12167813943115588,0.1099347174700328
2017-03-23,0.10827815603667179,0.10810005750182591,0.11082831282103367,0.10942760974369653,0.10942760974369653,0.2902820273430639,2017,3,23,3,0.1155759247580157,0.111124706876417,0.11549661277906036,0.11428019182723688,40.44536464832941,0.001216420951823477,0.0022339659043992895,-0.0010175449525758125,0.1155759247580157,0.12206906174089888,0.10908278777513253
2017-03-24,0.1079741948106972,0.10788908650362053,0.10968376566633331,0.10837147032293959,0.10837147032293959,0.15106164668472283,2017,3,24,4,0.11533771000445436,0.11116842714043482,0.11440043701658023,0.11384250875284449,39.23907092637167,0.0005579282637357408,0.00189875837626658,-0.0013408301125308391,0.11533771000445436,0.12252071323258183,0.1081547067763269
2017-03-27,0.10363584333614922,0.10779020662104807,0.10780734060399627,0.1100746696511603,0.1100746696511603,0.1430473003577338,2017,3,27,0,0.11517392564760238,0.11125660487795301,0.11373493434497717,0.11356340956012714,40.15554168869748,0.00017152478485002454,0.001553311657983269,-0.0013817868731332444,0.11517392564760238,0.12268941572408172,0.10765843557112305
2017-03-28,0.10808321827540424,0.10922735013200949,0.11142999721508257,0.11054743188644378,0.11054743188644378,0.117737865244359,2017,3,28,1,0.11513553664062556,0.11134404540598863,0.11324454935135664,0.11334000380652097,38.142122528883895,-9.54544551643316e-05,0.001223558435353749,-0.0013190128905180805,0.11513553664062556,0.12274131847271115,0.10752975480853998
2017-03-29,0.10959981938767616,0.11146052317432228,0.11426942596510498,0.1140644857264469,0.1140644857264469,0.1330640315767094,2017,3,29,2,0.11507133021424565,0.11152375446667541,0.11337069340906283,0.1133936691339229,44.6630581891229,-2.297572486006927e-05,0.0009742516033109854,-0.0009972273281710546,0.11507133021424565,0.12269120596616469,0.10745145446232661
2017-03-30,0.11240833335767386,0.11176212692308482,0.11651978175542338,0.1140946741664175,0.1140946741664175,0.06549209195699798,2017,3,30,3,0.11508591447624343,0.11169427690746885,0.11348207506404047,0.11344559543262621,40.766983885907976,3.647963141426014e-05,0.0007866972089316404,-0.0007502175775173802,0.11508591447624343,0.12269667996999599,0.10747514898249087
2017-03-31,0.11091157692139386,0.11108971867035186,0.11597247949793787,0.1134442346557229,0.1134442346557229,0.09753098973017443,2017,3,31,4,0.11509396182115875,0.11187790899012814,0.11347625346276084,0.11344549463433708,37.373589561817084,3.075882842376587e-05,0.0006355095328300655,-0.0006047507044062996,0.11509396182115875,0.12269703839379796,0.10749088524851953
2017-04-03,0.11099416064296275,0.11412552686054636,0.11659455294406251,0.11645839146496756,0.11645839146496756,0.12245218661317606,2017,4,3,0,0.11527450974764741,0.1121027468851793,0.1139350439246388,0.11366867217734675,45.10325801176997,0.00026637174729204904,0.0005616819757224622,-0.00029531022843041317,0.11527450974764741,0.1228242744515022,0.10772474504379263
2017-04-04,0.11170126021688576,0.11225656589053704,0.116532019265839,0.1151239712226248,0.1151239712226248,0.06457695898540408,2017,4,4,1,0.11531910139944272,0.11220507376077929,0.11411795581663664,0.1137764721066266,41.533706519987504,0.0003414837100100404,0.0005176423225799778,-0.00017615861256993742,0.11531910139944272,0.12285346273814676,0.10778474006073868
2017-04-05,0.11307247908745838,0.11465292798633328,0.11710444921137775,0.1140644857264469,0.1140644857264469,0.111710928906185,2017,4,5,2,0.1152527156654239,0.11225563342977987,0.11410972964891514,0.1137978064488355,38.59788515385556,0.00031192320007963903,0.0004764984980799101,-0.00016457529800027108,0.1152527156654239,0.12280773392690413,0.10769769740394368
2017-04-06,0.1120448777534257,0.11265541459881859,0.11565636420805314,0.11288096745058535,0.11288096745058535,0.08389643283016426,2017,4,6,3,0.11507166649817824,0.11220339710206532,0.11392068931071056,0.11372989244896511,34.127850116369785,0.00019079686174544586,0.0004193581708130173,-0.00022856130906757146,0.11507166649817824,0.12267403392153767,0.10746929907481881
2017-04-07,0.11057783876900573,0.11004976916732365,0.1136347818763368,0.11180472475505454,0.11180472475505454,0.06567696730479475,2017,4,7,4,0.11476019415069535,0.11215323990089393,0.1135951563021481,0.11358728743460136,34.35732778976188,7.86886754673699e-06,0.00033706031015976124,-0.00032919144261302425,0.11476019415069535,0.12236195468609129,0.10715843361529942
2017-04-10,0.10972868752837517,0.1103348720596238,0.11474192983948373,0.11182483473539034,0.11182483473539034,0.05842985367116222,2017,4,10,0,0.11441133728941819,0.11216276166477429,0.11332279913803153,0.11345673538280796,45.05780746668707,-0.00013393624477642252,0.00024286099917252447,-0.000376797243948947,0.11441133728941819,0.1218711731873539,0.10695150139148248
2017-04-11,0.10950399927382892,0.1097010097548475,0.11244741703241579,0.11136215095974156,0.11136215095974156,0.06774757120011832,2017,4,11,1,0.11403800579752157,0.11230377949880645,0.11302116095675616,0.11330158098109933,44.664846330474326,-0.0002804200243431698,0.00013820479446938563,-0.00041862481881255545,0.11403800579752157,0.12131203562658853,0.10676397596845462
2017-04-12,0.10858544783763807,0.10944819659285196,0.11380712001607246,0.11168737071508889,0.11168737071508889,0.0511827400375297,2017,4,12,2,0.11365444731779265,0.11248838361972834,0.11281596245803813,0.11318200985028373,57.10365581171019,-0.00036604739224560534,3.7354357126387445e-05,-0.0004034017493719928,0.11365444731779265,0.12054616206783283,0.10676273256775246
2017-04-13,0.10865482160006346,0.10935590254951486,0.11394989097092073,0.11143256606594576,0.11143256606594576,0.07169465987557888,2017,4,13,3,0.11323166230639733,0.11267523396979755,0.11260313224387006,0.11305242142181425,60.13320304852254,-0.00044928917794419265,-5.997434988772858e-05,-0.0003893148280564641,0.11323166230639733,0.1195246164597083,0.10693870815308637
2017-04-17,0.109603123529533,0.11310370654460225,0.11497988143089749,0.11599570098375689,0.11599570098375689,0.05067433283108864,2017,4,17,0,0.11298104259847712,0.11293433728649457,0.11312506589616034,0.1132704421301063,66.4800673982075,-0.00014537623394596244,-7.705472669937536e-05,-6.832150724658709e-05,0.11298104259847712,0.11829273455382255,0.10766935064313168
2017-04-18,0.11264623157136355,0.11349264682808843,0.11778093198853334,0.11587834694379129,0.11587834694379129,0.045285216442813435,2017,4,18,1,0.11278691725011984,0.11317124465663941,0.11354864759579586,0.11346362026445334,65.13706582746946,8.502733134252427e-05,-4.463831509099543e-05,0.0001296656464335197,0.11278691725011984,0.11727530407331742,0.10829853042692227
2017-04-19,0.11448663197731834,0.11457710842973182,0.11899786401734169,0.11634438350042298,0.11634438350042298,0.056146643125872385,2017,4,19,2,0.11291683784848769,0.11341847859221177,0.11397876081189234,0.11367701013378442,57.83050507069789,0.00030175067810792044,2.463948354878774e-05,0.0002771111945591327,0.11291683784848769,0.11766502023915397,0.10816865545782141
2017-04-20,0.11503182199197437,0.11555936756324267,0.12002786127593545,0.1174977401585619,0.1174977401585619,0.05659034396058458,2017,4,20,3,0.11311901054176032,0.11365102761530127,0.1145201422498415,0.11396002717265682,60.850946824483074,0.0005601150771846752,0.00013173460227596523,0.00042838047490871003,0.11311901054176032,0.11828913138443077,0.10794888969908988
2017-04-21,0.11550763163592126,0.11512428025808788,0.12046296595876088,0.118014068429938,0.118014068429938,0.09029311986393174,2017,4,21,4,0.11354833347607238,0.1138844483614463,0.11505766935447173,0.11426032652504803,64.69697446755481,0.0007973428294237028,0.0002648562477055128,0.0005324865817181901,0.11354833347607238,0.1188520957652455,0.10824457118689926
2017-04-24,0.11825667766078019,0.12157498123662094,0.12361073238093728,0.12457546081359439,0.12457546081359439,0.09481332211756224,2017,4,24,0,0.11435853300060513,0.11424118412392222,0.11652194496356752,0.11502441054642183,71.25545215100979,0.0014975344171456878,0.0005113918815935479,0.00098614253555214,0.11435853300060513,0.12109079872253763,0.10762626727867262
2017-04-25,0.12281638681488272,0.12538210393184754,0.1280128300234754,0.12777402728246395,0.12777402728246395,0.12249840545012525,2017,4,25,1,0.11524350088217031,0.11463433175842928,0.11825303455109004,0.11596882660094347,80.17920332746775,0.002284207950146569,0.0008659550953041521,0.001418252854842417,0.11524350088217031,0.12396427821253654,0.10652272355180407
2017-04-26,0.1258660965321432,0.12572821977922524,0.1296914289313279,0.12758289194418732,0.12758289194418732,0.08230650483911223,2017,4,26,2,0.11609527388505747,0.11498630616957567,0.11968839722695115,0.11682912773748005,83.64480943443678,0.0028592694894711,0.001264617974137542,0.0015946515153335583,0.11609527388505747,0.1261157157254839,0.10607483204463103
2017-04-27,0.12565794881173215,0.12551395256518635,0.13058612011642684,0.12842781957414157,0.12842781957414157,0.15529529214926835,2017,4,27,3,0.11681344057744222,0.11534706580567608,0.12103292374190353,0.11768829009575128,89.35654245157632,0.0033446336461522425,0.001680621108540482,0.0016640125376117605,0.11681344057744222,0.1281883554933501,0.10543852566153437
2017-04-28,0.1379031051413227,0.13917676060248915,0.14261627951523492,0.1390594746599898,0.1390594746599898,0.2707961656852867,2017,4,28,4,0.11806168060212083,0.11593031545136089,0.12380623926776295,0.1192713408042134,96.49917046237444,0.004534898463549555,0.0022514765795422966,0.0022834218840072588,0.11806168060212083,0.13307696090905194,0.10304640029518973
2017-05-01,0.13502188683390798,0.13879110994240482,0.14114775107089944,0.14127567630085153,0.14127567630085153,0.16354073266100333,2017,5,1,0,0.11945325268437726,0.1165231544529907,0.1264938449651612,0.12090129158174213,96.74321680881921,0.0055925533834190605,0.0029196919403176496,0.002672861443101411,0.11945325268437726,0.13751611300945257,0.10139039235930195
2017-05-02,0.1375594611716479,0.14046889698650453,0.14386822442106562,0.14257318242457184,0.14257318242457184,0.11465969070354315,2017,5,2,1,0.12075899223235749,0.11711572482980813,0.1289675891896859,0.12250661682935915,98.25808443616596,0.00646097236032675,0.00362794802431947,0.00283302433600728,0.12075899223235749,0.14148898944950977,0.10002899501520521
2017-05-03,0.13929083811289572,0.14288500341514324,0.14491862432896885,0.1461271436776354,0.1461271436776354,0.10655290670265574,2017,5,3,2,0.122309150855108,0.11775530146422918,0.13160752064937045,0.12425628548478701,98.41621686539398,0.007351235164583442,0.0043726054523722645,0.002978629712211177,0.122309150855108,0.1457273648092825,0.09889093690093351
2017-05-04,0.142994787742654,0.14546595359761386,0.14901376441858322,0.14767612178620182,0.14767612178620182,0.09939823074292159,2017,5,4,3,0.12398973265809576,0.11843189293481338,0.13407961313195987,0.1259910881737807,99.16309032784943,0.00808852495817916,0.005115789353533644,0.0029727356046455166,0.12398973265809576,0.14963501393133186,0.09834445138485969
2017-05-05,0.1454629618848337,0.1451264301819031,0.14922110863672428,0.14615730529535814,0.14615730529535814,0.14461874081400616,2017,5,5,4,0.12565354955033442,0.11907428536881515,0.13593771961863652,0.12748488203463829,94.59636209327395,0.00845283758399823,0.005783198999626562,0.0026696385843716676,0.12565354955033442,0.1525514579964957,0.09875564110417313
2017-05-08,0.1430113018436543,0.14579391388818083,0.14924151808465064,0.1485612559657038,0.1485612559657038,0.09086623344210165,2017,5,8,0,0.12749137611086686,0.11978279518024589,0.13787980213356993,0.12904609491842092,95.26366035724323,0.008833707215149006,0.006393300642731052,0.002440406572417954,0.12749137611086686,0.1554086748788022,0.09957407734293153
2017-05-09,0.14658968747457046,0.14598345289103706,0.15069302959089165,0.14784712032189484,0.14784712032189484,0.11416052726449191,2017,5,9,1,0.12929249039019208,0.1204727304509198,0.13941323570100453,0.1304387634668264,93.3314259393409,0.008974472234178132,0.006909534961020468,0.0020649372731576642,0.12929249039019208,0.15759934100472028,0.10098563977566388
2017-05-10,0.14494752236345637,0.14417052099776503,0.14920751820154604,0.14671051415754688,0.14671051415754688,0.07645520008134515,2017,5,10,2,0.13105990855008234,0.12118063649355112,0.14053589392508797,0.1316440783328057,90.20014908154677,0.008891815592282276,0.00730599108727283,0.0015858245050094462,0.13105990855008234,0.159065489390406,0.10305432770975868
2017-05-11,0.1427469638868265,0.14434522702937067,0.14848347909919224,0.14732072029644588,0.14732072029644588,0.0451280723971862,2017,5,11,3,0.1328415760291502,0.12182007861439914,0.14157971336683534,0.13280531107085314,90.22540405348485,0.008774402295982198,0.007599673329014704,0.0011747289669674938,0.1328415760291502,0.16018391508064053,0.10549923697765987
2017-05-12,0.14479884258818404,0.14464519585507976,0.15012195257011546,0.1478638775212477,0.1478638775212477,0.06505763488967564,2017,5,12,4,0.13466314160191528,0.12250129638629487,0.14254650785212955,0.13392076043754902,88.29096813856303,0.008625747414580526,0.007804888146127869,0.000820859268452657,0.13466314160191528,0.16082892262912643,0.10849736057470412
2017-05-15,0.14526802412356615,0.14623065589368398,0.15062842913313124,0.14949332907896717,0.14949332907896717,0.07037280113883215,2017,5,15,0,0.1363380230066758,0.12322549721272587,0.14361524957933533,0.13507428404061703,87.65392314828402,0.008540965538718304,0.007952103624645957,0.0005888619140723469,0.1363380230066758,0.1617501420657746,0.11092590394757701
2017-05-16,0.14759745074089503,0.14783262338118222,0.1534294796907671,0.1514781888320046,0.1514781888320046,0.057560939536517496,2017,5,16,1,0.13811801510108648,0.12399811233066207,0.14482493254128445,0.13628938809923832,89.00074159878902,0.008535544442046128,0.008068791788125992,0.0004667526539201359,0.13811801510108648,0.1624607168760489,0.11377531332612408
2017-05-17,0.14616676392518363,0.14658763606844885,0.1468212172677445,0.14363936677715372,0.14363936677715372,0.18628964420739316,2017,5,17,2,0.139482764264923,0.12458625690247078,0.14464253780834127,0.1368338309642691,70.21290359256427,0.007808706844072172,0.008016774799315228,-0.0002080679552430558,0.139482764264923,0.16164882343912776,0.11731670509071826
2017-05-18,0.1413195746046882,0.1445561980275761,0.14702856828450245,0.1472000335921832,0.1472000335921832,0.11555633614035737,2017,5,18,3,0.14096787893660406,0.12522241356617797,0.1450359986981631,0.13760169782559606,63.32014559543518,0.007434300872567051,0.007900280013965592,-0.0004659791413985405,0.14096787893660406,0.16078781042989737,0.12114794744331076
2017-05-19,0.1447790309536106,0.14606749980235886,0.1511927143356268,0.14846402531719788,0.14846402531719788,0.09670829443247891,2017,5,19,4,0.14249037678096707,0.12586165505661195,0.14556338740878386,0.13840631467682582,62.14038570258532,0.007157072731958036,0.007751638557564081,-0.0005945658256060445,0.14249037678096707,0.15934202546467655,0.1256387280972576
2017-05-22,0.14594537981249417,0.14742819088327877,0.15255244451375105,0.151095951683261,0.151095951683261,0.07150978452778214,2017,5,22,0,0.1438164013244504,0.12652289065618297,0.1464145511433188,0.1393462877884136,63.77326880522584,0.007068263354905208,0.0076149635170323065,-0.0005467001621270989,0.1438164013244504,0.15880299662922792,0.12882980601967287
2017-05-23,0.1502143310914819,0.15058727095321342,0.15512742066369306,0.1534295073640884,0.1534295073640884,0.0854124106820976,2017,5,23,1,0.14509917532853162,0.12721544136424603,0.14749377517728335,0.14038948923846356,62.28563060876879,0.007104285938819788,0.007512828001389803,-0.0004085420625700156,0.14509917532853162,0.15862485884548708,0.13157349181157615
2017-05-24,0.1518862136544561,0.151781503134543,0.15748142816723132,0.15548810818206504,0.15548810818206504,0.06267274290309757,2017,5,24,2,0.1464944361404255,0.12794862791193384,0.14872367256263438,0.1415079054565081,62.92145249867406,0.007215767106126286,0.007453415822337101,-0.00023764871621081464,0.1464944361404255,0.15802160525402678,0.13496726702682424
2017-05-25,0.15332353518701597,0.15756273608486662,0.15951082210976297,0.16037646285522345,0.16037646285522345,0.12143537220029396,2017,5,25,3,0.1480918683044796,0.12876898636284498,0.150516409530725,0.14290557637493145,71.1605405437769,0.007610833155793556,0.007484899289028392,0.00012593386676516393,0.1480918683044796,0.1577864839897759,0.1383972526191833
2017-05-26,0.15741075866387955,0.15833767642731547,0.16276056098678554,0.16102355629049703,0.16102355629049703,0.08367458241280817,2017,5,26,4,0.14919007238600496,0.12959169216277788,0.152132893647613,0.14424764896126965,69.56931753328927,0.007885244686343357,0.007564968368491386,0.00032027631785197085,0.14919007238600496,0.1595311488669916,0.1388489959050183
2017-05-30,0.15761229810057703,0.15873981475899887,0.16427665255493618,0.16250211258729735,0.16250211258729735,0.10352095099878908,2017,5,30,1,0.15025139420032727,0.1304215725116806,0.15372815809987214,0.14559983145208652,72.47295017303826,0.008128326647785622,0.007677640024350234,0.000450686623435388,0.15025139420032727,0.1614904194183009,0.13901236898235364
2017-05-31,0.1591685489151306,0.1597517530198743,0.16111189638913287,0.15880735464963536,0.15880735464963536,0.19423928416265332,2017,5,31,2,0.15106310281158045,0.13120250252645457,0.15450957295368187,0.1465781665037568,67.20060335564133,0.007931406449925071,0.007728393309465202,0.00020301314045986958,0.15106310281158045,0.16231216474237736,0.13981404088078353
2017-06-01,0.15716292819976835,0.15719059331726784,0.1610541149441207,0.1595080858750743,0.1595080858750743,0.09832595372570044,2017,6,1,3,0.1517321499214524,0.13211774481329475,0.1552785749415884,0.14753593830903958,67.28482426550232,0.007742636632548816,0.007731241974081924,1.1394658466891763e-05,0.1517321499214524,0.16333136213335855,0.14013293770954624
2017-06-02,0.1573314526510326,0.1586343226674645,0.16309029390631602,0.1624082347197744,0.1624082347197744,0.1298009816880968,2017,6,2,4,0.152468755568131,0.13309682378182805,0.15637544567669392,0.14863758989501993,69.33497807007765,0.007737855781673991,0.007732564735600338,5.291046073652855e-06,0.152468755568131,0.16482954973025674,0.14010796140600526
2017-06-05,0.15967408261922128,0.16227006191664559,0.16618367819192903,0.1651172750484457,0.1651172750484457,0.08368382618019801,2017,6,5,0,0.15341675405578536,0.13421061708792303,0.15772034250311728,0.1498583073137922,70.19061691833036,0.007862035189325073,0.007758458826345286,0.00010357636297978704,0.15341675405578536,0.1666190303456323,0.14021447776593843
2017-06-06,0.16185813360313456,0.16271173506103562,0.1661972686271072,0.16273345447512172,0.16273345447512172,0.1356800177480334,2017,6,6,1,0.15412536398125626,0.13529785677096667,0.1584915904988103,0.15081202191833515,64.39658022070155,0.007679568580475138,0.007742680777171257,-6.311219669611918e-05,0.15412536398125626,0.16774507072383116,0.14050565723868136
2017-06-07,0.16081401816810154,0.16130427067743883,0.16646922010162557,0.16419863317580002,0.16419863317580002,0.10233774877288987,2017,6,7,2,0.15494293962395153,0.13638033604145947,0.159369597064501,0.15180362275222142,81.42040640311805,0.007565974312279566,0.007707339484192919,-0.00014136517191335254,0.15494293962395153,0.16893386725595744,0.14095201199194562
2017-06-08,0.16159049150444993,0.16149874081918184,0.16689753296617038,0.16502677678415356,0.16502677678415356,0.10492600364204435,2017,6,8,3,0.15585875275528188,0.13746992293941365,0.160239932405986,0.15278311564347566,79.72719203434556,0.007456816762510338,0.0076572349398564025,-0.00020041817734606487,0.15585875275528188,0.16997802241734183,0.14173948309322193
2017-06-09,0.16230086878709488,0.16147565412348422,0.15276661454325724,0.15376813153780555,0.15376813153780555,0.27385585269132284,2017,6,9,4,0.15618112331734985,0.13826399585564084,0.15924427073395822,0.1528560797837964,56.63368947227263,0.006388190950161826,0.007403426141917488,-0.0010152351917556614,0.15618112331734985,0.16976381104628513,0.14259843558841456
2017-06-12,0.14745207510747943,0.14989112335404778,0.14583303150307064,0.15144464761105103,0.15144464761105103,0.3158318004085745,2017,6,12,0,0.15636016182184004,0.13901099532453348,0.15804432871504942,0.15275152925248192,50.43949451665072,0.005292799462567499,0.00698130080604749,-0.0016885013434799912,0.15636016182184004,0.1695705341978433,0.14314978944583678
2017-06-13,0.1515326903006295,0.15339335267711,0.15564240229644766,0.15496505423203705,0.15496505423203705,0.1540473835516403,2017,6,13,1,0.15663374807949354,0.1398414117160598,0.15757059417920138,0.1529154940657823,51.87917405493124,0.004655100113419075,0.0065160606675218075,-0.0018609605541027325,0.15663374807949354,0.16946657729084116,0.14380091886814592
2017-06-14,0.15417928810307646,0.15377899674476272,0.15501693634049118,0.15407992005253512,0.15407992005253512,0.10564701749845168,2017,6,14,2,0.15676383464052004,0.14059384228781113,0.1570335673904835,0.1530017478425788,48.22572569739386,0.004031819547904686,0.006019212443598384,-0.001987392895693698,0.15676383464052004,0.16942825598218172,0.14409941329885836
2017-06-15,0.145605066417811,0.14790811331620038,0.14896277479185166,0.15124684023861823,0.15124684023861823,0.1651214168846655,2017,6,15,3,0.15714420831359327,0.141316299668131,0.1561433016748119,0.1528717546867299,37.86864959670277,0.003271546988082019,0.005469679352495111,-0.002198132364413092,0.15714420831359327,0.16854257232849174,0.1457458442986948
2017-06-16,0.14759745074089503,0.14747994147186425,0.1513949799869454,0.15039856653324296,0.15039856653324296,0.25400948410534196,2017,6,16,4,0.15730413496064627,0.14204298128426693,0.15525949626841667,0.1526885555642494,35.95670368285295,0.002570940704167274,0.004889931622829544,-0.0023189909186622703,0.15730413496064627,0.1681934187031419,0.14641485121815065
2017-06-19,0.15088838263855314,0.15339664230051178,0.1573284660856537,0.15629612169339685,0.15629612169339685,0.10967730008042079,2017,6,19,0,0.15769573977945622,0.14291128436912315,0.15541897710302902,0.152955782684927,42.65535391550606,0.002463194418102027,0.00440458418188404,-0.0019413897637820133,0.15769573977945622,0.16778001458910244,0.14761146496981
2017-06-20,0.15338630066572778,0.15393393207379916,0.15765480649535235,0.1540363607220045,0.1540363607220045,0.07202743550161303,2017,6,20,1,0.15784276023139338,0.14375591708846217,0.15520626689056372,0.1530358255024883,44.155113776390344,0.002170441388075428,0.003957755623122318,-0.0017873142350468899,0.15784276023139338,0.16760241288352667,0.14808310757926008
2017-06-21,0.1521042936252887,0.15343290726711165,0.15790974103177619,0.1569935001378529,0.1569935001378529,0.07907118625266912,2017,6,21,2,0.1580209598700816,0.14465929039651143,0.1554812258516851,0.15332898658658936,47.08080245393196,0.002152239265095751,0.003596652351517005,-0.0014444130864212537,0.1580209598700816,0.16756918355817665,0.14847273618198656
2017-06-22,0.1537762026213978,0.15363725946392345,0.15919809932971002,0.15620224382587394,0.15620224382587394,0.05496344089997319,2017,6,22,3,0.15805666665227205,0.14555609225383404,0.155592151693868,0.153541820456166,42.4244974092654,0.0020503312377020133,0.003287388128754007,-0.0012370568910519937,0.15805666665227205,0.1675702870819519,0.1485430462225922
2017-06-23,0.15315831487760845,0.1553776614239958,0.15907910993676938,0.15905210095582956,0.15905210095582956,0.10917813664136955,2017,6,23,4,0.15799044855730235,0.14650338685864886,0.15612445158032362,0.153949989382067,42.62175424125193,0.0021744621982566215,0.00306480294265453,-0.0008903407443979086,0.15799044855730235,0.16745438968902684,0.14852650742557785
2017-06-26,0.1574768282844482,0.15778720838312596,0.15791995935297315,0.1545861966865243,0.1545861966865243,0.11569499265120492,2017,6,26,0,0.15766858057710373,0.14736645947106042,0.15588779698127758,0.15399711584906384,40.56677018633533,0.0018906811322137451,0.002829978580566373,-0.000939297448352628,0.15766858057710373,0.16713604921708108,0.14820111193712637
2017-06-27,0.14841027624595193,0.1495400763677832,0.1497820013293879,0.14622437432614133,0.14622437432614133,0.20642256958245903,2017,6,27,1,0.15685469366404592,0.14797103293790811,0.15440111657279507,0.15342135721773625,32.05461983242668,0.0009797593550588124,0.002459934735464861,-0.0014801753804060485,0.15685469366404592,0.16731881943293242,0.14639056789515942
2017-06-28,0.14396290130669692,0.14771397279604062,0.1460937516624743,0.1506366408052811,0.1506366408052811,0.21950250043907893,2017,6,28,2,0.1564461579718282,0.14866619881513793,0.153821966454716,0.15321508192792477,36.59252110084764,0.0006068845267912237,0.0020893246937301337,-0.00148244016693891,0.1564461579718282,0.16722262772580254,0.14566968821785387
2017-06-29,0.1442668625326715,0.14392661421095157,0.14426491691841997,0.1430258145628337,0.1430258145628337,0.27291298841755945,2017,6,29,3,0.1556220444062162,0.14919982743638613,0.15216102000981102,0.15246032138236246,39.26128405736047,-0.00029930137255143596,0.0016115994804738198,-0.0019109008530252558,0.1556220444062162,0.1678374391629819,0.14340664964945046
2017-06-30,0.14298818606722413,0.14220929894657683,0.14347969706260522,0.13998820169783222,0.13998820169783222,0.16115584067442526,2017,6,30,4,0.15450104275511908,0.14964963666717154,0.15028827873104506,0.15153646066498985,38.708610606444054,-0.0012481819339447975,0.0010396431975900964,-0.002287825131534894,0.15450104275511908,0.1681276973074882,0.14087438820274997
2017-07-03,0.13840533470355654,0.1382175617949493,0.1388838116440197,0.1366253623719214,0.1366253623719214,0.1259925495234838,2017,7,3,0,0.15307644712129287,0.15002186254601121,0.1481862915988722,0.1504319348655033,31.868217396532955,-0.0022456432666310977,0.0003825859047458576,-0.0026282291713769553,0.15307644712129287,0.1679319139479753,0.13822098029461044
2017-07-05,0.13496241888876925,0.13840543950502546,0.14014496187712966,0.1409873170196309,0.1409873170196309,0.13561531137630453,2017,7,5,2,0.15198914024851834,0.15035009967013194,0.1470787570482197,0.1497323335435868,37.88846714748903,-0.0026535764953670993,-0.00022464657527673375,-0.0024289299200903657,0.15198914024851834,0.16705040321649436,0.13692787728054231
2017-07-06,0.13574219636697443,0.13854850845706138,0.14055289248821562,0.13930422096618406,0.13930422096618406,0.09962008116027768,2017,7,6,3,0.1507444196380375,0.15058070354380634,0.14588267457406037,0.1489598807600755,38.712115277504154,-0.003077206186015119,-0.0007951584974244108,-0.002282047688590708,0.1507444196380375,0.1656712352966178,0.1358176039794572
2017-07-07,0.13730505546524163,0.1407226924208184,0.1436632597188387,0.14329404374703264,0.14329404374703264,0.11933703700280085,2017,7,7,4,0.14965778298618146,0.15089492657986325,0.14548442367759457,0.14854018912947975,43.66139766487502,-0.003055765451885184,-0.0012472798883165655,-0.0018084855635686185,0.14965778298618146,0.16331720012027312,0.1359983658520898
2017-07-10,0.14157400674422932,0.1436365538100379,0.147314110194199,0.1467172197195128,0.1467172197195128,0.07820227211802441,2017,7,10,0,0.14930523739526685,0.15126071458277068,0.14567408460712045,0.14840515435837107,41.059008250993,-0.00273106975125062,-0.0015440378609033762,-0.0011870318903472437,0.14930523739526685,0.16288168482098625,0.13572878996954746
2017-07-11,0.1441413249669642,0.14398264328768892,0.1481333299331184,0.1471497418774388,0.1471497418774388,0.07084423327571385,2017,7,11,1,0.14909049210858621,0.15142251992711966,0.14590110880255402,0.14831216084126497,43.3449883404568,-0.002411052038710948,-0.0017174406964648907,-0.0006936113422460572,0.14909049210858621,0.16266032254955246,0.13552066166761997
2017-07-12,0.1471612907992298,0.1488841162320593,0.1523722743673494,0.1517564696535904,0.1517564696535904,0.10956637487174273,2017,7,12,2,0.14893006287966387,0.15163213579417442,0.1468019335488673,0.14856729482736314,45.09546596332583,-0.0017653612784958306,-0.0017270248128710788,-3.833646562475179e-05,0.14893006287966387,0.16228157469480703,0.1355785510645207
2017-07-13,0.1496757493605395,0.15157053872876922,0.15527529737983137,0.1528729457209167,0.1528729457209167,0.08762167108826874,2017,7,13,3,0.14886971416308298,0.15183813106010133,0.1477359354214903,0.14888623193058934,46.90095499656697,-0.0011502965090990358,-0.0016116791521166701,0.00046138264301763435,0.14886971416308298,0.162133841318361,0.13560558700780495
2017-07-14,0.15156240775248953,0.15238141441623462,0.1569732383527574,0.15583343791774812,0.15583343791774812,0.06535343544615044,2017,7,14,4,0.14909904404703947,0.15203225694490358,0.1489817050362992,0.14940083978149,47.01009679956358,-0.00041913474519078564,-0.0013731702707314932,0.0009540355255407075,0.14909904404703947,0.16269077493017386,0.13550731316390507
2017-07-17,0.1532144786808904,0.1536438518955904,0.15739340647425898,0.1549717799106889,0.1549717799106889,0.0756787236205988,2017,7,17,0,0.14932770471591175,0.15217817010739332,0.14990325501697455,0.1498135020132825,50.38388420692554,8.975300369204464e-05,-0.0010805856158467857,0.0011703386195388303,0.14932770471591175,0.16316317787808002,0.1354922315537435
2017-07-18,0.15189284837130457,0.15605009604645545,0.15785535889521274,0.1589884048227153,0.1589884048227153,0.07461569037076751,2017,7,18,1,0.14946231887237765,0.15243479209794047,0.1513009703717039,0.15049312444361085,63.911417658615505,0.0008078459280930483,-0.0007028993070588189,0.0015107452351518671,0.14946231887237765,0.163631628781356,0.1352930089633993
2017-07-19,0.15679616845366334,0.1576982039631906,0.16242063694052555,0.16082906817123738,0.16082906817123738,0.08113254638060288,2017,7,19,2,0.14980195424483933,0.15268014834205115,0.15276683157163212,0.1512587499049165,61.76832565396448,0.0015080816667156216,-0.00026070311230393074,0.0017687847790195522,0.14980195424483933,0.16473780632678692,0.13486610216289174
2017-07-20,0.15916194723970073,0.1586409085066998,0.16156401121143593,0.15991042629859176,0.15991042629859176,0.11810761593995248,2017,7,20,3,0.14994780055287626,0.15292141446158508,0.15386584614501053,0.15189961482296652,73.05865522488965,0.0019662313220440153,0.0001846837745656585,0.0017815475474783568,0.14994780055287626,0.16523223308532023,0.1346633680204323
2017-07-21,0.15494915976399493,0.15776082547159484,0.16110170526240342,0.16150969612190264,0.16150969612190264,0.12610347473216185,2017,7,21,4,0.1502131731676777,0.1532173981008722,0.1550418230645324,0.1526114726969618,80.59293210111319,0.0024303503675706106,0.0006338170931666489,0.0017965332744039617,0.1502131731676777,0.16612620546817805,0.13430014086717737
2017-07-24,0.15824339580350988,0.1620360305924692,0.16471178443222922,0.1639974462001364,0.1639974462001364,0.2682079108161322,2017,7,24,0,0.15046044042989304,0.153550932618946,0.1564196112392407,0.1534548781416414,89.90230477524014,0.002964733097599287,0.0011000002940531766,0.0018647328035461103,0.15046044042989304,0.16708935343892692,0.13383152742085916
2017-07-25,0.15216045742857065,0.15330105863377283,0.15608772530047016,0.15405981677776126,0.15405981677776126,0.39879461273236516,2017,7,25,1,0.1504341214344549,0.15367485140407627,0.15605656593747463,0.15349968841098363,66.39203402209272,0.0025568775264910026,0.0013913757405407418,0.0011655017859502608,0.1504341214344549,0.1670371861100763,0.13383105675883347
2017-07-26,0.1524479375949635,0.15175183059961014,0.1550267943349926,0.1530875035871404,0.1530875035871404,0.16098020909401836,2017,7,26,2,0.15077727789750484,0.15374673489423973,0.15559978711434627,0.15346915620181006,67.59698244496619,0.0021306309125362077,0.001539226774939835,0.0005914041375963727,0.15077727789750484,0.167297483598583,0.13425707219642666
2017-07-27,0.15148973645649105,0.15069045569366438,0.14745348184059853,0.14849083415393766,0.14849083415393766,0.2649448609275196,2017,7,27,3,0.15066998756493769,0.1536869878006784,0.15450610204351417,0.15310039160567135,56.5334550443442,0.001405710437842822,0.0015125235075204326,-0.00010681306967761056,0.15066998756493769,0.1672218804750981,0.13411809465477728
2017-07-28,0.14409506698096902,0.14806997069848712,0.15000296317717476,0.15098531661638526,0.15098531661638526,0.13861953577800168,2017,7,28,4,0.15106796266761524,0.15383390679746303,0.15396444274703278,0.15294371938424275,55.49418877157041,0.0010207233627900214,0.0014141634785743505,-0.00039344011578432907,0.15106796266761524,0.16722399704748836,0.13491192828774212
2017-07-31,0.14822194016011425,0.14799085492605216,0.14950665054642076,0.1472872126033022,0.1472872126033022,0.15005407603923054,2017,7,31,0,0.15143291321288874,0.1538356503776854,0.15293717657107422,0.15252471888195085,50.16323780485959,0.00041245768912337444,0.0012138223206841553,-0.0008013646315607808,0.15143291321288874,0.16684788927063116,0.13601793715514632
2017-08-01,0.14507968803772847,0.14596597635468797,0.15060124826277488,0.147397840964616,0.147397840964616,0.08605023063199638,2017,8,1,1,0.15197153714252348,0.15381432669063377,0.15208497109315758,0.15214495014733345,44.20570848278099,-5.997905417587379e-05,0.0009590620457121496,-0.0010190410998880232,0.15197153714252348,0.1658879643456764,0.13805510993937056
2017-08-02,0.14383403316599797,0.14436831372506828,0.14632491143560744,0.14725032530692767,0.14725032530692767,0.13658590695223746,2017,8,2,2,0.15228468755688832,0.1537374141631071,0.1513411794337376,0.15178238534434044,42.32772164257018,-0.0004412059106028432,0.0006790084544491511,-0.0011202143650519943,0.15228468755688832,0.16542036400512958,0.13914901110864705
2017-08-03,0.14440563649065719,0.14424964336263166,0.1482149269331226,0.1449905375132874,0.1449905375132874,0.07909891755483864,2017,8,3,3,0.15256900338424348,0.1535686347660911,0.1503641575998222,0.1512792855050032,34.91600449180024,-0.0009151279051810013,0.00036018118252312064,-0.0012753090877041218,0.15256900338424348,0.16473183617390197,0.140406170594585
2017-08-04,0.14321947599720025,0.14361248484202185,0.14848347909919224,0.14643558611694396,0.14643558611694396,0.06798790915225408,2017,8,4,4,0.15272608050273906,0.15338758432478866,0.1497597619870717,0.15092049295773954,38.314628813344584,-0.0011607309706678504,5.599875188492642e-05,-0.0012167297225527769,0.15272608050273906,0.16445808215955232,0.1409940788459258
2017-08-07,0.1439827129412703,0.14407164111519263,0.14966303913091483,0.14690497545455866,0.14690497545455866,0.06335678168994555,2017,8,7,0,0.15273546828949133,0.15311815457677536,0.14932056405899274,0.15062304721676317,31.679500836825383,-0.0013024831577704288,-0.00021569763004614462,-0.0010867855277242842,0.15273546828949133,0.16444750835734623,0.14102342822163644
2017-08-08,0.14333180360376413,0.14542770430908228,0.14936048708174066,0.14604331744749943,0.14604331744749943,0.06607444930255774,2017,8,8,1,0.15268014706799438,0.1528185497999154,0.14881637227260916,0.1502838079745955,26.89646168727873,-0.001467435701986347,-0.00046604524443418513,-0.001001390457552162,0.15268014706799438,0.16451310529320629,0.14084718884278247
2017-08-09,0.14119071307227293,0.1421862122508792,0.14651866521857032,0.14473908564512727,0.14473908564512727,0.07813756574629555,2017,8,9,2,0.1523292778675712,0.15246328926107203,0.14818909740684272,0.1498730878020423,26.576215525639952,-0.0016839903951995916,-0.0007096342745872666,-0.000974356120612325,0.1523292778675712,0.1646822861894157,0.1399762695457267
2017-08-10,0.14017964566409163,0.13997116180321886,0.14273863422353994,0.1394886306258089,0.1394886306258089,0.1365489318826781,2017,8,10,3,0.15166006211281582,0.15207691478059548,0.14685056405591446,0.14910386875195095,19.445455486010815,-0.00225330469603649,-0.0010183683588771114,-0.0012349363371593786,0.15166006211281582,0.16527479501254633,0.13804532921308532
2017-08-11,0.13701427776527564,0.1394833152674336,0.14255167225885762,0.14188587573418865,0.14188587573418865,0.07949639955260165,2017,8,11,4,0.15096268400363785,0.15172447057777777,0.14608676585257202,0.14856920260248707,19.24263021035931,-0.0024824367499150513,-0.0013111820370846994,-0.0011712547128303519,0.15096268400363785,0.16509629791839336,0.13682907008888234
2017-08-14,0.14182510830877887,0.14175373554866463,0.14683820701137146,0.14466196497695716,0.14466196497695716,0.06634251855686304,2017,8,14,0,0.15044719325695127,0.15136954518292142,0.14586756571786205,0.14827977759318856,33.674999108910825,-0.002412211875326503,-0.0015313880047330601,-0.000880823870593443,0.15044719325695127,0.16471653504789274,0.1361778514660098
2017-08-15,0.14238680581615137,0.14237408996095538,0.14739230108713758,0.1445110965382858,0.1445110965382858,0.0496020558138675,2017,8,15,1,0.1497233278427298,0.15095742161271822,0.1456588781517734,0.14800061603356612,34.66426954264,-0.0023417378817927326,-0.0016934579801449949,-0.0006482799016477377,0.1497233278427298,0.163632600580394,0.13581405510506558
2017-08-16,0.1427370580695398,0.14440125610610796,0.1486245368025823,0.14610031472420976,0.14610031472420976,0.06099962100553701,2017,8,16,2,0.14898689017037842,0.1506247588177,0.14572679147060977,0.1478598529736138,45.21028640095276,-0.002133061503004019,-0.0017813786847167999,-0.0003516828182872191,0.14898689017037842,0.16194767572436905,0.13602610461638778
2017-08-17,0.14289896762880677,0.14247627265179294,0.14438730561980945,0.14074257071343665,0.14074257071343665,0.08600401179504719,2017,8,17,3,0.14802849739112064,0.15015563756845274,0.14495998827719853,0.14733264688026732,31.589704601236065,-0.002372658603068789,-0.0018996346683871979,-0.00047302393468159117,0.14802849739112064,0.16041005538946806,0.13564693939277322
2017-08-18,0.13778744695976725,0.13865760001628594,0.14308673020731066,0.14063864120852682,0.14063864120852682,0.09205867943539067,2017,8,18,4,0.14698494464545186,0.1496678748569402,0.14429516565124903,0.14683679460828652,36.2767837740953,-0.002541628957037495,-0.0020280335261172577,-0.0005135954309202374,0.14698494464545186,0.1580281741143339,0.13594171517656983
2017-08-21,0.13768502517049008,0.13790773728389807,0.14181061621840924,0.13929416932879712,0.13929416932879712,0.05514831624776994,2017,8,21,0,0.1457497808018849,0.14937839561276,0.14352578160164103,0.14627808162462064,34.08401637509104,-0.0027523000229796035,-0.002172886825489727,-0.0005794131974898764,0.1457497808018849,0.15393817538331095,0.13756138622045883
2017-08-22,0.13858376497210756,0.14214665106844596,0.14455557138802344,0.1453392401466394,0.1453392401466394,0.07578964882927686,2017,8,22,1,0.14531375197032878,0.1492562874634718,0.14380477522394847,0.14620853781143683,46.952523524379856,-0.0024037625874883672,-0.002219061977889455,-0.00018470060959891203,0.14531375197032878,0.1525072578211222,0.13812024611953536
2017-08-23,0.14162686640565442,0.1434882043202367,0.1472359193012604,0.14611371243701765,0.14611371243701765,0.06871816677605125,2017,8,23,2,0.14496506241282267,0.1490792606275714,0.14415999633365142,0.146201513709628,51.880112111473906,-0.002041517375976576,-0.0021835530575068794,0.00014203568153030354,0.14496506241282267,0.15118172990592044,0.1387483949197249
2017-08-24,0.14385054726699825,0.14378817314594586,0.14592380663588655,0.14419592842032547,0.14419592842032547,0.0853661918451484,2017,8,24,3,0.14475031712614206,0.1488815807949272,0.1441655243469859,0.1460529518363463,46.30938737156345,-0.0018874274893604104,-0.0021243279438775855,0.00023690045451717516,0.14475031712614206,0.15074700436746558,0.13875362988481854
2017-08-25,0.1421423125353155,0.14204610989309344,0.14592380663588655,0.142388772764947,0.142388772764947,0.06531646037659108,2017,8,25,4,0.14432048993357016,0.1487044194454538,0.14389217794974915,0.1457815311643908,42.87224348845744,-0.001889353214641648,-0.0020773329980303982,0.00018797978338875015,0.14432048993357016,0.14962823739317108,0.13901274247396925
2017-08-28,0.13966750367628739,0.13996621088703695,0.144689830474516,0.14169139432049094,0.14169139432049094,0.06837614738262726,2017,8,28,0,0.14404069901942956,0.14853027600119875,0.1435535958529402,0.14547855806484267,43.09571752827019,-0.00192496221190247,-0.0020468588408048124,0.00012189662890234234,0.14404069901942956,0.14927947973196537,0.13880191830689376
2017-08-29,0.136066002268941,0.1413127150550096,0.14235451916744596,0.14419928120130837,0.14419928120130837,0.07753672086595612,2017,8,29,1,0.1438807710312642,0.14828833919135698,0.14365293206038143,0.14538379681569197,49.17510964757217,-0.001730864755310535,-0.0019836600237059573,0.0002527952683954223,0.1438807710312642,0.1488777410178394,0.138883801044689
2017-08-30,0.14100568112829204,0.1437812576851272,0.14733449244765784,0.1469753905607628,0.1469753905607628,0.08822251596860817,2017,8,30,2,0.14386702429395595,0.14814711978813214,0.14416407952197857,0.1455016926486602,62.37668213133006,-0.001337613126681625,-0.0018544506443010909,0.000516837517619466,0.14386702429395595,0.14882633478363544,0.13890771380427647
2017-08-31,0.14487484445917415,0.14746015099200008,0.151451075374967,0.15024769809457167,0.15024769809457167,0.11423447740361062,2017,8,31,3,0.14412988232302018,0.1480122037472665,0.14510002084083903,0.1458532486076166,63.434594643046445,-0.0007532277667775533,-0.0016342060687963835,0.0008809783020188302,0.14412988232302018,0.1498403333487862,0.13841943129725418
2017-09-01,0.1479708121624299,0.14762497496853696,0.15260343414048255,0.14958050809008616,0.14958050809008616,0.05551806694336344,2017,9,1,4,0.1442871284216773,0.14787976903255073,0.14578932657149243,0.14612934190261434,58.4768597960104,-0.00034001533112190674,-0.0013753679212614883,0.0010353525901395815,0.1442871284216773,0.15042231539888848,0.1381519414444661
2017-09-05,0.14531097796770454,0.14581862891450018,0.1481197462965571,0.146599885796233,0.146599885796233,0.09055194535084718,2017,9,5,1,0.144271873938761,0.14763072472935884,0.1459140279906833,0.14616419700584535,53.279995754446055,-0.0002501690151620606,-0.0011503281400416028,0.0009001591248795422,0.144271873938761,0.15038111691049333,0.1381626309670287
2017-09-06,0.14434287101194537,0.14381289476469686,0.14720533912245531,0.14638529440219955,0.14638529440219955,0.10915964910658987,2017,9,6,2,0.144288972786496,0.14746670668367234,0.14598653051553195,0.14618057459076048,50.467690209682004,-0.00019404407522852218,-0.0009590713270789868,0.0007650272518504646,0.144288972786496,0.15042096349193648,0.1381569820810555
2017-09-07,0.14486491220875264,0.1456241587727571,0.14868403149905263,0.14911447153345442,0.14911447153345442,0.08004178182860205,2017,9,7,3,0.14450774208091238,0.1475245086278186,0.14646775221059694,0.1463979002902193,65.0367421325443,6.985192037764487e-05,-0.0007532866775876605,0.0008231385979653054,0.14450774208091238,0.15100846040628862,0.13800702375553614
2017-09-08,0.14643770355744135,0.14581533929109844,0.1491123375649806,0.14594609350455545,0.14594609350455545,0.061443321840249206,2017,9,8,4,0.1448306152248497,0.14743069768180406,0.14638749702505208,0.14636443312091085,58.5873891342566,2.3063904141223945e-05,-0.0005980165612418836,0.0006210804653831076,0.1448306152248497,0.15090947060049514,0.13875175984920424
2017-09-11,0.14569758238980152,0.1462735132919508,0.1498058100857631,0.14681109758703575,0.14681109758703575,0.08506114752128377,2017,9,11,0,0.14507687631749205,0.14750640334228812,0.14645266634228032,0.14639751937766085,62.353970102263695,5.514696461947355e-05,-0.0004673838560696122,0.0005225308206890857,0.14507687631749205,0.1510515988950577,0.1391021537399264
2017-09-12,0.1451490882332887,0.144658374125982,0.14876595483266797,0.14781358580650328,0.14781358580650328,0.07280391196235939,2017,9,12,1,0.14523445735896937,0.14766291102446155,0.1466620385675454,0.14650241318720475,54.87449270131903,0.00015962538034064444,-0.0003419820087875609,0.0005016073891282054,0.14523445735896937,0.15132816444326583,0.1391407502746729
2017-09-13,0.14451138885492598,0.14590104090276865,0.1508051999710841,0.14882613236891973,0.14882613236891973,0.06986439393239108,2017,9,13,2,0.14545020915050105,0.1479069264244015,0.14699497607544915,0.14667454053399845,55.29384481572193,0.00032043554145069764,-0.0002094984987399092,0.0005299340401906068,0.14545020915050105,0.1517385260607543,0.1391618922402478
2017-09-14,0.1447063266161936,0.14442434280180558,0.14881321201872272,0.14548005694792376,0.14548005694792376,0.09713350773241142,2017,9,14,3,0.14541919626168676,0.14799678122296736,0.1467619115942914,0.1465860602683633,52.37389128658349,0.00017585132592809471,-0.00013242853380630843,0.00030827985973440314,0.14541919626168676,0.15170012701866908,0.13913826550470443
2017-09-15,0.14252891034912873,0.1423543258508179,0.1462161403638637,0.14386400980857417,0.14386400980857417,0.19953596287703015,2017,9,15,4,0.14557526821644365,0.14808797699981516,0.1463160805503349,0.1463844269009715,52.746589017139584,-6.83463506366e-05,-0.00011961209717236674,5.126574653576675e-05,0.14557526821644365,0.1515126350324249,0.1396379014004624
2017-09-18,0.14099247116914854,0.14090068807582581,0.14425812510013936,0.1420903886685873,0.1420903886685873,0.08874941070982889,2017,9,18,0,0.14564785558944665,0.14806390389824625,0.14566597410698912,0.14606634999486898,50.71422329686871,-0.00040037588787986134,-0.00017576485531386568,-0.00022461103256599566,0.14564785558944665,0.15136242170686387,0.13993328947202943
2017-09-19,0.1401366852116695,0.14101274622930046,0.1449209902476492,0.14437363251798435,0.14437363251798435,0.05452898383265083,2017,9,19,1,0.14590182874890603,0.1480170321542157,0.14546715232406532,0.14594096351509975,50.31462949083047,-0.0004738111910344289,-0.00023537412245797833,-0.0002384370685764506,0.14590182874890603,0.15082399196818147,0.1409796655296306
2017-09-20,0.1419737880840512,0.14479022275932082,0.1481333299331184,0.14764929283277622,0.14764929283277622,0.12229504256754883,2017,9,20,2,0.14601733138321285,0.14802702317332245,0.14580286624848238,0.14606750642752023,51.19456764660232,-0.00026464017903785053,-0.00024122733377395278,-2.3412845263897747e-05,0.14601733138321285,0.15099204298479862,0.14104261978162708
2017-09-21,0.1452845646577013,0.14566371995519048,0.1487554305737106,0.1479409981894178,0.1479409981894178,0.0872426766252854,2017,9,21,3,0.14610869567083284,0.14795071374403898,0.1461318096240109,0.14620628359506818,45.42799529187101,-7.447397105728171e-05,-0.00020787666123061859,0.00013340269017333688,0.14610869567083284,0.15115742859635067,0.14105996274531502
2017-09-22,0.1435498835745967,0.14507040110516575,0.14965624051401732,0.14662668792741085,0.14662668792741085,0.06525175400486222,2017,9,22,4,0.14623023364618712,0.1478257885881689,0.1462079447476109,0.1462374246567232,44.29179768661938,-2.947990911231213e-05,-0.0001721973108069573,0.00014271740169464518,0.14623023364618712,0.1512015260242087,0.14125894126816554
2017-09-25,0.14278991773096494,0.14232465331588498,0.14395220093698397,0.14409199891541558,0.14409199891541558,0.13958088758654477,2017,9,25,0,0.14631539495371054,0.1475909598081222,0.14588241461958085,0.14607850423144114,45.06856131858411,-0.00019608961186029505,-0.0001769757710176249,-1.9113840842670168e-05,0.14631539495371054,0.15106292571706487,0.14156786419035622
2017-09-26,0.1422183144063056,0.14378158071427885,0.14784099620514118,0.1453962307177878,0.1453962307177878,0.12202697331324355,2017,9,26,1,0.14650063677357542,0.1473994488242642,0.14580761709622808,0.146027965452652,48.13505103672906,-0.00022034835642392725,-0.00018565028809888536,-3.4698068325041885e-05,0.14650063677357542,0.15075164705740393,0.1422496264897469
2017-09-27,0.1435465794327399,0.15007075393210859,0.15008455337856208,0.15197773308177998,0.15197773308177998,0.17494754162006268,2017,9,27,2,0.14688955936759898,0.1472592353894455,0.1467568657093899,0.14646868898073556,54.71404075334924,0.0002881767286543324,-9.088488474824183e-05,0.00037906161340257427,0.14688955936759898,0.1516471527635188,0.14213196597167915
2017-09-28,0.14804682064170377,0.15033116157538443,0.1544390607028175,0.15365746964868193,0.15365746964868193,0.0622567733705549,2017,9,28,3,0.14722366332199494,0.14711580341899438,0.1478184970846656,0.14700119125243527,63.35032195256051,0.0008173058322303306,9.075325864747266e-05,0.000726552573582858,0.14722366332199494,0.15286336347092,0.14158396317306987
2017-09-29,0.15156240775248953,0.15332939949750904,0.15816470276266759,0.1568795189955562,0.1568795189955562,0.1140865771253732,2017,9,29,4,0.14755525436704417,0.14705518527293365,0.14921250045557183,0.1477329192334072,66.11571046260094,0.0014795812221646276,0.00036851885135090364,0.001111062370813724,0.14755525436704417,0.15455858056124394,0.1405519281728444
2017-10-02,0.15419913277906838,0.15423717074561508,0.1569171429647358,0.15492149490150642,0.15492149490150642,0.0865771253732171,2017,10,2,0,0.14782230370761518,0.14692342124852575,0.1500908072934079,0.14826540631993307,61.0393738312345,0.0018254009734748333,0.0006598952757756896,0.0011655056976991437,0.14782230370761518,0.15552336015502072,0.14012124726020964
2017-10-03,0.152223255948701,0.15274070853451457,0.15735907345892636,0.15643693849468127,0.15643693849468127,0.05005500041596953,2017,10,3,1,0.14831415634253758,0.14677221109441663,0.1510671351705269,0.14887070499954405,61.63862081298963,0.002196430170982838,0.0009672022548171194,0.0012292279161657189,0.14831415634253758,0.15689300464094855,0.13973530804412662
2017-10-04,0.1532144786808904,0.1535284975262823,0.1578859594698686,0.15438838931409155,0.15438838931409155,0.05598025531285531,2017,10,4,2,0.1487143110881322,0.14677878254514326,0.1515780973464599,0.1492794223561772,64.18577841808104,0.0022986749902827175,0.0012334968019102389,0.0010651781883724786,0.1487143110881322,0.15765337205969604,0.13977525011656838
2017-10-05,0.15271557969364818,0.15699612317552472,0.1594122421647487,0.16051727965650786,0.16051727965650786,0.08014346326989027,2017,10,5,3,0.14928445149428488,0.1469273780665306,0.15295335616339037,0.15011185623027576,73.1864401905852,0.0028414999331146107,0.0015550974281511132,0.0012864025049634975,0.14928445149428488,0.15966871174458014,0.1389001912439896
2017-10-06,0.15641950289027168,0.15981437452827854,0.16219287647584119,0.16351130636873085,0.16351130636873085,0.07645520008134515,2017,10,6,4,0.15016271213749363,0.14722778751082646,0.1545776561949812,0.15110440809238354,78.8442333745432,0.0034732481025976647,0.0019387275630404236,0.001534520539557241,0.15016271213749363,0.1621980812407537,0.13812734303423357
2017-10-09,0.16081401816810154,0.16178058045780688,0.16652700154663774,0.1628776173518271,0.1628776173518271,0.05034155720505449,2017,10,9,0,0.1509660381257332,0.1474656335255353,0.15585457329603444,0.15197649766715715,76.0747983938025,0.003878075628877292,0.0023265971762077976,0.0015514784526694946,0.1509660381257332,0.1641494955553473,0.1377825806961191
2017-10-10,0.16081401816810154,0.16050986947670912,0.16311750197113994,0.16140241383600978,0.16140241383600978,0.05745925809522929,2017,10,10,1,0.15164547952720853,0.14774793755018945,0.15670808722526142,0.15267471367966476,70.41609778375552,0.004033373545596658,0.00266795245008557,0.001365421095511088,0.15164547952720853,0.16552703890816142,0.13776392014625563
2017-10-11,0.15873902369031384,0.16352261734093262,0.16521486168679622,0.16698480087820333,0.16698480087820333,0.12446732790416062,2017,10,11,2,0.15255341295267272,0.1481396767484612,0.1582891200949448,0.15373472013881576,74.43221362143602,0.004554399956129052,0.0030452419512942666,0.001509158004834785,0.15255341295267272,0.16795111087036568,0.13715571503497975
2017-10-12,0.1632756104597025,0.16464663353257772,0.16954898675759278,0.16650868586193684,0.16650868586193684,0.08463593422135124,2017,10,12,3,0.15360484439837335,0.1485248439595614,0.15955366867448206,0.15468093982200992,76.06822998624402,0.004872728852472141,0.003410739331529842,0.0014619895209422992,0.15360484439837335,0.16981907041741345,0.13739061837933325
2017-10-13,0.16477897517969609,0.16566515763268838,0.17090871693571702,0.1671289637549087,0.1671289637549087,0.07607620561836181,2017,10,13,4,0.15476809209569006,0.1489676124843938,0.1607190986868554,0.15560301566889131,81.8013312956296,0.005116083017964096,0.0037518080688166934,0.0013642749491474026,0.15476809209569006,0.1713733251794671,0.13816285901191303
2017-10-16,0.1648120298148315,0.16457642413532478,0.16920906271133285,0.16790678882626997,0.16790678882626997,0.05210711677651344,2017,10,16,0,0.1560589121035742,0.14939703653858033,0.16182489716984225,0.1565144062731416,81.53293949542,0.005310490896700659,0.004063544634393487,0.0012469462623071722,0.1560589121035742,0.1725277806559523,0.13959004355119609
2017-10-17,0.16421398013875044,0.1654113424210795,0.17076934528931753,0.16796715900064918,0.16796715900064918,0.08720570155572605,2017,10,17,1,0.15723858842770747,0.14981828020950214,0.16276986052842793,0.15736275832703103,77.40488117933863,0.005407102201396896,0.004332256147794169,0.0010748460536027273,0.15723858842770747,0.17356254634368606,0.14091463051172887
2017-10-18,0.16470299974184083,0.16550363646441665,0.17022035697484145,0.16817837079145181,0.16817837079145181,0.06570469860696426,2017,10,18,2,0.15826504232564123,0.15026098127638118,0.16360193903043158,0.15816391480587702,76.20716905824867,0.005438024224554555,0.004553409763146246,0.0008846144614083088,0.15826504232564123,0.1746318393036696,0.14189824534761286
2017-10-19,0.16279649667389884,0.1629194098434076,0.1673020302757231,0.16537545259525765,0.16537545259525765,0.089368743124948,2017,10,19,3,0.15913676504593324,0.15067370861538382,0.16387478727117405,0.15869810279027557,65.5689112804128,0.005176684480898475,0.0046780647066966925,0.0004986197742017822,0.15913676504593324,0.17503887508549518,0.1432346550063713
2017-10-20,0.1639331280809223,0.16361820100767163,0.1694062158027445,0.16663274546386836,0.16663274546386836,0.07731487044860003,2017,10,20,4,0.16013706792275612,0.15121659091214498,0.16429908853158856,0.15928585409943058,72.02671206961787,0.005013234432157981,0.004745098651788951,0.00026813578036903075,0.16013706792275612,0.17522168412694297,0.14505245171856926
2017-10-23,0.16395957443234416,0.16313038084161305,0.16313109240631812,0.16001100972808058,0.16001100972808058,0.10460247178340004,2017,10,23,0,0.16093301846338937,0.15157909359202282,0.16363938410027964,0.15933956933118243,55.639027583785904,0.0042998147690972155,0.004656041875250603,-0.0003562271061533879,0.16093301846338937,0.1739975765829868,0.14786846034379192
2017-10-24,0.15750987631129992,0.1574312104806795,0.16139063968193185,0.1607117342479577,0.1607117342479577,0.07999556299165286,2017,10,24,1,0.16169879363989786,0.15190008897744284,0.16318897643069163,0.1594412111768695,60.41988950276247,0.003747765253822144,0.004474386550964912,-0.0007266212971427681,0.16169879363989786,0.1725341323679439,0.15086345491185182
2017-10-25,0.15697129458035752,0.15870355638483072,0.16122748647362478,0.16164716014220404,0.16164716014220404,0.07991236908514435,2017,10,25,2,0.16218226499291905,0.1522428102495212,0.16295177392477048,0.15960461480393132,52.24635441843869,0.0033471591208391605,0.004248941064939762,-0.0009017819441006015,0.16218226499291905,0.17200705042868242,0.15235747955715567
2017-10-26,0.16081401816810154,0.16249750080915507,0.1651978787417862,0.16138898259539203,0.16138898259539203,0.1567095885599135,2017,10,26,3,0.16256884064025456,0.15254858360694484,0.16271134448948146,0.15973679019589138,45.265492735681214,0.002974554293590087,0.003994063710669828,-0.0010195094170797406,0.16256884064025456,0.17155384321774395,0.15358383806276518
2017-10-27,0.17045880163982186,0.18253517708352615,0.17743538235873535,0.17704984268349294,0.17704984268349294,0.4456327820966713,2017,10,27,4,0.1635773568246514,0.15327472904634598,0.16491726728856015,0.1610192385283063,68.9263174032503,0.0038980287602538577,0.003974856720586634,-7.682796033277664e-05,0.1635773568246514,0.17424415460066955,0.15291055904863327
2017-10-30,0.17204810708951085,0.1748154593788336,0.17719743076732158,0.17632562858004924,0.17632562858004924,0.16068440853754357,2017,10,30,0,0.16464756350857854,0.15398846879377642,0.16667239979494308,0.16215304519880577,70.3371538522835,0.004519354596137309,0.004083756295696769,0.0004355983004405402,0.16464756350857854,0.17593468118143374,0.15336044583572334
2017-10-31,0.17245121900432436,0.17449572644298703,0.17819002883436197,0.17616806128497398,0.17616806128497398,0.0909494273486102,2017,10,31,1,0.1656341196480932,0.15472594663289996,0.1681332707934094,0.16319119453852193,64.68630060450337,0.004942076254887462,0.0042554202875349076,0.0006866559673525544,0.1656341196480932,0.1773409509064743,0.15392728838971206
2017-11-01,0.17310873001726046,0.1763646808205647,0.18040977725140767,0.17913863194144014,0.17913863194144014,0.09489651602407076,2017,11,1,2,0.1668716317794606,0.15540193446879597,0.1698264032777218,0.16437248619799735,68.7059477370457,0.005453917079724452,0.004495119645972817,0.0009587974337516353,0.1668716317794606,0.17880357644880523,0.15493968711011596
2017-11-02,0.17461212117038888,0.17584386553401307,0.17907045652120984,0.17916543407261798,0.17916543407261798,0.06490973461143823,2017,11,2,3,0.1678040395002661,0.15606296890150798,0.17126317724616738,0.16546826011463595,68.14596366597804,0.005794917131531435,0.0047550791430845405,0.0010398379884468947,0.1678040395002661,0.18053308455336242,0.15507499444716977
2017-11-03,0.17472775291880954,0.1773469465465072,0.18155193809157694,0.18147886636198557,0.18147886636198557,0.06744252687625368,2017,11,3,4,0.16870241749992884,0.15680862766034118,0.17283482172552403,0.16665423094777293,69.5555732044986,0.006180590777751099,0.005040181470017852,0.001140409307733247,0.16870241749992884,0.18263509370170417,0.15476974129815352
2017-11-06,0.17700101573285648,0.1780787064615376,0.18314622055266622,0.17927271635851078,0.17927271635851078,0.07195348536249432,2017,11,6,0,0.16952217245026305,0.15754630653221247,0.17382526705367585,0.16758893357079055,65.34118361718822,0.006236333482885298,0.0052794118725913415,0.0009569216102939563,0.16952217245026305,0.1839329171390391,0.155111427761487
2017-11-07,0.17643269011691914,0.17778206022138857,0.1831904115625002,0.18176384603997536,0.18176384603997536,0.0707610393692053,2017,11,7,1,0.1705402440604613,0.15834775556660213,0.17504658689772193,0.16863892708702646,67.36074181230634,0.006407659810695465,0.0055050614602121664,0.0009025983504832987,0.1705402440604613,0.18540545684635948,0.15567503127456314
2017-11-08,0.17750654943694716,0.18093060558551946,0.18431898876610814,0.18394985924086654,0.18394985924086654,0.06857951026520367,2017,11,8,2,0.17138849697859446,0.1591427671273933,0.17641632110435956,0.16977307020953314,74.11628192055454,0.006643250894826425,0.005732699347135019,0.000910551547691406,0.17138849697859446,0.18729887135547593,0.15547812260171298
2017-11-09,0.1786530866612573,0.17778864606062386,0.1813330226274763,0.18106982037650232,0.18106982037650232,0.08304600623029923,2017,11,9,3,0.17211655370432274,0.1598246557237081,0.1771322440693046,0.1706098665181975,67.98660920754,0.0065223775511071,0.005890634987929435,0.0006317425631776653,0.17211655370432274,0.18841462717873625,0.15581848022990924
2017-11-10,0.17616507445136942,0.17672394856911797,0.18324140118923177,0.18000028324293743,0.18000028324293743,0.03449773989887319,2017,11,10,4,0.17276011967872418,0.1604197074266754,0.17757348086524813,0.17130545294225233,78.90240253604372,0.0062680279229958,0.005966113574942708,0.0003019143480530919,0.17276011967872418,0.18924438835052118,0.15627585100692717
2017-11-13,0.17516060871861794,0.1769942448598942,0.1823202021968493,0.17922242464376636,0.17922242464376636,0.04982390623122359,2017,11,13,0,0.17332590146959898,0.16101254575774904,0.17782716452348168,0.17189189529051263,76.7049587966518,0.005935269232969054,0.005959944706547978,-2.4675473578924384e-05,0.17332590146959898,0.18988537752416984,0.1567664254150281
2017-11-14,0.17488636494450344,0.17542195649976053,0.17945797088575255,0.17930625087390234,0.17930625087390234,0.056608831495364255,2017,11,14,1,0.17389285606326166,0.1616666730593024,0.17805471626970024,0.17244110681520816,76.1181415182308,0.0056136094544920745,0.005890677656136798,-0.0002770682016447236,0.17389285606326166,0.19045627092940295,0.15732944119712036
2017-11-15,0.17376955178033704,0.17452537260819326,0.17988968305874614,0.17759970547026066,0.17759970547026066,0.046884388201255296,2017,11,15,2,0.17436392279720211,0.16229096128066364,0.177984714608248,0.17282322523410093,72.9909683446988,0.005161489374147066,0.005744839999738852,-0.0005833506255917865,0.17436392279720211,0.19077825668323634,0.1579495889111679
2017-11-16,0.17486322273493843,0.17842481571648364,0.18230318525875477,0.18148556521838954,0.18148556521838954,0.07236945489503702,2017,11,16,3,0.1751694284283587,0.16293838315436232,0.17852330700980823,0.17346488004775193,59.445929362333885,0.0050584269620563005,0.005607557392202343,-0.0005491304301460422,0.1751694284283587,0.19130531587902702,0.15903354097769037
2017-11-17,0.17865968833668722,0.17793038334146313,0.18068172872592603,0.17698947250911373,0.17698947250911373,0.09708728889546223,2017,11,17,4,0.17568726478062097,0.1635592507344535,0.17828733247123985,0.17372596097081577,51.21799860876088,0.004561371500424072,0.0053983202138466885,-0.0008369487134226167,0.17568726478062097,0.19132673655668675,0.16004779300455518
2017-11-20,0.17411649328358492,0.17403755244213467,0.18059673921608993,0.1767514317648854,0.1767514317648854,0.05608193675414352,2017,11,20,0,0.17652428588246122,0.16415805741801048,0.1780510400548776,0.17395006991852463,51.06719718626377,0.004100970136352966,0.005138850198347944,-0.0010378800619949783,0.17652428588246122,0.1903136220384821,0.16273494972644034
2017-11-21,0.17512426315819318,0.17815782223397256,0.18234908952004691,0.182152761928437,0.182152761928437,0.06934674295856019,2017,11,21,1,0.17759633726648516,0.16484484094044916,0.17868207418927134,0.17455767673407369,55.06361041098771,0.004124397455197659,0.004935959649717887,-0.0008115621945202281,0.17759633726648516,0.18940043628887487,0.16579223824409545
2017-11-22,0.17898679838051057,0.17967274325374052,0.18533196908660737,0.18264562743849438,0.18264562743849438,0.03692885072240042,2017,11,22,2,0.17864626063129968,0.16552123084184064,0.17929185161222871,0.1751567841936604,55.75643516081499,0.004135067418568311,0.004775781203487973,-0.0006407137849196616,0.17864626063129968,0.1879473288108052,0.16934519245179416
2017-11-24,0.17927425211376857,0.1808172091684164,0.18654552900143456,0.18420466389000967,0.18420466389000967,0.01758164557547074,2017,11,24,4,0.17978704469603057,0.16629572298068238,0.18004766888573348,0.1758269975045011,54.62402036262513,0.004220671381232388,0.004664759239036856,-0.0004440878578044682,0.17978704469603057,0.18477072997396307,0.17480335941809808
2017-11-27,0.18063886930891138,0.18486560827022133,0.18771489790642776,0.18876444602683784,0.18876444602683784,0.08884184838372727,2017,11,27,0,0.1803727748631978,0.16719373170504767,0.18138871152282646,0.1767853270246742,64.91099443569065,0.004603384498152258,0.004652484290859937,-4.909979270767938e-05,0.1803727748631978,0.18660032280055483,0.17414522692584078
2017-11-28,0.18562482597910873,0.18714496129636107,0.18824518322581874,0.1864845549584238,0.1864845549584238,0.09961083739288784,2017,11,28,1,0.18088072118211654,0.16808161503084434,0.18217268743599527,0.1775037883531001,57.46552650382337,0.004668899082895167,0.004655767249266983,1.3131833628184271e-05,0.18088072118211654,0.1873700720030995,0.17439137036113359
2017-11-29,0.1815243727182505,0.18111451465173214,0.17996787395168473,0.17785115063285883,0.17785115063285883,0.19528382987770496,2017,11,29,2,0.18096487564951078,0.1687511653931419,0.18150783562012812,0.17752951889234148,41.98889878935916,0.003978316727786646,0.004520277144970916,-0.00054196041718427,0.18096487564951078,0.1872369179894031,0.17469283330961846
2017-11-30,0.17481366721537006,0.17597572075978354,0.17974691210389787,0.17776732440272286,0.17776732440272286,0.1273051644928407,2017,11,30,3,0.1808963102725749,0.16935352602454082,0.18093237235591192,0.17754713411533268,45.31798561041645,0.003385238240579236,0.0042932693640925805,-0.0009080311235133446,0.1808963102725749,0.18728137657425334,0.17451124397089648
2017-12-01,0.17264285262373513,0.1739979912597013,0.17533462333463035,0.1739987985778737,0.1739987985778737,0.1444615967683789,2017,12,1,4,0.1806379784978377,0.1698746820323099,0.1798656686977522,0.17728429444589128,42.0964221293575,0.0025813742518609184,0.003950890341646248,-0.0013695160897853297,0.1806379784978377,0.18770008075688843,0.17357587623878695
2017-12-04,0.17160533886413198,0.1718917093421138,0.17314205578794095,0.17014644652288852,0.17014644652288852,0.14416579621190412,2017,12,4,0,0.18007135750588285,0.17034507720421946,0.17837040374777316,0.1767555649701133,38.94289320901661,0.0016148387776598605,0.003483680028848971,-0.0018688412511891103,0.18007135750588285,0.18852982673802815,0.17161288827373755
2017-12-05,0.16608082689612708,0.17337829609057723,0.1706639667274057,0.1723157092299888,0.1723157092299888,0.1590390179421525,2017,12,5,1,0.17972350714945678,0.17090955141051092,0.17743891228349865,0.17642668676714113,41.89536529508908,0.0010122255163575178,0.0029893891263506806,-0.001977163609993163,0.17972350714945678,0.18886490331606579,0.17058211098284778
2017-12-06,0.16791792976850878,0.1748154593788336,0.175035463795288,0.1767514317648854,0.1767514317648854,0.08552333589077565,2017,12,6,2,0.17947288643570225,0.17153665543145288,0.17733314604986583,0.17645074195215923,49.07506776704426,0.0008824040977065961,0.002567992120621864,-0.0016855880229152678,0.17947288643570225,0.1886535110316526,0.1702922618397519
2017-12-07,0.1741726636951506,0.17787105804889228,0.18079083292989773,0.1809591853096265,0.1809591853096265,0.10273523077065289,2017,12,7,3,0.17932335273914027,0.17211628447600982,0.17789099824367516,0.17678470071937902,49.4300519639498,0.0011062975242961404,0.002275653201356719,-0.0011693556770605786,0.17932335273914027,0.1882919173157419,0.17035478816253863
2017-12-08,0.17980952970285413,0.18044539602240092,0.1857031735692129,0.18301108727119914,0.18301108727119914,0.08726116416006507,2017,12,8,4,0.1794204160838751,0.17270335682846016,0.17867870424790963,0.17724591453803235,56.88441112339257,0.0014327897098772857,0.0021070805030608325,-0.0006742907931835468,0.1794204160838751,0.18850977106180006,0.17033106110595014
2017-12-11,0.1791520186899181,0.18102222060839493,0.18554273980766478,0.18436895686373678,0.18436895686373678,0.07820227211802441,2017,12,11,0,0.17963884976491507,0.17325314558582378,0.17955412772726764,0.17777354730289935,58.49155696297342,0.0017805804243682943,0.002041780487322325,-0.0002612000629540305,0.17963884976491507,0.18899299683917273,0.1702847026906574
2017-12-12,0.180516609451926,0.18316805711598408,0.18610023319187974,0.18416107103166923,0.18416107103166923,0.08621661844501344,2017,12,12,1,0.17988578208431022,0.17383793710842702,0.18026288823563713,0.17824669720873415,52.531902500716505,0.0020161910269029804,0.002036662595238456,-2.0471568335475674e-05,0.17988578208431022,0.18945198228093701,0.17031958188768342
2017-12-13,0.18266100412527397,0.18196657985225248,0.18769448845850134,0.18420466389000967,0.18420466389000967,0.08651241900148823,2017,12,13,2,0.18013070273511556,0.1743932916163336,0.18086931525938676,0.17868802807401382,51.98801882170256,0.002181287185372943,0.0020655875132653536,0.00011569967210758956,0.18013070273511556,0.18988343563775067,0.17037796983248044
2017-12-14,0.18229094023731218,0.1858676578835963,0.1893023613547688,0.1870679455550211,0.1870679455550211,0.11202521699743948,2017,12,14,3,0.1806041147393536,0.1750468827411522,0.18182295068948434,0.17930876270223658,53.53360232783578,0.002514187987247757,0.0021553076080618344,0.00035888037918592247,0.1806041147393536,0.19075079745218526,0.17045743202652192
2017-12-15,0.1854662139534149,0.18887381990858457,0.19147451265491489,0.1921105214478338,0.1921105214478338,0.27075919061572734,2017,12,15,4,0.1811353625508258,0.1756787475769787,0.18340565388307656,0.1802570411278364,54.08079416343393,0.003148612755240171,0.002353968637497502,0.0007946441177426691,0.1811353625508258,0.19251413330587433,0.16975659179577726
2017-12-18,0.18925607787973375,0.19245679992713519,0.1957236482158753,0.1964523661152075,0.1964523661152075,0.11164622253445614,2017,12,18,0,0.1821085072311305,0.17633756877190823,0.18541284038032746,0.18145669483060464,61.57438170646908,0.003956145549722817,0.002674404019942565,0.001281741529780252,0.1821085072311305,0.19519522203808332,0.1690217924241777
2017-12-19,0.19226943542828573,0.19191291772218091,0.196250568219902,0.19428648301133805,0.19428648301133805,0.0916889287397972,2017,12,19,1,0.18298525979345312,0.1769657460850985,0.1867780161697137,0.18240704951065898,72.45737771128637,0.004370966659054731,0.0030137165477649983,0.001357250111289733,0.18298525979345312,0.19688509645682098,0.16908542313008526
2017-12-20,0.19113943873811073,0.19077242704380012,0.19556049500756822,0.19236534621366286,0.19236534621366286,0.08520904779952118,2017,12,20,2,0.18349588900771444,0.1775850047326515,0.18763760540724433,0.1831447011182889,68.99320572563056,0.004492904288955435,0.003309554096003086,0.001183350192952349,0.18349588900771444,0.1980039924144727,0.16898778560095618
2017-12-21,0.18888270984991518,0.18943745963124467,0.1956536292604476,0.191922765712788,0.191922765712788,0.059982806592654904,2017,12,21,3,0.1839597459214291,0.17808376402934323,0.18829686083886643,0.18379492812528883,75.53006645267138,0.0045019327135776,0.003548029819517989,0.000953902894059611,0.1839597459214291,0.19893896027598726,0.16898053156687096
2017-12-22,0.18761391276861966,0.18774650090867442,0.19485343885022444,0.19074595299889224,0.19074595299889224,0.03774230225270612,2017,12,22,4,0.18428681037687322,0.17856850937208232,0.18867364424810115,0.18430981885666686,81.76181105008042,0.0043638253914342895,0.0037111889339012495,0.0006526364575330399,0.18428681037687322,0.1995710871017034,0.16900253365204304
2017-12-26,0.18660945364415193,0.18640165803348183,0.1917124642463287,0.1896127197322131,0.1896127197322131,0.038250709459147166,2017,12,26,1,0.184329224062142,0.17901818449162843,0.188818117399503,0.18470262632892956,77.54996370819771,0.004115491070573435,0.003792049361235687,0.0003234417093377481,0.184329224062142,0.19967042011301744,0.16898802801126656
2017-12-27,0.1863847653896057,0.1858248070777612,0.1909816265270773,0.18714169332552233,0.18714169332552233,0.08551409212338582,2017,12,27,2,0.18436208098049695,0.17940288258161347,0.18856020600350598,0.1848832979583068,67.65407247072639,0.0036769080451991842,0.0037690210980283866,-9.211305282920239e-05,0.18436208098049695,0.19972551225727575,0.16899864970371814
2017-12-28,0.18447168707936873,0.18463157694604496,0.18986664655726432,0.18672932138130394,0.18672932138130394,0.04532219151237279,2017,12,28,3,0.18480598951791918,0.17977812582922653,0.18827853144624412,0.18502004043408438,61.2557285837691,0.0032584910121597477,0.003666915080854659,-0.0004084240686949114,0.18480598951791918,0.19988777961943208,0.1697241994164063
2017-12-29,0.18285924602839837,0.18296700113500572,0.1899108375670983,0.1861459307847066,0.1861459307847066,0.049981050276850826,2017,12,29,4,0.18522491983701836,0.18013747702909164,0.18795043903677683,0.18510343971931564,56.48673691875602,0.002846999317461185,0.003502931928175965,-0.0006559326107147797,0.18522491983701836,0.19994461268931507,0.17050522698472165
2018-01-02,0.18339452361748398,0.18864967063947694,0.1900230283431415,0.1923821034130157,0.1923821034130157,0.08234347990867158,2018,1,2,1,0.18614408507877547,0.18067761004544683,0.18863223355619818,0.18564259999292304,63.795890094666404,0.0029896335632751403,0.0034002722551958004,-0.00041063869192066015,0.18614408507877547,0.2001927346283769,0.17209543552917406
2018-01-03,0.18867123816279613,0.19502784168481033,0.1961349781354101,0.19824277127679507,0.19824277127679507,0.10014697590149843,2018,1,3,2,0.18754890131647078,0.18130981056170536,0.19011077782090538,0.1865759460139506,70.29380948856003,0.003534831806954769,0.0034271841655475945,0.00010764764140717455,0.18754890131647078,0.2004327159478535,0.17466508668508807
2018-01-04,0.19649876343812667,0.19742749999644008,0.20320282026208925,0.19955705471655416,0.19955705471655416,0.06080550189035042,2018,1,4,3,0.18891096859079906,0.18210073146147482,0.19156405118946673,0.18753750962155089,71.3433604978245,0.004026541567915848,0.0035470556460212455,0.0004794859218946023,0.18891096859079906,0.20072983209619005,0.17709210508540807
2018-01-05,0.19848124194392391,0.20094786509901805,0.20592157356218038,0.2048645070125828,0.2048645070125828,0.08617964337545408,2018,1,5,4,0.19031662235318395,0.1829837869167673,0.19361027516225382,0.18882099090977547,73.16691561935448,0.0047892842524783485,0.003795501367312666,0.0009937828851656824,0.19031662235318395,0.20271908468524136,0.17791416002112653
2018-01-08,0.20120054408378796,0.2032617888368192,0.2091917286857462,0.20644366685555787,0.20644366685555787,0.06478032186798052,2018,1,8,0,0.19159084643048047,0.1838797170510344,0.19558464311506982,0.19012637431316676,70.50755282023576,0.00545826880190306,0.004128054854230745,0.001330213947672315,0.19159084643048047,0.205129851197528,0.17805184166343294
2018-01-09,0.2035696204033985,0.20303106032090798,0.2090594887884722,0.20621567774871646,0.20621567774871646,0.051367615385326436,2018,1,9,1,0.19275107595435637,0.1847762509541009,0.19722018690486162,0.1913181745676519,65.83299949238778,0.005902012337209717,0.00448284635082654,0.0014191659863831765,0.19275107595435637,0.20714440672563453,0.1783577451830782
2018-01-10,0.1995055193112487,0.20106321946832614,0.207318702931858,0.20499191939549738,0.20499191939549738,0.06433662103326832,2018,1,10,2,0.1937822240809444,0.18533509248834096,0.19841583805726712,0.19233104455489974,67.90803542524642,0.006084793502367375,0.004803235781134707,0.0012815577212326682,0.1937822240809444,0.20859587965385648,0.1789685685080323
2018-01-11,0.20254532321122254,0.20169772783140585,0.20850166227202938,0.20596757866153925,0.20596757866153925,0.05837439106682319,2018,1,11,3,0.19487254946243787,0.18592793148997075,0.1995776443040782,0.19334115819242859,73.49704621800078,0.0062364861116496195,0.0050898858472376894,0.00114660026441193,0.19487254946243787,0.20991285286652198,0.17983224605835377
2018-01-12,0.20126001202892668,0.20755346844442926,0.2090319475914203,0.21158012061589354,0.21158012061589354,0.1269816326341964,2018,1,12,4,0.1962413222987321,0.18663617267658913,0.20142417912128058,0.1946921924460186,78.81083346306318,0.006731986675261981,0.0054183060128425485,0.001313680662419432,0.1962413222987321,0.21215139405434527,0.1803312505431189
2018-01-16,0.21120548562618335,0.2127021509838782,0.21470269434150635,0.21141249497786935,0.21141249497786935,0.11355968238415248,2018,1,16,1,0.1974585497698745,0.18728164993731775,0.2029608430992173,0.19593073337430383,81.2133127108064,0.007030109724913469,0.005740666755256733,0.001289442969656736,0.1974585497698745,0.21412083056260278,0.18079626897714624
2018-01-17,0.20912718700653882,0.21029263039447474,0.21442324399255003,0.21483902373133246,0.21483902373133246,0.07910816132222848,2018,1,17,2,0.19859497488404942,0.18799512173049204,0.20478825550415808,0.19733134747482448,85.63175377131445,0.007456908029333603,0.006083915010072107,0.0013729930192614963,0.19859497488404942,0.21675450382046063,0.18043544594763822
2018-01-18,0.21084202341365144,0.21026295785954188,0.21458982370377344,0.21410475799050183,0.21410475799050183,0.07870143555707565,2018,1,18,3,0.19947759447781416,0.18864763956306235,0.2062215635789802,0.1985738223278376,90.04986462129821,0.007647741251142592,0.006396680258286205,0.0012510609928563874,0.19947759447781416,0.218872561735439,0.1800826272201893
2018-01-19,0.2109807973716371,0.2120264465153118,0.21826108362706015,0.2166931183204724,0.2166931183204724,0.1323152864181326,2018,1,19,4,0.20059792624327083,0.1893960476023016,0.20783257200074823,0.1999159924013661,91.8046731058133,0.007916579599382134,0.006700660126505391,0.0012159194728767432,0.20059792624327083,0.2212764497756018,0.17991940271093987
2018-01-22,0.21285094827087053,0.2192846940033185,0.22057601268067145,0.22282871422485462,0.22282871422485462,0.11750677105961305,2018,1,22,0,0.20212109464383046,0.19021734496599918,0.2101396708044569,0.20161323105495785,94.31351687979759,0.008526439749499043,0.007065816051104122,0.0014606236983949212,0.20212109464383046,0.22465125251150217,0.17959093677615875
2018-01-23,0.220239009462679,0.22315675215046435,0.2286119710549429,0.2275762520967286,0.2275762520967286,0.09117127776596629,2018,1,23,1,0.2039037689630275,0.1910898728231164,0.2128222217724987,0.20353641779879272,94.10136665895301,0.009285803973705986,0.0075098136356244955,0.0017759903380814906,0.2039037689630275,0.22857652674085155,0.17923101118520346
2018-01-24,0.226014656036652,0.22587053983102381,0.2293938255953934,0.2256551152990534,0.2256551152990534,0.09888982353648054,2018,1,24,2,0.20564922707803554,0.19198157872156746,0.21479651308427633,0.20517483983584908,88.11304131366894,0.009621673248427248,0.007932185558185046,0.0016894876902422019,0.20564922707803554,0.23132165383304515,0.17997680032302593
2018-01-25,0.2244286547288198,0.22457842981673512,0.22997509374289904,0.2277103633360471,0.2277103633360471,0.10479659089858662,2018,1,25,3,0.20755410925822723,0.19293578032342962,0.21678325927685646,0.2068441378729008,88.35301758748295,0.00993912140395567,0.00833357272733917,0.001605548676616499,0.20755410925822723,0.23386220985708228,0.18124600865937218
2018-01-26,0.22527123072715532,0.22454546106596876,0.22839440851560483,0.2295443278281653,0.2295443278281653,0.15455579075808137,2018,1,26,4,0.20967424098335935,0.1939422183871176,0.21874650059244244,0.2085256334251426,87.1355509662609,0.010220867167299835,0.008711031615331304,0.001509835551968531,0.20967424098335935,0.23589016850130026,0.18345831346541844
2018-01-29,0.22573380397882387,0.22818778615438515,0.23310924933404653,0.22945714881704632,0.22945714881704632,0.09540492323051183,2018,1,29,0,0.21181063235514652,0.1949452363459805,0.2203942926269969,0.2100761160467651,86.25610210870704,0.010318176580231792,0.009032460608311402,0.0012857159719203894,0.21181063235514652,0.23710122269670114,0.1865200420135919
2018-01-30,0.222875708056123,0.22476960374264474,0.2302334343863885,0.22547071234499055,0.22547071234499055,0.11180336658008339,2018,1,30,1,0.2137768714331607,0.19590265648347507,0.22117528027591898,0.21121645651330032,77.12294644064829,0.009958823762618668,0.009217733239172856,0.0007410905234458125,0.2137768714331607,0.236666838279411,0.1908869045869104
2018-01-31,0.22378104953317035,0.2236093489541265,0.22874115157461306,0.22756620045934173,0.22756620045934173,0.110176463519472,2018,1,31,2,0.21553607628547705,0.19682426918829413,0.22215849876567634,0.21242754865745153,81.03628049303275,0.009730950108224806,0.009320376612983246,0.00041057349524156045,0.21553607628547705,0.23685707521371316,0.19421507735724095
2018-02-01,0.22115095922343997,0.2239389639450419,0.2281938493171275,0.22681515069691044,0.22681515069691044,0.19091152790231186,2018,2,1,3,0.21696469525648276,0.19782078275205006,0.22287490675509697,0.21349329695667071,78.84043349189254,0.009381609798426255,0.009332623250071849,4.898654835440615e-05,0.21696469525648276,0.23720857051392016,0.19672081999904537
2018-02-02,0.20773281931811738,0.20715133011274586,0.21111504380882556,0.20810665292866898,0.20810665292866898,0.416995590722955,2018,2,2,4,0.21739217516708856,0.19844788717532577,0.22060286770487728,0.21309428628792984,46.472842964915166,0.007508581416947435,0.008967814883446966,-0.0014592334664995307,0.21739217516708856,0.2364124025666274,0.1983719477675497
2018-02-05,0.19735782049604395,0.20284317601840016,0.19233455808830396,0.1892975516142527,0.1892975516142527,0.31904863146023793,2018,2,5,0,0.21661382739717205,0.1985907829690421,0.21578666522939657,0.2113315652009908,33.710359322406276,0.004455100028405767,0.008065271912438726,-0.0036101718840329585,0.21661382739717205,0.2388027382702601,0.194424916524084
2018-02-06,0.1764029660567754,0.1935181748330809,0.18251292259004376,0.19761243504087428,0.19761243504087428,0.2866677142936375,2018,2,6,1,0.21617226580643784,0.19889011912108967,0.21299062981577777,0.21031533333727848,38.16346998958167,0.0026752964784992894,0.006987276825650839,-0.00431198034715155,0.21617226580643784,0.23953383163582295,0.19281069997705272
2018-02-07,0.1943642745820654,0.19354126152877857,0.19105299840726764,0.18687684374455427,0.18687684374455427,0.18694595169207162,2018,2,7,2,0.21520532410622972,0.19894356271818053,0.20897312426635878,0.2085791489230026,33.55207743025784,0.0003939753433561677,0.005668616529191905,-0.0052746411858357375,0.21520532410622972,0.24169369964404674,0.1887169485684127
2018-02-08,0.18573055191024268,0.1859072190660296,0.17487231058698094,0.17109864973317362,0.17109864973317362,0.23223116813488504,2018,2,8,3,0.21351066062311355,0.19859024679230725,0.20314628203048413,0.20580281564968195,26.242958489064037,-0.0026565336191978206,0.00400358649951396,-0.00666012011871178,0.21351066062311355,0.2463304527439134,0.1806908685023137
2018-02-09,0.17312193997640396,0.1810782760548589,0.17211885034762786,0.18325583357739345,0.18325583357739345,0.2920198556123534,2018,2,9,4,0.21237507336890626,0.19852567236468666,0.20008621303770097,0.20413266882951242,30.59800862583819,-0.004046455791811454,0.002393578041248877,-0.006440033833060331,0.21237507336890626,0.24776485599014644,0.17698529074766609
2018-02-12,0.1832821960109201,0.18685653581850073,0.1885606254526307,0.1880033714492675,0.1880033714492675,0.1581516162727281,2018,2,12,0,0.21119623591057493,0.19872871678101484,0.19822731433178814,0.2029379060606054,30.598008625838233,-0.0047105917288172705,0.0009727440872356475,-0.005683335816052918,0.21119623591057493,0.2482300160548117,0.17416245576633815
2018-02-13,0.18229094023731218,0.1858248070777612,0.18963448058883037,0.18805701594499485,0.18805701594499485,0.08488551594087687,2018,2,13,1,0.2100284619589312,0.19893451061186027,0.19666265304151226,0.2018356179038935,31.222356820773015,-0.005172964862381252,-0.0002563977026877322,-0.00491656715969352,0.2100284619589312,0.2484793382161533,0.1715775857017091
2018-02-14,0.18359606305418147,0.19022525521544406,0.1905397300259712,0.19395791718056976,0.19395791718056976,0.1117571477431342,2018,2,14,2,0.20898440663139312,0.19933369298391418,0.1962465398321365,0.20125208451698062,33.76656465096647,-0.0050055446848441265,-0.0012062270991190112,-0.003799317585725115,0.20898440663139312,0.24801489896986584,0.1699539142929204
2018-02-15,0.19354814493515166,0.1967382678580931,0.196519093191504,0.20060313579436218,0.20060313579436218,0.13834222275630656,2018,2,15,3,0.20830932552158607,0.19994282676934363,0.1969167853647866,0.2012040142412311,36.69626246177947,-0.004287228876444504,-0.0018224274545841099,-0.0024648014218603947,0.20830932552158607,0.24743386309229487,0.16918478795087727
2018-02-16,0.19663423325425555,0.2010862995715921,0.2046682553357364,0.20237340415336602,0.20237340415336602,0.12319168800436306,2018,2,16,4,0.20759333981323075,0.20054398066781118,0.19775626517841421,0.20129063571620406,37.73980774765801,-0.0035343705377898493,-0.002164816071225258,-0.0013695544665645915,0.20759333981323075,0.24659579401585544,0.16859088561060606
2018-02-20,0.19734791467875729,0.2041451680877576,0.20473862102062584,0.2049416276807529,0.2049416276807529,0.09949066841681997,2018,2,20,1,0.20669898548602567,0.20110778458612855,0.1988617055633894,0.2015610795654299,40.586079184900775,-0.002699374002040511,-0.0022717276573883086,-0.00042764634465220245,0.20669898548602567,0.24504526606103288,0.16835270491101845
2018-02-21,0.20260151344763927,0.21074421855609185,0.210792809763733,0.20791889719362305,0.20791889719362305,0.10779157153289395,2018,2,21,2,0.20571611774087045,0.2016469788238085,0.20025511966034842,0.20203202901937012,41.06270992329854,-0.0017769093590216944,-0.0021727639977149856,0.00039585463869329113,0.20571611774087045,0.24279607176500653,0.16863616371673437
2018-02-22,0.2058131393324505,0.20706891812447745,0.20952146160527674,0.20633973735064803,0.20633973735064803,0.08970151875098215,2018,2,22,3,0.20475034884345017,0.20211355182539747,0.20119121468962528,0.2023511185253907,40.755660063473705,-0.001159903835765419,-0.001970191965325072,0.0008102881295596531,0.20475034884345017,0.2406304277352258,0.16887026995167453
2018-02-23,0.20464015575671846,0.20853902379377356,0.21024346112256131,0.21309893710673722,0.21309893710673722,0.08450652147789353,2018,2,23,4,0.20401977753198466,0.20268815143025745,0.20302317198456557,0.20314725323512006,52.52655225029059,-0.00012408125055449193,-0.001600969822370956,0.0014768885718164642,0.20401977753198466,0.23849911463254575,0.16954044043142358
2018-02-26,0.20964922820334608,0.21403713817372874,0.21771549462103285,0.2187852536538406,0.2187852536538406,0.11206219206699883,2018,2,26,0,0.20348182382326843,0.20338063508270088,0.20544810762599253,0.20430562363650678,67.20932975603566,0.001142483989485743,-0.0010522790599996163,0.002194763049485359,0.20348182382326843,0.23659294771706937,0.1703706999294675
2018-02-27,0.21409000146717116,0.21406349471553313,0.2147598027234457,0.2102490799767816,0.2102490799767816,0.13193629195514925,2018,2,27,1,0.20252142038125517,0.20390152340443635,0.20618671875688316,0.20474587966171232,57.35587764641521,0.0014408390951708427,-0.0005536554289655245,0.0019944945241363674,0.20252142038125517,0.2335062273477323,0.17153661341477805
2018-02-28,0.20807316575421914,0.20862143578204198,0.20974240305721292,0.20570270225832327,0.20570270225832327,0.1419657795731228,2018,2,28,2,0.2015330198769218,0.20427421853850236,0.20611225468018163,0.20481675540960942,61.80961075088452,0.001295499270572209,-0.00018382448905797778,0.0014793237596301867,0.2015330198769218,0.23063967887146533,0.17242636088237825
2018-03-01,0.2030640866993078,0.2028827372008334,0.19742366956557195,0.19389757382843842,0.19389757382843842,0.20050655845296309,2018,3,1,3,0.19984958854537666,0.20430995958611448,0.20423307301068266,0.2040079271443375,65.0522516472909,0.0002251458663451722,-0.0001020304179773478,0.00032717628432252,0.19984958854537666,0.2263987814712758,0.17330039561947752
2018-03-02,0.18496068024932422,0.19361343547066825,0.19100372203199423,0.19704916783573667,0.19704916783573667,0.1779240347195903,2018,3,2,4,0.19836128940231795,0.20432189562052508,0.20312785682992174,0.20349246349184855,60.33564482747704,-0.00036460666192680846,-0.00015454566676723994,-0.00021006099515956853,0.19836128940231795,0.2216872787074373,0.17503530009719862
2018-03-05,0.1922496237937123,0.1985910575932234,0.19810318452586384,0.20107587120739784,0.20107587120739784,0.07907118625266912,2018,3,5,0,0.19800975031625442,0.20445768338444623,0.20281216673414884,0.2033134566559633,59.902481811088066,-0.0005012899218144462,-0.00022389451777668118,-0.000277395404037765,0.19800975031625442,0.22092565465585046,0.1750938459766584
2018-03-06,0.200205990776607,0.20015675352169013,0.20516524102956324,0.2024605496366752,0.2024605496366752,0.1096310812434716,2018,3,6,1,0.19866790021737554,0.2046595874529065,0.20275807179607597,0.20325027835823825,60.695077093254596,-0.000492206562162284,-0.00027755692665380174,-0.00021464963550848223,0.19866790021737554,0.22128439477149192,0.17605140566325916
2018-03-07,0.19689193649423492,0.20357493593343054,0.20370592471112386,0.20734890430983366,0.20734890430983366,0.0874183082056923,2018,3,7,2,0.1991547236808235,0.20496811022484743,0.20346435372126948,0.20355388028057866,60.095027870305856,-8.952655930918874e-05,-0.00023995085318487917,0.00015042429387569043,0.1991547236808235,0.22209243593643563,0.17621701142521135
2018-03-08,0.20552565916605758,0.2086445224777396,0.2129921419342355,0.2128340607035213,0.2128340607035213,0.09320490659173053,2018,3,8,3,0.20045258452877185,0.20540987237894,0.20490584710315435,0.20424130105264848,59.384638371318054,0.0006645460505058653,-5.905147244673027e-05,0.0007235975229525956,0.20045258452877185,0.22340263384308348,0.17750253521446022
2018-03-09,0.2123586245259234,0.21958795904486103,0.2196755358725927,0.22424692716952355,0.22424692716952355,0.1646499847477838,2018,3,9,4,0.20310999840058935,0.2061025565276862,0.20788139788259574,0.2057231992835281,64.61993118855492,0.002158198599067629,0.00038439854185614154,0.0017738000572114874,0.20310999840058935,0.22396098808182408,0.18225900871935463
2018-03-12,0.22156067281368336,0.2249443097742503,0.22815984943402295,0.2257422607823626,0.2257422607823626,0.16874497370148178,2018,3,12,0,0.2052343197608378,0.206874567876823,0.21062922294409836,0.2072060927278862,64.1051244757977,0.0034231302162121557,0.0009921448767273443,0.0024309853394848114,0.2052343197608378,0.22622506722438113,0.1842435722972945
2018-03-13,0.22359271344733267,0.2248487195150797,0.21997092897817377,0.21691440857090982,0.21691440857090982,0.14423974635102282,2018,3,13,1,0.20667987161691995,0.20747826962061514,0.21159617457899244,0.20792522723477683,55.65151927498781,0.003670947344215608,0.0015279053702249971,0.0021430419739906113,0.20667987161691995,0.2266305002425226,0.1867292429913173
2018-03-14,0.21540175900088887,0.21885949534566415,0.222727761331508,0.22070974323249876,0.22070974323249876,0.0873166267644041,2018,3,14,2,0.20831250798129514,0.20816954586957095,0.21299826206414724,0.20887222841979325,58.78350728765369,0.004126033644353988,0.0020475310250507956,0.0020785026193031924,0.20831250798129514,0.22716008234066043,0.18946493362192984
2018-03-15,0.21697121977458594,0.21968025308819825,0.22038225209909162,0.22073992496690736,0.22073992496690736,0.096930144849835,2018,3,15,3,0.209651608370612,0.2087367023006488,0.21418928712611035,0.20975131705291283,55.08910284409168,0.004437970073197517,0.00252561883468014,0.001912351238517377,0.209651608370612,0.22800412232532796,0.19129909441589604
2018-03-16,0.21835235107072898,0.21796620766993033,0.21950522372069248,0.21609631659994316,0.21609631659994316,0.25375990238581636,2018,3,16,4,0.21042626741089104,0.20909377320711175,0.21448267627593076,0.2102213170193595,48.18387080206856,0.004261359256571257,0.0028727669190583634,0.0013885923375128932,0.21042626741089104,0.2284760676768806,0.19237646714490148
2018-03-19,0.20707530830518128,0.20679533221029942,0.20490519393323242,0.20405649350125094,0.20405649350125094,0.22731348388349154,2018,3,19,0,0.2105104218782853,0.2091837619828057,0.21287864815674926,0.20976466342542555,46.006483032633945,0.00311398473132371,0.0029210104815114326,0.00019297424981227747,0.2105104218782853,0.2284172650237831,0.19260357873278752
2018-03-20,0.20013331287232478,0.20126097923347105,0.20301857774416598,0.203349063419408,0.203349063419408,0.13727918950647525,2018,3,20,1,0.21043079366521805,0.20915345311094222,0.2114125581971583,0.2092894337953502,48.40310107708948,0.002123124401808091,0.002761433265570765,-0.000638308863762674,0.21043079366521805,0.2284556780575398,0.1924059092728963
2018-03-21,0.1980649200699669,0.20162356956758445,0.20359306087200785,0.20105909389135912,0.20105909389135912,0.14162376017969883,2018,3,21,2,0.21008780350010486,0.20904576165165822,0.20981971753472767,0.20867977898764717,55.57934270770024,0.001139938547080499,0.0024371343218727117,-0.0012971957747922127,0.21008780350010486,0.2285692278023816,0.19160637919782814
2018-03-22,0.19447662862176407,0.1939104311096956,0.19025418811627465,0.1870444693825784,0.1870444693825784,0.2144738909790074,2018,3,22,3,0.20912304010170138,0.20866233748433546,0.20631583320362779,0.20707716346134578,43.33392666747447,-0.0007613302577179903,0.0017974414059545715,-0.002558771663672562,0.20912304010170138,0.23025299558643292,0.18799308461696984
2018-03-23,0.18296168764252663,0.1874696187786629,0.18186128875764868,0.17782096889845023,0.17782096889845023,0.16730294598866713,2018,3,23,4,0.20735914169128705,0.20811891847439454,0.20193200792590815,0.20491003793816834,35.50892637920427,-0.0029780300122601855,0.0008423471223116203,-0.0038203771345718058,0.20735914169128705,0.232584615415118,0.18213366796745611
2018-03-26,0.18262134781470862,0.18492166371668536,0.17750335493047692,0.18842917463410364,0.18842917463410364,0.21429825939860048,2018,3,26,0,0.20584133774030017,0.20776815039384583,0.19985464895793822,0.20368923324897836,42.157934588754586,-0.0038345842910401384,-9.303916035873145e-05,-0.003741545130681407,0.20584133774030017,0.2318140138010461,0.17986866167955423
2018-03-27,0.18823840879612258,0.1879571422852965,0.17360096922714158,0.17229895203063594,0.17229895203063594,0.254064946709681,2018,3,27,1,0.20394383134299288,0.20698252702214068,0.1956153109691225,0.20136402723280486,32.597556118835286,-0.0057487162636823685,-0.001224174581023459,-0.004524541682658909,0.20394383134299288,0.23381339821828834,0.17407426446769741
2018-03-28,0.16676148672691193,0.1745715196298618,0.16806689507254668,0.172117901857556,0.172117901857556,0.27939286935783547,2018,3,28,2,0.20226459132295452,0.20619663515973438,0.19200032495195843,0.199197647575379,28.660294836661222,-0.007197322623420571,-0.0024188041895028814,-0.00477851843391769,0.20226459132295452,0.23532373000717358,0.16920545263873546
2018-03-29,0.17126502546944888,0.18075854311901232,0.17563374888088817,0.18124751776859926,0.18124751776859926,0.22000166387813014,2018,3,29,3,0.2016320885199626,0.20552480504047974,0.19034604692374932,0.19786800833043236,26.911023984093916,-0.007521961406683042,-0.0034394356329389138,-0.004082525773744128,0.2016320885199626,0.23582970552895843,0.16743447151096674
2018-04-02,0.17496234699064245,0.1780556461355666,0.17137442219319832,0.17275828973086366,0.17275828973086366,0.21571255580924562,2018,4,2,0,0.20041754461471895,0.20469787567528697,0.18764023812484382,0.19600802917490875,23.53729470000792,-0.008367791050064938,-0.004425106716364119,-0.003942684333700819,0.20041754461471895,0.23694642734651006,0.16388866188292783
2018-04-03,0.17201835659623216,0.1735035588846808,0.17263215272200882,0.17508511973303925,0.17508511973303925,0.17824756657823462,2018,4,3,1,0.19911800704100097,0.20386571570353829,0.18570868144918157,0.19445818403106657,27.65759190349401,-0.008749502581885005,-0.005289985889468296,-0.0034595166924167083,0.19911800704100097,0.23735749874685458,0.16087851533514735
2018-04-04,0.16524488561463996,0.17605088766565,0.17226844711384126,0.1790179184149296,0.1790179184149296,0.1976225030273338,2018,4,4,2,0.1979458754799137,0.2029894997873398,0.18467933329006586,0.19331446065209346,27.76366963205959,-0.008635127362027595,-0.005959014183980157,-0.002676113178047438,0.1979458754799137,0.23717822537524696,0.15871352558458046
2018-04-05,0.1810783333924334,0.1806893094016461,0.1814910972689609,0.17991310423181844,0.17991310423181844,0.0939351642155277,2018,4,5,3,0.19657408547601296,0.2020362368300416,0.1839460672811047,0.19232176758392494,28.424100224706848,-0.008375700302820227,-0.006442351407748171,-0.001933348895072056,0.19657408547601296,0.23633711989211248,0.15681105105991344
2018-04-06,0.1740305855953081,0.1769415054065587,0.17567794668933906,0.17294939154133054,0.17294939154133054,0.12937576838816428,2018,4,6,4,0.19457985201790343,0.20098212235488713,0.18225427101344716,0.19088677676595497,27.74375994950573,-0.008632505752507819,-0.0068803822767001,-0.0017521234758077183,0.19457985201790343,0.23490594343011825,0.1542537606056886
2018-04-09,0.17297326020113163,0.17963781655076902,0.1794341689279943,0.1757690669368776,0.1757690669368776,0.1298564442924358,2018,4,9,0,0.1921559590062711,0.19994329642690378,0.18125654730935953,0.18976694640824554,33.87483437167353,-0.008510399098886012,-0.007206385641137283,-0.0013040134577487292,0.1921559590062711,0.23076499795738453,0.1535469200551577
2018-04-10,0.17615844634280464,0.1785434663016253,0.17850277201026554,0.1811972327594168,0.1811972327594168,0.1504608018043834,2018,4,10,1,0.18992870760512381,0.1989763545255288,0.18124742199398372,0.18913215280462858,38.0173303410825,-0.007884730810644863,-0.0073420546750388,-0.0005426761356060635,0.18992870760512381,0.2253909662957415,0.15446644891450612
2018-04-11,0.17667060815546004,0.17692304659789124,0.1800426451403238,0.17728453735230026,0.17728453735230026,0.10511087898984109,2018,4,11,2,0.18794721404419334,0.19793290229623384,0.18063774743372474,0.18825455166001165,37.36142294167352,-0.007616804226286911,-0.007397004585288422,-0.00021979964099848835,0.18794721404419334,0.2214343259702959,0.1544601021180908
2018-04-12,0.1756958664828524,0.17999710407661731,0.18193437388929717,0.18148891799937256,0.18148891799937256,0.09338053817213743,2018,4,12,3,0.18598617278253704,0.1970532664093215,0.18076869675151672,0.1877533936110754,46.70275164761135,-0.006984696859558687,-0.007314543040142476,0.0003298461805837892,0.18598617278253704,0.21578549906195194,0.15618684650312215
2018-04-13,0.18092962718402622,0.18188582915676418,0.18245954664878122,0.18040262366645482,0.18040262366645482,0.08099388986975531,2018,4,13,4,0.1839693077175144,0.19610999487346376,0.18071237781535335,0.1872088921336961,51.696045547176695,-0.00649651431834275,-0.007150937295782532,0.0006544229774397819,0.1839693077175144,0.20893242623005218,0.15900618920497664
2018-04-16,0.17964761353530345,0.1808376325217206,0.18373771381998566,0.1833228757859287,0.1833228757859287,0.07990312531775451,2018,4,16,0,0.18233063567681368,0.19524014937524414,0.18111399288774954,0.1869210390708985,46.26842238035116,-0.005807046183148951,-0.006882159073255816,0.0010751128901068654,0.18233063567681368,0.202196318127016,0.16246495322661136
2018-04-17,0.18439568520837857,0.19225573735372517,0.19105299840726764,0.1954532507934088,0.1954532507934088,0.18242574943844111,2018,4,17,1,0.18190047354142158,0.19498708133253892,0.18332003256554327,0.1875530547540474,67.97128632082327,-0.004233022188504132,-0.0063523316963054795,0.0021193095078013476,0.18190047354142158,0.20008696188214448,0.1637139852006987
2018-04-18,0.19300625906235253,0.19210738786392398,0.1971598628340968,0.1947558723489527,0.1947558723489527,0.09218809217884841,2018,4,18,2,0.18147081398789883,0.19509624774723291,0.18507939253222164,0.18808659679811446,67.43082834976366,-0.003007204265892821,-0.005683306210222948,0.0026761019443301273,0.18147081398789883,0.1978388304603553,0.16510279751544235
2018-04-19,0.19035305297619193,0.19762360506123652,0.19782443443444797,0.1999929028332153,0.1999929028332153,0.12949593736423218,2018,4,19,3,0.18141750443499163,0.19514385710307974,0.1873737787323745,0.1889685453933071,65.35399398560197,-0.001594766660932584,-0.004865598300364875,0.003270831639432291,0.18141750443499163,0.1975217180245186,0.16531329084546467
2018-04-20,0.19451625189091082,0.19702535507232502,0.19829693830882672,0.19505091036989142,0.19505091036989142,0.14262208705780127,2018,4,20,4,0.18181782648435726,0.1953073384355865,0.18855487590737713,0.18941909094712817,69.38597740343474,-0.0008642150397510373,-0.004065321648242108,0.0032011066084910705,0.18181782648435726,0.19888052153187308,0.16475513143684145
2018-04-23,0.19314836359532983,0.1938511124095564,0.1952817517147692,0.19320354145940333,0.19320354145940333,0.18436694059030698,2018,4,23,0,0.18258695511240491,0.1957494362701111,0.18927005522307347,0.1896994206147041,65.88852834892013,-0.0004293653916306317,-0.0033381303969198125,0.0029087650052891808,0.18258695511240491,0.20026669301742095,0.16490721720738888
2018-04-24,0.18460382632050593,0.18537321891614408,0.17824781027937414,0.17728789013328322,0.17728789013328322,0.4079736737504737,2018,4,24,1,0.1820298908873639,0.19563007740122887,0.18742664520925958,0.18878004798645068,48.7463592040769,-0.0013534027771910928,-0.002941184872974069,0.001587782095782976,0.1820298908873639,0.1996364956800613,0.1644232860946665
2018-04-25,0.17585447850854635,0.17729420709317165,0.17985228386719276,0.1776902037345528,0.1776902037345528,0.188970336750446,2018,4,25,2,0.18229945347255977,0.19542381404693457,0.1859287311362278,0.18795857804186566,48.37761747262053,-0.002029846905637872,-0.0027589172795068296,0.0007290703738689576,0.18229945347255977,0.199437610115767,0.16516129682935254
2018-04-26,0.17717281128455903,0.18240003223435383,0.18083129149905497,0.18401355537398084,0.18401355537398084,0.16016675756371265,2018,4,26,3,0.182894236148381,0.19534294483551431,0.18563408871126674,0.18766635414054086,58.15136661532119,-0.0020322654292741216,-0.002613586909460288,0.0005813214801861665,0.182894236148381,0.19935696461549463,0.16643150768126735
2018-04-27,0.18262134781470862,0.18290105704104134,0.18334677295252666,0.18066412717200192,0.18066412717200192,0.11767315887263013,2018,4,27,4,0.18286506661855112,0.19507706903534294,0.18486947924368755,0.18714767066138985,53.57843417916402,-0.002278191417702302,-0.002546507811108691,0.00026831639340638884,0.18286506661855112,0.1993421414302172,0.16638799180688504
2018-04-30,0.17733803159396655,0.17878078724920346,0.18037577736830307,0.17639940317279834,0.17639940317279834,0.12243369907839638,2018,4,30,0,0.18304712229064785,0.1945929943829117,0.1835663906173969,0.18635150269927198,46.43195104806392,-0.0027851120818750685,-0.0025942286652619667,-0.00019088341661310185,0.18304712229064785,0.1991297474530318,0.1669644971282639
2018-05-01,0.17193575304981218,0.17926534416158688,0.17743878166718413,0.18309825957675618,0.18309825957675618,0.09993436925153215,2018,5,1,1,0.1834477792828337,0.19420749149137947,0.18349437045729836,0.18611052172723377,54.15150831431714,-0.0026161512699354184,-0.0025986131861966575,-1.753808373876082e-05,0.1834477792828337,0.19908841503735877,0.16780714352830864
2018-05-02,0.1767069338910337,0.1798978945724615,0.18242217465169547,0.17876312047134846,0.17876312047134846,0.11612944971852729,2018,5,2,2,0.18343503938565467,0.19368392134719137,0.1827664858440753,0.18556626978235338,48.05716930516959,-0.0027997839382780942,-0.002638847336612945,-0.0001609366016651491,0.18343503938565467,0.19909127525173856,0.16777880351957078
2018-05-03,0.17370017801791166,0.17636631574361814,0.17678610764640373,0.17854183022091097,0.17854183022091097,0.13572623658498256,2018,5,3,3,0.18336647568510928,0.19309638000773713,0.18211653882512693,0.18504594092595023,48.657148470504204,-0.0029294021008232918,-0.0026969582894550144,-0.0002324438113682774,0.18336647568510928,0.1990994757080587,0.16763347566215986
2018-05-04,0.17300630822798335,0.18257473826595946,0.18039278750778076,0.1867527841426227,0.1867527841426227,0.14715153307882162,2018,5,4,4,0.1840566453151739,0.19270464094357664,0.18282980733551088,0.18517237375681483,52.29961051988351,-0.0023425664213039543,-0.0026260799158248026,0.0002835134945208483,0.1840566453151739,0.1990596582527611,0.16905363237758672
2018-05-07,0.18368857902617186,0.18691586111107159,0.19065869222444426,0.18895890061828768,0.18895890061828768,0.10346548839445005,2018,5,7,0,0.18471613699924438,0.19222184021380767,0.1837727447636304,0.18545285722803503,44.97742464648611,-0.0016801124644046372,-0.00243688642554077,0.0007567739611361326,0.18471613699924438,0.19934004642527844,0.17009222757321033
2018-05-08,0.1867647350948542,0.18654338872188944,0.19067398911246375,0.18866386259734896,0.18866386259734896,0.08050397019809394,2018,5,8,1,0.185089468491141,0.1916194123926778,0.18452522443035632,0.18569070947761382,45.25908139310736,-0.0011654850472574974,-0.0021826061498841152,0.0010171211026266179,0.185089468491141,0.19971635991230552,0.17046257706997647
2018-05-09,0.1866193594614386,0.19474766333896534,0.19380814470361124,0.19833664243875598,0.19833664243875598,0.1558499181926586,2018,5,9,2,0.1861420737454638,0.19138116364191732,0.1866500579701101,0.18662744525251326,48.79430713102321,2.2612717596848242e-05,-0.0017415623763879227,0.001764175093984771,0.1861420737454638,0.20141953830611176,0.17086460918481583
2018-05-10,0.1958478210592019,0.19969198708917088,0.20375963378461442,0.2033021244856465,0.2033021244856465,0.10133017812739761,2018,5,10,3,0.18723273406977747,0.19133315208646376,0.1892119143571157,0.18786260667718982,56.004508079008076,0.0013493076799258874,-0.001123388365125161,0.0024726960450510483,0.18723273406977747,0.20413915807652977,0.17032631006302518
2018-05-11,0.19834906966136817,0.19998537007564468,0.2055510761357322,0.20353343955122305,0.20353343955122305,0.0838317264584354,2018,5,11,4,0.1883892748640159,0.19152586940091942,0.1914152259254399,0.1890234091123034,57.69825788659448,0.0023918168131365214,-0.00042034732947282446,0.002812164142609346,0.1883892748640159,0.20645342912890968,0.17032512059912214
2018-05-14,0.20046372044972122,0.20309037902104707,0.20833850906372225,0.20418387906191765,0.20418387906191765,0.10827224743716549,2018,5,14,0,0.18943232502781532,0.19166856362544307,0.19337963410028264,0.19014640688634887,75.94774013839582,0.0032332272139337648,0.0003103675792084934,0.0029228596347252713,0.18943232502781532,0.20863776273624526,0.17022688731938537
2018-05-15,0.19715957859291955,0.19626721883819517,0.19962266860384636,0.1971530973406465,0.1971530973406465,0.10612769340272321,2018,5,15,1,0.18951731735517724,0.19159010814810806,0.19396016690649245,0.19066542099407463,66.64755949358832,0.0032947459124178236,0.0009072432458503595,0.002387502666567464,0.18951731735517724,0.20884957173721647,0.170185062973138
2018-05-16,0.19296662918492202,0.19601012718804786,0.2005710756610528,0.1980047238270048,0.1980047238270048,0.06937447426072971,2018,5,16,2,0.18967975992907984,0.19150099163191464,0.19458240643272512,0.19120907305577314,63.20320860758519,0.0033733333769519758,0.0014004612720706828,0.001972872104881293,0.18967975992907984,0.20925047995448243,0.17010903990367726
2018-05-17,0.19381908456740937,0.19521901561071994,0.19963285973057582,0.1969385394744229,0.1969385394744229,0.0644290587071667,2018,5,17,3,0.1895270417611402,0.19129278433520644,0.19494488843914015,0.19163347797567312,66.04948607299883,0.0033114104634670294,0.0017826511103499524,0.001528759353117077,0.1895270417611402,0.20880437859476397,0.17024970492751645
2018-05-18,0.18786171679959607,0.18963854857438137,0.19527495309787168,0.19283808833226052,0.19283808833226052,0.1126260618777789,2018,5,18,4,0.18941640065925866,0.1908928648877812,0.19462076534577408,0.19172270837245736,66.26418530197972,0.002898056973316715,0.002005732282943305,0.0008923246903734098,0.18941640065925866,0.2085853433259598,0.17024745799255753
2018-05-21,0.191892769864894,0.19559151436962877,0.19968384935730732,0.19727045808617416,0.19727045808617416,0.06252484262486019,2018,5,21,0,0.1896197464905972,0.19035333550611422,0.1950284103827587,0.19213365279569564,64.6801408682951,0.0028947575870630626,0.0021835373437672566,0.0007112202432958061,0.1896197464905972,0.2090424489755449,0.17019704400564953
2018-05-22,0.19503171784542306,0.19512672156738278,0.19731793067696457,0.1939679688179567,0.1939679688179567,0.06869967924127157,2018,5,22,1,0.19045375042483087,0.18971784966682612,0.19486526552663533,0.19226952805660386,66.09410635080019,0.002595737470031473,0.0022659773690201,0.000329760101011373,0.19045375042483087,0.2090622805632471,0.17184522028641463
2018-05-23,0.1889421777950539,0.19321163994543153,0.1956250750694779,0.19730734538254868,0.19730734538254868,0.06599125539604922,2018,5,23,2,0.19143460750723068,0.1893257084030589,0.19524097011985278,0.19264269971037754,68.63306974713882,0.002598270409475245,0.002332435977111129,0.00026583443236411625,0.19143460750723068,0.2092620827453734,0.17360713226908797
2018-05-24,0.1935250291587215,0.1931094440697306,0.1971343680207311,0.19715647694387733,0.19715647694387733,0.038823823037317094,2018,5,24,3,0.1920917535857255,0.18885464307728647,0.195535663477395,0.1929770535795257,62.29887032861513,0.002558609897869324,0.002377670761262768,0.00018093913660655611,0.1920917535857255,0.2097354231181657,0.1744480840532853
2018-05-25,0.19353163083415137,0.19379834658649422,0.1997263543101508,0.19595617464641502,0.19595617464641502,0.05108105859624148,2018,5,25,4,0.19285635595944614,0.1883589680708766,0.1956003575033981,0.19319772921411008,58.47342939936176,0.002402628289288028,0.0023826622668678197,1.996602242020822e-05,0.19285635595944614,0.20972314907860867,0.1759895628402836
2018-05-29,0.18886287178220695,0.19076913082796668,0.19341894428207795,0.19081299520742756,0.19081299520742756,0.1403481202799013,2018,5,29,1,0.1935770355611776,0.18785330164302627,0.19486384022709496,0.19302108225065212,52.32904450022849,0.0018427579764428437,0.0022746814087828246,-0.00043192343233998095,0.1935770355611776,0.20861577724612257,0.17853829387623266
2018-05-30,0.1882483146134093,0.18939790504124301,0.19396621254647894,0.1933208753826831,0.1933208753826831,0.0731829064253427,2018,5,30,2,0.19408816635147397,0.18763858928065497,0.19462646102026238,0.19304328914932106,43.56503257138733,0.0015831718709413134,0.0021363795012145225,-0.0005532076302732091,0.19408816635147397,0.20829945613830753,0.1798768765646404
2018-05-31,0.18974507104968924,0.19862073012815631,0.1976136637133905,0.1990843125979565,0.1990843125979565,0.2534178829923924,2018,5,31,3,0.19510422595780436,0.1875532942642259,0.19531228433990763,0.19349077236773848,44.69733781914086,0.0018215119721691486,0.0020734059954054477,-0.00025189402323629907,0.19510422595780436,0.20749072541055252,0.1827177265050562
2018-06-01,0.20024894462074538,0.20613939185187044,0.20813113085249668,0.21065474635903408,0.21065474635903408,0.1917896858043464,2018,6,1,4,0.19670987176471053,0.1877452073135794,0.19767266311208093,0.1947621778485752,56.96667175719138,0.0029104852635057354,0.0022408218490255053,0.0006696634144802301,0.19670987176471053,0.20836016441384989,0.18505957911557117
2018-06-04,0.20784187582424296,0.2133548149037687,0.21612121215994362,0.21728991333543962,0.21728991333543962,0.14261284329041143,2018,6,4,0,0.19823672822435137,0.1883501161926366,0.20069070160798227,0.19643089899575034,61.477483250349444,0.004259802612231939,0.002644618001666792,0.0016151846105651466,0.19823672822435137,0.21217254326121057,0.18430091318749217
2018-06-05,0.21400739792075113,0.21462319216405643,0.219923338659891,0.21741397964293313,0.21741397964293313,0.12305303149351549,2018,6,5,1,0.19965948217558366,0.18914197640752628,0.20326351361335934,0.19798520126591201,70.1850542480548,0.005278312347447328,0.0031713568708228996,0.0021069554766244285,0.19965948217558366,0.2153115362145981,0.18400742813656923
2018-06-06,0.2143972932681374,0.21372070145371555,0.21739188045671015,0.21648190652966975,0.21648190652966975,0.12492027250626264,2018,6,6,2,0.20105038437219966,0.1897030310454376,0.20529711252356095,0.19935532758174593,68.37857108079034,0.00594178494181502,0.003725442485021324,0.0022163424567936962,0.20105038437219966,0.21751140955047898,0.18458935919392033
2018-06-07,0.21081230596179135,0.2113540053004205,0.21425669147579418,0.21211657898429137,0.21211657898429137,0.10844787901757241,2018,6,7,3,0.20173938119947646,0.1904993835845107,0.20634626120982716,0.20030060546341594,64.16722976736824,0.0060456557464112215,0.004189485137299304,0.0018561706091119179,0.20173938119947646,0.2188623872530208,0.18461637514593213
2018-06-08,0.20647065034538659,0.2083379678127952,0.21277118008644857,0.2111140840592618,0.2111140840592618,0.08726116416006507,2018,6,8,4,0.20212997917815723,0.19127930722854483,0.20707977241743247,0.20110160387792303,68.10599284555326,0.005978168539509443,0.004547221817741332,0.0014309467217681112,0.20212997917815723,0.21975220736024803,0.18450775099606642
2018-06-11,0.20660942430337226,0.2118286537880086,0.21496374763313797,0.214171827021285,0.214171827021285,0.06771059613055896,2018,6,11,0,0.2026618985516603,0.19193779341359854,0.20817085774110208,0.20206976855520908,67.21297928979125,0.006101089185892999,0.004857995291371665,0.0012430938945213344,0.2026618985516603,0.2210864618645919,0.1842373352387287
2018-06-12,0.2107296958070876,0.2126625898014449,0.21908881523433532,0.2172999716783885,0.2172999716783885,0.052245773287361,2018,6,12,1,0.20331770318248385,0.19282862705254902,0.2095753368083769,0.20319793174951867,73.84685923259644,0.0063774050588582265,0.005161877244868978,0.0012155278139892485,0.20331770318248385,0.22286958665054857,0.18376581971441913
2018-06-13,0.2140503517648895,0.21487437040299848,0.21998791872180073,0.21578114848198277,0.21578114848198277,0.10719072665255452,2018,6,13,2,0.20424910573955066,0.19364254762752794,0.21053007706585475,0.20413002187784934,69.61128050625194,0.006400055188005405,0.005409512833496264,0.0009905423545091404,0.20424910573955066,0.22433207358501292,0.1841661378940884
2018-06-14,0.21495238910008008,0.21783106282075806,0.22245583025284033,0.22159152463101772,0.22159152463101772,0.09212338580711954,2018,6,14,3,0.20542844577975133,0.19449401975184968,0.21223183822972597,0.2054234665262322,73.15703469224053,0.006808371703493771,0.005689284607495766,0.001119087095998005,0.20542844577975133,0.22670233349001773,0.18415455806948494
2018-06-15,0.21660776417033772,0.21715535175975995,0.22342294030513182,0.22163846356477923,0.22163846356477923,0.16414157754134276,2018,6,15,4,0.20666344198426914,0.19532852693850888,0.2136790113581957,0.20662457741797643,74.88300434042978,0.007054433940219262,0.0059623144740404655,0.0010921194661787969,0.20666344198426914,0.22871567076281862,0.18461121320571966
2018-06-18,0.21488629304637663,0.2240411400434478,0.223458626245227,0.22874636595422038,0.22874636595422038,0.09862175428217523,2018,6,18,0,0.2084588558653671,0.1964444664267667,0.21599706591143025,0.20826322842066117,85.40488929105229,0.0077338374907690854,0.006316619077386189,0.001417218413382896,0.2084588558653671,0.23159221605250724,0.18532549567822698
2018-06-19,0.2197929437037271,0.22303908383764118,0.22700069885022672,0.22693586422342094,0.22693586422342094,0.11778408408130817,2018,6,19,1,0.20994212617222946,0.19746780237249756,0.21767995795942882,0.209646386628273,81.78816744833946,0.008033571331155814,0.006660009528140115,0.0013735618030156996,0.20994212617222946,0.23384628329268184,0.18603796905177708
2018-06-20,0.22534720616501064,0.22798869471804353,0.23215065115011074,0.22753266594395016,0.22753266594395016,0.12032612011351346,2018,6,20,2,0.21162036102852913,0.19839451103618824,0.2191957591878167,0.21097129620721206,79.81582992843768,0.008224462980604641,0.00697290021863302,0.0012515627619716207,0.21162036102852913,0.23551537437269557,0.1877253476843627
2018-06-21,0.22519522224788147,0.22502506046973872,0.22639629500941882,0.22344896529557862,0.22344896529557862,0.08238969874562077,2018,6,21,3,0.21292744202418062,0.1993177995950538,0.21985009858901083,0.2118955679915355,65.90527032693302,0.007954530597475334,0.007169226294401484,0.0007853043030738504,0.21292744202418062,0.2363817633423267,0.18947312070603456
2018-06-22,0.22000442199912978,0.22014732687180097,0.22470615884869122,0.22271805233573094,0.22271805233573094,0.08912840517281223,2018,6,22,4,0.21420552079377334,0.20014238228178097,0.2202913222423524,0.21269723349851294,57.90909414219469,0.007594088743839461,0.00725419878428908,0.00033988995955038133,0.21420552079377334,0.23681182009860527,0.1915992214889414
2018-06-25,0.21486977894537634,0.2140206373172663,0.21298535011595482,0.21243509317767273,0.21243509317767273,0.16735840859300616,2018,6,25,0,0.21502946672033615,0.2007830316720053,0.21908267161701706,0.21267781569696922,44.402563192903315,0.0064048559200478306,0.00708433021144083,-0.0006794742913929994,0.21502946672033615,0.23597541565951652,0.1940835177811558
2018-06-26,0.20971533086533323,0.21049369296788475,0.21430394866184893,0.21030607054793,0.21030607054793,0.11244118652998217,2018,6,26,1,0.21600412048736134,0.20132269556724533,0.21773242529869596,0.21250213087111447,43.238873529770196,0.005230294427581494,0.006713523054668964,-0.0014832286270874693,0.21600412048736134,0.23377964872810214,0.19822859224662054
2018-06-27,0.2075147657804196,0.21004079950479757,0.20987158357688296,0.20545125039016315,0.20545125039016315,0.08754772094915003,2018,6,27,2,0.2166106392377353,0.20152265555918042,0.2158430137743063,0.21197984342808104,42.780368645707625,0.0038631703462252698,0.006143452512980225,-0.002280282166754955,0.2166106392377353,0.2317613267611022,0.2014599517143684
2018-06-28,0.20115428609779273,0.2069008243018338,0.2072847030487534,0.20888448470559218,0.20888448470559218,0.06707277618066018,2018,6,28,3,0.21710064784311708,0.20180522780631321,0.21477247084065798,0.21175055759678557,47.705790267969256,0.0030219132438724094,0.005519144659158662,-0.0024972314152862524,0.21710064784311708,0.2303834027788993,0.20381789290733487
2018-06-29,0.2070720041633245,0.20885118861806648,0.21373999659158138,0.20936394579727968,0.20936394579727968,0.08950739963579557,2018,6,29,4,0.2170361078150294,0.20199264866559452,0.21394039006475363,0.2115737715375629,44.77558672720299,0.0023666185271907225,0.004888639432765075,-0.0025220209055743523,0.2170361078150294,0.23046250446333125,0.20360971116672757
2018-07-02,0.20013331287232478,0.20877637770351007,0.20653345588157557,0.21332358013815766,0.21332358013815766,0.08046699512853459,2018,7,2,0,0.21683779115516527,0.20235810206095983,0.21384549622989268,0.2117033869894588,45.75580750371638,0.0021421092404338704,0.004339333394298835,-0.0021972241538649644,0.21683779115516527,0.23036519381250864,0.2033103884978219
2018-07-03,0.21229915658078463,0.2113540053004205,0.20864782573670948,0.2050857972630203,0.2050857972630203,0.03070779526903985,2018,7,3,1,0.21622138203616964,0.20259574717703216,0.21249785023498924,0.2112131951578708,40.01629693929766,0.0012846550771184462,0.0037283977308627575,-0.0024437426537443113,0.21622138203616964,0.23072643466463408,0.2017163294077052
2018-07-05,0.20394298843321707,0.20861155372697324,0.2115236474829844,0.21225404300459283,0.21225404300459283,0.06654588143943946,2018,7,5,3,0.2160099888599158,0.2032950702344584,0.21246034143031287,0.21129029499836874,41.49931225216726,0.0011700464319441273,0.0032167274710790316,-0.0020466810391349044,0.2160099888599158,0.23062189305740896,0.20139808466242262
2018-07-06,0.2082548935563432,0.2130383781837555,0.2156901798486398,0.2175849513563783,0.2175849513563783,0.06001978166221426,2018,7,6,4,0.21628340747852018,0.20409296518689488,0.21324874295739984,0.2117565658397028,46.633624770284555,0.0014921771176970577,0.002871817400402637,-0.0013796402827055791,0.21628340747852018,0.23079284902822245,0.2017739659288179
2018-07-09,0.21648220017149555,0.21756737873894375,0.22340083800159793,0.22223861136072942,0.22223861136072942,0.05196846026566588,2018,7,9,0,0.21683963384359353,0.20485746630662985,0.21463179963483517,0.21253301365607513,44.36574100037636,0.002098785978760037,0.002717211116074117,-0.00061842513731408,0.21683963384359353,0.2313675980953885,0.20231166959179855
2018-07-10,0.2192907141414932,0.21918911033657948,0.2254982045158711,0.22183291815622902,0.22183291815622902,0.04174485353250571,2018,7,10,1,0.2172226884003407,0.2056808421263144,0.21573966402274192,0.21322189547090134,45.471843389265764,0.002517768551840577,0.002677322603227409,-0.0001595540513868324,0.2172226884003407,0.23185807715714712,0.20258729964353428
2018-07-11,0.2151968889891997,0.22073833177831056,0.22257819175976218,0.2221883263515469,0.2221883263515469,0.07147280945822279,2018,7,11,2,0.21746710613399864,0.20659662058988937,0.21673176591948115,0.21388607553613434,45.23723613753598,0.0028456903833468106,0.0027109961592512895,0.0001346942240955211,0.21746710613399864,0.23227024347063976,0.2026639687973575
2018-07-12,0.2202522194218225,0.2273703246276845,0.2276550589279977,0.23210585249914817,0.23210585249914817,0.08366533864541834,2018,7,12,3,0.2182833413348569,0.20757677244833722,0.21909701000866072,0.21523568864450573,56.98820580147296,0.003861321364154985,0.0029410612002320285,0.0009202601639229564,0.2182833413348569,0.23443399261820055,0.20213269005151327
2018-07-13,0.22854892623253514,0.2309984693955853,0.23583550150857568,0.23389625095517375,0.23389625095517375,0.08089220842846712,2018,7,13,4,0.2188985776510647,0.2086794350580137,0.22137381630812425,0.21661795251937002,58.87176157530601,0.004755863788754228,0.003304021717936469,0.0014518420708177588,0.2188985776510647,0.23645603434110396,0.20134112096102547
2018-07-16,0.22999945111595477,0.2295425176770781,0.23559075809888125,0.2322332648820627,0.2322332648820627,0.06552906702655734,2018,7,16,0,0.2194283177169289,0.20975326375123676,0.22304450070411477,0.21777464232401395,68.20394934141471,0.005269858380100828,0.0036971890503693407,0.0015726693297314874,0.2194283177169289,0.23794687042687843,0.20090976500697935
2018-07-17,0.22432623293954262,0.23351116813300807,0.2326401447681165,0.23724230625948384,0.23724230625948384,0.11680424473798542,2018,7,17,1,0.2198531147321921,0.21076305419357397,0.22522877848186387,0.2192166915044191,73.52148102570777,0.006012086977444764,0.004160168635784426,0.0018519183416603382,0.2198531147321921,0.23961939590145587,0.20008683356292833
2018-07-18,0.2323685076107141,0.23399240245983136,0.23935037284736838,0.23626329421245895,0.23626329421245895,0.09676375703681792,2018,7,18,2,0.220319486231644,0.21170914206545738,0.2269263962865708,0.22047940281612577,78.85941995743744,0.006446993470445028,0.004617533602716547,0.0018294598677284814,0.220319486231644,0.24119824144360857,0.1994407310196794
2018-07-19,0.2305314047383324,0.23250911851963305,0.23696407191356672,0.23327262028121892,0.23327262028121892,0.085957792958098,2018,7,19,3,0.2206064839485074,0.2126013172191348,0.22790273843959358,0.22142704855428083,73.03356312847501,0.0064756898853127465,0.0049891648592357875,0.001486525026076959,0.2206064839485074,0.24205280792530776,0.19916015997170705
2018-07-20,0.22919653803646822,0.23147410015549172,0.237270002875339,0.2325852934741498,0.2325852934741498,0.08324936911287564,2018,7,20,4,0.221063300357436,0.21328629023984266,0.228623131521833,0.22225358521501187,71.84580574165889,0.006369546306821128,0.005265241148752856,0.0011043051580682719,0.221063300357436,0.24314437780241865,0.19898222291245332
2018-07-23,0.22723056702338756,0.23464836918798695,0.23617542555483562,0.23948868963475423,0.23948868963475423,0.21005537016666512,2018,7,23,0,0.22190183222238707,0.2140100215428248,0.23029475584689782,0.22353025961647427,73.32336322572431,0.00676449623042355,0.005565092165086995,0.001199404065336555,0.22190183222238707,0.24547108276319957,0.19833258168157458
2018-07-24,0.25418576950774274,0.2542641364281055,0.25472205924993263,0.25376481094352005,0.25376481094352005,0.27466930422162855,2018,7,24,1,0.22396831811067947,0.21501464897067077,0.23390553355407048,0.22576985601107025,89.17487687121539,0.008135677543000236,0.006079209240669643,0.0020564683023305925,0.22396831811067947,0.2510311823494398,0.19690545387191918
2018-07-25,0.24643425271168612,0.2542179894064369,0.2559356191647599,0.25900186825003046,0.25900186825003046,0.16463149721300413,2018,7,25,2,0.22640310799578453,0.216111008754433,0.23776650812267972,0.2282314865472895,88.82760731713402,0.009535021575390212,0.006770371707613758,0.002764649867776454,0.22640310799578453,0.2568420790000219,0.19596413699154716
2018-07-26,0.25035625587914223,0.2555071328264755,0.25929752842197484,0.26055419913957983,0.26055419913957983,0.19031068302197243,2018,7,26,3,0.22915825543325535,0.21737903079041168,0.24127230674066436,0.2306257615541258,88.07937480426978,0.010646545186538542,0.007545606403398715,0.0031009387831398266,0.22915825543325535,0.26152627727800803,0.19679023358850264
2018-07-27,0.2569645395927455,0.25686485731314523,0.25317196779867734,0.25055284676184253,0.25055284676184253,0.16489032269991957,2018,7,27,4,0.2312416735360679,0.21842999324910845,0.24270008212853794,0.2321018419398826,72.91970498635072,0.01059824018865535,0.008156133160450042,0.0024421070282053085,0.2312416735360679,0.26347899130340474,0.19900435576873104
2018-07-30,0.24276004696692266,0.24401818572377806,0.24653313879408345,0.24426303634336805,0.24426303634336805,0.138943067636646,2018,7,30,0,0.23298662806337225,0.21937648318648734,0.2429405366231272,0.2330026711549556,66.57746393994894,0.009937865468171603,0.008512479621994353,0.0014253858461772493,0.23298662806337225,0.2639923515155038,0.20198090461124069
2018-07-31,0.24011672687319768,0.24160270557614769,0.24453772433880572,0.2434315399540315,0.2434315399540315,0.11997485695269963,2018,7,31,1,0.234492026054166,0.22038835221892275,0.24301607559711247,0.23377517995488714,65.59054165633616,0.009240895642225327,0.008658162826040549,0.0005827328161847785,0.234492026054166,0.26438154888226156,0.20460250322607043
2018-08-01,0.24275674943334957,0.2435415529142582,0.2461048259295387,0.244353561429908,0.244353561429908,0.11281093722557567,2018,8,1,2,0.23645541426251038,0.22133001428579746,0.2432218426483118,0.23455876376785165,60.35606492892676,0.00866307888046014,0.008659146036924466,3.932843535673497e-06,0.23645541426251038,0.2632057126527788,0.20970511587224192
2018-08-02,0.23545456949668314,0.24235820483761075,0.24426237355583863,0.2464121622478846,0.2464121622478846,0.10949242473262402,2018,8,2,3,0.23816332022467496,0.222378898154396,0.24371266104824607,0.23543679328489114,60.53506118021549,0.008275867763354927,0.00858249038221056,-0.00030662261885563286,0.23816332022467496,0.2626757845428803,0.21365085590646957
2018-08-03,0.24329200058930028,0.242397766020044,0.2477534633327237,0.24559409709916585,0.24559409709916585,0.06866270417171222,2018,8,3,4,0.23956377751181432,0.22334463318872835,0.24400211274838757,0.2361891861600226,61.408533961301835,0.007812926588364966,0.008428577623441442,-0.0006156510350764765,0.23956377751181432,0.2622590627881855,0.21686849223544313
2018-08-06,0.2417654936597417,0.2411082929784221,0.24800399236539794,0.24594947847223586,0.24594947847223586,0.06793244654791505,2018,8,6,0,0.24074932086738965,0.2243204932192955,0.24430170747513347,0.23691217077574211,58.07675762312811,0.0073895366993913525,0.008220769438631424,-0.0008312327392400714,0.24074932086738965,0.2620695184031075,0.21942912333167183
2018-08-07,0.2457304506713362,0.24937584175463737,0.2549294034680737,0.2518000879930663,0.2518000879930663,0.10604449949621467,2018,8,7,1,0.2422476793592315,0.22543737148622853,0.24545530447789238,0.23801497945850686,63.21734891241861,0.007440325019385519,0.008064680554782242,-0.0006243555353967235,0.2422476793592315,0.2621342207388378,0.22236113797962523
2018-08-08,0.24687699450393008,0.2511327445711721,0.25555419636095733,0.25293667404072845,0.25293667404072845,0.0946099592349858,2018,8,8,2,0.2437850967436906,0.22667984506289454,0.2466062844106364,0.23912029016830105,67.27336599792264,0.007485994242335342,0.007948943292292864,-0.00046294904995752145,0.2437850967436906,0.2618091037059658,0.22576108978141543
2018-08-09,0.24999280027489407,0.25081696050189395,0.2582743297802787,0.25410681472046803,0.25410681472046803,0.04638522476220409,2018,8,9,3,0.24488514485475657,0.22789556384965023,0.2477602121506105,0.2402304030980912,68.74599979603997,0.007529809052519293,0.00786511644433815,-0.00033530739181885684,0.24488514485475657,0.26259056434663997,0.22717972536287317
2018-08-10,0.24771296221855205,0.24757118995553903,0.25351189184493733,0.2502544626654829,0.2502544626654829,0.07042826374317115,2018,8,10,4,0.24570305544027202,0.2289189668510008,0.2481439429990524,0.2409729260290091,59.90376409891609,0.007171016970043298,0.00772629654947918,-0.0005552795794358818,0.24570305544027202,0.26277092711821687,0.2286351837623272
2018-08-13,0.24572384899590632,0.2487505627958914,0.2540697251599971,0.2493827329043508,0.2493827329043508,0.0601307068708923,2018,8,13,0,0.24656052884138643,0.22969352658190711,0.248334526061406,0.24159587468644184,44.649155171134744,0.006738651374964155,0.0075287675145761755,-0.0007901161396120203,0.24656052884138643,0.26246241693223243,0.2306586407505404
2018-08-14,0.24513240760353883,0.24762885395532977,0.2511697887195866,0.25175985462127076,0.25175985462127076,0.09255784287444191,2018,8,14,1,0.2472864062594758,0.23038292540762373,0.24886149968600058,0.24234876208902176,40.49295061743816,0.006512737596978818,0.007325561531056704,-0.0008128239340778861,0.2472864062594758,0.2627156912585195,0.23185712126043206
2018-08-15,0.2431730646990229,0.24412498970921412,0.2458668471436573,0.24246595914762437,0.24246595914762437,0.1369926327173903,2018,8,15,2,0.24759653950623406,0.23088396499771754,0.24787757037240424,0.24235744335262197,30.265579047479633,0.005520127019782273,0.006964474628801819,-0.001444347609019546,0.24759653950623406,0.26232640553310416,0.232866673479364
2018-08-16,0.24167628182960804,0.24107927309422425,0.2435009352619314,0.23982060824650547,0.23982060824650547,0.09210489827233986,2018,8,16,3,0.2479239389044984,0.23135073903205428,0.24663803773765058,0.24216952964105776,36.05230501089321,0.004468508096592827,0.00646528132236002,-0.0019967732257671934,0.2479239389044984,0.2615640435902127,0.23428383421878415
2018-08-17,0.234175886422952,0.2354823052014233,0.23863652487174392,0.2379665136573656,0.2379665136573656,0.09639400634122444,2018,8,17,4,0.24819299991365917,0.23186773772551575,0.24530395710991443,0.24185819512374723,40.75059466091614,0.003445761986167195,0.005861377455121455,-0.0024156154689542603,0.24819299991365917,0.2607265554020539,0.23565944442526446
2018-08-20,0.2351638116215683,0.23613494934401877,0.24080733004574423,0.24024975750676264,0.24024975750676264,0.04843734112274798,2018,8,20,0,0.24823105330725964,0.2324504511944658,0.24452638794019876,0.2417390515965632,45.517251673641624,0.002787336343635566,0.005246569232824278,-0.002459232889188712,0.24823105330725964,0.26065749950199973,0.23580460711251958
2018-08-21,0.23614846571974635,0.23819838045577116,0.2427544539251988,0.23818780390780303,0.23818780390780303,0.0793854743439236,2018,8,21,1,0.24745220295547377,0.23293077073219615,0.24355122116598404,0.24147599621221058,41.58353164000573,0.0020752249537734635,0.004612300377014115,-0.0025370754232406515,0.24745220295547377,0.26036152974626575,0.23454287616468175
2018-08-22,0.23350513901773756,0.23641183147403025,0.24229419435985244,0.24010224184907425,0.24010224184907425,0.049971806509461,2018,8,22,2,0.2465072216354259,0.23338681613560985,0.24302060896338254,0.24137423662975602,41.352710898731814,0.0016463723336265224,0.0040191147683365964,-0.002372742434710074,0.2465072216354259,0.25859774230118937,0.23441670096966247
2018-08-23,0.23586428308692653,0.23952345922082627,0.24407543878562393,0.2394484495573967,0.2394484495573967,0.05969624980356995,2018,8,23,3,0.24545193415631678,0.23386016215711813,0.24247104597784624,0.24123158573550718,41.5397428081813,0.0012394602423390633,0.00346318386313709,-0.0022237236207980266,0.24545193415631678,0.25596102125503406,0.2349428470575995
2018-08-24,0.23641940535200406,0.23964542579909634,0.2447957454473011,0.24456814611837951,0.24456814611837951,0.055444116804244735,2018,8,24,4,0.24515269912414364,0.23431969458686536,0.2427936767686975,0.24147873835646066,48.318933690919756,0.0013149384122368435,0.003033534772957041,-0.0017185963607201974,0.24515269912414364,0.2553874723597693,0.23491792588851804
2018-08-27,0.24262457715079383,0.246712505953625,0.25137578681158196,0.25166597675374786,0.25166597675374786,0.07482829702073376,2018,8,27,0,0.24552284614466266,0.23492024485064472,0.2441586459971668,0.24223334860811158,49.84159675539469,0.001925297389055225,0.002811887296176678,-0.0008865899071214532,0.24552284614466266,0.25615008403315165,0.2348956082561737
2018-08-28,0.2471479341361878,0.2465328753755642,0.2523867479428626,0.24808855273936553,0.24808855273936553,0.08848134145552361,2018,8,28,1,0.24575569678392933,0.23530708858634763,0.24476324703442814,0.2426670674326489,44.585895111040784,0.002096179601779241,0.002668745757297191,-0.0005725661555179497,0.24575569678392933,0.2563940710142042,0.2351173225536545
2018-08-29,0.24587915687974343,0.24920775452442537,0.25499367079360613,0.2541738569290034,0.2541738569290034,0.08800990931864192,2018,8,29,2,0.24624671155888408,0.2358518484404593,0.24621103317205512,0.24351942221015666,50.06746286978068,0.0026916109618984607,0.0026733187982174453,1.8292163681015404e-05,0.24624671155888408,0.25750126671849716,0.234992156399271
2018-08-30,0.2481193452338038,0.25018837873488275,0.25371247143926534,0.25076073259391013,0.25076073259391013,0.09101413372033906,2018,8,30,3,0.24646414007618533,0.23631640977345847,0.2469109869292636,0.24405581557191616,50.513990060589535,0.002855171357347447,0.0027096893100434457,0.00014548204730400116,0.24646414007618533,0.25789873499930416,0.2350295451530665
2018-08-31,0.24506303384111344,0.2452522823393977,0.24647024478916435,0.24374335529100893,0.24374335529100893,0.13584640556105046,2018,8,31,4,0.2463716029857775,0.23672229757336707,0.24642365898491675,0.24403267036592302,44.90981721341244,0.002390988618993728,0.002645949171833502,-0.0002549605528397742,0.2463716029857775,0.2578656449006451,0.2348775610709099
2018-09-04,0.2349160141988756,0.2367909160721743,0.2400846370695361,0.23663879897698875,0.23663879897698875,0.13719599559996673,2018,9,4,1,0.24590606901101517,0.23700071250619226,0.244918295906774,0.24348497618896492,37.42470724409837,0.0014333197178090784,0.0024034232810286175,-0.0009701035632195391,0.24590606901101517,0.25819857074734454,0.2336135672746858
2018-09-05,0.23145656445823687,0.2321827931521195,0.22971673270355886,0.23311169349959876,0.23311169349959876,0.15848439189876226,2018,9,5,2,0.2449716492863418,0.2374142445126308,0.24310189553643935,0.2427165848786415,41.395257661576935,0.0003853106577978438,0.001999800756382463,-0.0016144900985846193,0.2449716492863418,0.2581844451216641,0.23175885345101951
2018-09-06,0.2289784580656356,0.22799329623534706,0.2263174242547905,0.22806909749010007,0.22806909749010007,0.14251116184912324,2018,9,6,3,0.2437282704588104,0.23776950505147418,0.24078915737546408,0.24163158581282362,39.646708891898406,-0.0008424284373595436,0.0014313549176340618,-0.0022737833549936054,0.2437282704588104,0.25838633951520495,0.22907020140241582
2018-09-07,0.21984910750700898,0.2243542805476275,0.22809016361082318,0.2258529226714862,0.2258529226714862,0.0974755271258354,2018,9,7,4,0.24231557585636126,0.23817753849710063,0.23849127511331364,0.24046279595050232,39.39536711421978,-0.001971520837188684,0.0007507797666695127,-0.0027223006038581965,0.24231557585636126,0.2581600831359103,0.22647106857681223
2018-09-10,0.22431632712225597,0.22411695960004926,0.22907428380259232,0.22578919971612404,0.22578919971612404,0.07104759615829026,2018,9,10,0,0.24109231270889336,0.23851563279731128,0.23653710966759217,0.23937586289610394,36.82891667283537,-0.0028387532285117645,3.2873167633257314e-05,-0.0028716263961450217,0.24109231270889336,0.25809167914864783,0.2240929462691389
2018-09-11,0.22082715332147346,0.225481573177811,0.22775874463430207,0.23005395053757555,0.23005395053757555,0.07972749373734758,2018,9,11,1,0.24012587359055457,0.23892943289211718,0.23553970057066653,0.2386853508695463,42.87727370682699,-0.003145650298879754,-0.000602831525669345,-0.002542818773210409,0.24012587359055457,0.2573371426220003,0.2229146045591088
2018-09-12,0.22449145324895015,0.22545851285184007,0.2284793912268241,0.22517900028278698,0.22517900028278698,0.08769562122738744,2018,9,12,2,0.2387968308736304,0.23916654129500978,0.23394574668022353,0.2376848804557123,37.57605923559931,-0.003739133775488762,-0.0012300919756332285,-0.0025090417998555334,0.2387968308736304,0.2563276421205572,0.22126601962670361
2018-09-13,0.2238372133364523,0.22545851285184007,0.23000570111617175,0.22937332929247228,0.22937332929247228,0.10023941357539679,2018,9,13,3,0.23814219938087278,0.2396522919355988,0.2332422978513387,0.23706920999917597,42.079176290257,-0.003826912147837258,-0.0017494560100740346,-0.0020774561377632237,0.23814219938087278,0.25606944069896276,0.2202149580627828
2018-09-14,0.22659949575358956,0.2260567892104782,0.23186850854886298,0.228434550617243,0.228434550617243,0.05520377885210897,2018,9,14,4,0.23757289649940966,0.2399759020878518,0.23250264443070862,0.23642960560051426,36.423652122569436,-0.003926961169805648,-0.0021849570420203576,-0.0017420041277852907,0.23757289649940966,0.25599212377531455,0.2191536692235048
2018-09-17,0.2236389714333279,0.22500693128265462,0.2270074974671243,0.22290918767400764,0.22290918767400764,0.08871243564026954,2018,9,17,0,0.23682003020024175,0.2400823868142044,0.2310267280066008,0.23542809316151378,25.143476430312987,-0.0044013651549129895,-0.0026282386645988844,-0.0017731264903141052,0.23682003020024175,0.25636784446819033,0.21727221593229318
2018-09-18,0.21932706631020177,0.22462457683840373,0.2280476858524474,0.22464256873663696,0.22464256873663696,0.07920059899612686,2018,9,18,1,0.23603967076173546,0.24013046596172255,0.23004454965737559,0.23462916542633772,29.066651723246977,-0.00458461576896213,-0.0030195140854715335,-0.0015651016834905968,0.23603967076173546,0.25624599740955695,0.21583334411391397
2018-09-19,0.22193404084350193,0.22367855630176606,0.2271944594318065,0.2279517635668204,0.2279517635668204,0.0780728593745667,2018,9,19,2,0.23552786874468637,0.24025284286993437,0.22972258256652095,0.23413454306637346,25.366938536448743,-0.004411960499852513,-0.00329800336834773,-0.0011139571315047832,0.23552786874468637,0.25602159160665405,0.21503414588271866
2018-09-20,0.2268935511622775,0.2291766377195629,0.2335783538999766,0.23324243184124832,0.23324243184124832,0.0812157402871114,2018,9,20,3,0.23518487824429507,0.24047392497972844,0.23026409783955593,0.2340684607534012,34.10402605464266,-0.003804362913845283,-0.0033992752774472407,-0.00040508763639804206,0.23518487824429507,0.2555856558218606,0.2147841006667295
2018-09-21,0.23086181231572883,0.2299413663853597,0.23109005331686122,0.22627537307533946,0.22627537307533946,0.3751860308187205,2018,9,21,4,0.23452622442019216,0.24035731539125224,0.22965044787583033,0.23349119499947069,34.1351974026781,-0.0038407471236403534,-0.003487569646685863,-0.0003531774769544903,0.23452622442019216,0.2551962405494239,0.21385620829096044
2018-09-24,0.21935350605333986,0.2252574568708617,0.2245871966502181,0.2287161842198117,0.2287161842198117,0.08543089821687727,2018,9,24,0,0.2337336263252638,0.240253714056545,0.2295067150056736,0.23313749049727372,42.13852940937711,-0.0036307754916001245,-0.0035162108156687154,-0.0001145646759314091,0.2337336263252638,0.25399397174318306,0.21347328090734452
2018-09-25,0.22562475408098198,0.22818449653098336,0.23175634496728742,0.2324981144630308,0.2324981144630308,0.058318928462484175,2018,9,25,1,0.23277523321072796,0.24025901104816433,0.22996693030680548,0.23309012930955203,49.39421989533784,-0.003123199002746546,-0.003437608453084282,0.0003144094503377357,0.23277523321072796,0.2511936138103563,0.2143568526110996
2018-09-26,0.22859848836038715,0.23060718879885736,0.23405597033426234,0.23110338439636652,0.23110338439636652,0.10311422523363623,2018,9,26,2,0.23192597479357796,0.240136232610902,0.2301417693975072,0.23294296301968642,53.228250262859916,-0.002801193622179232,-0.0033103254869032723,0.0005091318647240401,0.23192597479357796,0.24887945330561245,0.21497249628154347
2018-09-27,0.22912052955719436,0.23320132384466183,0.23706944367686172,0.23584754266500974,0.23584754266500974,0.08448803394311385,2018,9,27,3,0.2310096590803783,0.24012791757995303,0.23101958066943065,0.23315811706748815,60.09071848362026,-0.0021385363980575,-0.003075967669134118,0.000937431271076618,0.2310096590803783,0.2445344106995309,0.21748490746122567
2018-09-28,0.2308188584715904,0.23099615545207017,0.2373651767132876,0.2354552807011271,0.2354552807011271,0.09556206727613906,2018,9,28,4,0.23024438648573917,0.2401715707883512,0.23170199605892242,0.23332827733664657,59.69470628746056,-0.0016262812777241564,-0.002786030390852126,0.0011597491131279695,0.23024438648573917,0.24036794534598124,0.2201208276254971
2018-10-01,0.23346878684902905,0.23577236560233703,0.2393367824121902,0.23607218569643013,0.23607218569643013,0.09343600077647646,2018,10,1,0,0.22986082800601024,0.2402413086327968,0.2323743329262313,0.23353152980774167,56.51260427979073,-0.001157196881510364,-0.0024602636889837735,0.0013030668074734096,0.22986082800601024,0.23826645709323233,0.22145519891878815
2018-10-02,0.2305181947791889,0.2357921560822012,0.23808924980872603,0.2376815339793758,0.2376815339793758,0.12396816446510939,2018,10,2,1,0.2299129647561296,0.24020516551968923,0.23319082539594582,0.23383893752415902,64.55851023459437,-0.0006481121282131963,-0.0020978333768296585,0.0014497212486164622,0.2299129647561296,0.23850644500566429,0.22131948450659492
2018-10-03,0.23515720994613842,0.23462198627645584,0.2405367586904561,0.23863371036741304,0.23863371036741304,0.08406282064318132,2018,10,3,2,0.2301890655995203,0.2399025435081671,0.2340281923146331,0.23419410588291856,61.66389863742691,-0.000165913568285464,-0.0017114494151208195,0.0015455358468353555,0.2301890655995203,0.23953698901906484,0.22084114217997575
2018-10-04,0.23196209816232755,0.23168836077709895,0.22753303735192076,0.2269794503761995,0.2269794503761995,0.1721836551705013,2018,10,4,3,0.23013458324382524,0.23926209515069047,0.232943770477951,0.23365968695649492,48.55679887203668,-0.0007159164785439098,-0.0015123428278054378,0.0007964263492615279,0.23013458324382524,0.2395470099881167,0.22072215649953378
2018-10-05,0.22276667798313227,0.223774139968505,0.22397872043788852,0.22334503579066878,0.22334503579066878,0.07741655188988825,2018,10,5,4,0.2300091888997844,0.23851791188371227,0.23146704206452295,0.2328956387219893,50.44913071875014,-0.0014285966574663356,-0.0014955935937376174,6.69969362712818e-05,0.2300091888997844,0.239723760746792,0.22029461705277678
2018-10-08,0.21702078190243795,0.22196124103739137,0.21794288796040479,0.22053541873807064,0.22053541873807064,0.14656917573326184,2018,10,8,0,0.22974649985088172,0.2379175633232368,0.22978525386045334,0.23198006687132866,45.8595220400199,-0.0021948130108753183,-0.0016354374771651576,-0.0005593755337101607,0.22974649985088172,0.24019774209333103,0.2192952576084324
2018-10-09,0.21571232851057703,0.2174618866474093,0.22141292242075822,0.2171323460403643,0.2171323460403643,0.08891579852284598,2018,10,9,1,0.22910041962602118,0.23737494951717675,0.2278386526573627,0.23088023569866464,39.11339310546403,-0.0030415830413019485,-0.001916666589992516,-0.0011249164513094324,0.22910041962602118,0.24097262656173296,0.2172282126903094
2018-10-10,0.2107329999489444,0.21015089311363552,0.2022265320769861,0.19782032087294182,0.19782032087294182,0.21527809874192325,2018,10,10,2,0.2277324856555289,0.23646272513555494,0.22322044776745179,0.2284313531189815,22.201717816412014,-0.00521090535152971,-0.002575514342299955,-0.002635391009229755,0.2277324856555289,0.24605791431928864,0.20940705699176915
2018-10-11,0.19152270597693227,0.20165653831835081,0.19785504180772068,0.1971832857806171,0.1971832857806171,0.24054131501834886,2018,10,11,3,0.22612298347993615,0.2355193196225691,0.219214730538708,0.22611668146428784,24.65084075519853,-0.006901950925579853,-0.003440801658955935,-0.003461149266623918,0.22612298347993615,0.24894449984967054,0.20330146711020175
2018-10-12,0.20310704715172995,0.2044912839351353,0.20401864749117676,0.20749645349533186,0.20749645349533186,0.16218189885469722,2018,10,12,4,0.22507607862384055,0.23474100544751805,0.2174119186858809,0.22473740531843925,33.74094139139456,-0.007325486632558359,-0.00421773865367642,-0.003107747978881939,0.22507607862384055,0.24932733676070745,0.20082482048697364
2018-10-15,0.20340770423584775,0.20397903880975068,0.2049018014234006,0.2015184248860249,0.2015184248860249,0.0948040783501724,2018,10,15,0,0.22400654048444144,0.23385949200325523,0.21496676579359536,0.22301748084196413,27.03547959522396,-0.008050715048368767,-0.0049843339326148895,-0.003066381115753878,0.22400654048444144,0.25044803945624033,0.19756504151264254
2018-10-16,0.2019803215619932,0.2075303883411633,0.20949086103062092,0.21125154807956326,0.21125154807956326,0.1462086688050582,2018,10,16,1,0.22333698945158775,0.23316553339540178,0.21439519383759043,0.22214593026697146,36.903323221408534,-0.007750736429381039,-0.00553761443196812,-0.002213121997412919,0.22333698945158775,0.25038196349584185,0.19629201540733363
2018-10-17,0.20920649301938576,0.20910269647859195,0.20938548926732603,0.20937735021564952,0.20937735021564952,0.10356716983573824,2018,10,17,2,0.22240826878402925,0.23231707863985346,0.21362321789575334,0.2212001095224291,31.84974941376619,-0.007576891626675769,-0.00594546987090965,-0.001631421755766119,0.22240826878402925,0.25005498895080197,0.19476154861725656
2018-10-18,0.20767995965669228,0.20674588897279736,0.20085321826230057,0.2000834346253172,0.2000834346253172,0.16155332267218828,2018,10,18,3,0.22075031892323263,0.23126001385154524,0.21154017431568622,0.2196359113819023,28.384692250936226,-0.00809573706621608,-0.006375523309970936,-0.0017202137562451437,0.22075031892323263,0.24961174308530498,0.19188889476116028
2018-10-19,0.198273067790378,0.20296185297326844,0.2044768878673045,0.20292996579653777,0.20292996579653777,0.0851166101256228,2018,10,19,4,0.2195830485592926,0.23023647687306664,0.21021552685120184,0.21839843393113456,30.28443799185726,-0.008182907079932716,-0.006737000063963293,-0.0014459070159694234,0.2195830485592926,0.24937690851407715,0.18978918860450802
2018-10-22,0.20147478785790252,0.20357823214926404,0.20558164951592045,0.20450575274184396,0.20450575274184396,0.10791174050896182,2018,10,22,0,0.21837252698539417,0.22932150267459384,0.20933710006514678,0.21736934643563155,30.256589607472065,-0.008032246370484775,-0.00699604932526759,-0.001036197045217185,0.21837252698539417,0.2485685719157844,0.18817648205500392
2018-10-23,0.1941494921448058,0.20214768106996958,0.19844310857212377,0.20535402644721923,0.20535402644721923,0.13883214242796793,2018,10,23,1,0.2170153225846036,0.2284409285454512,0.20872431950854253,0.2164793227327862,30.17023244433223,-0.007755003224243662,-0.007147840105062805,-0.000607163119180857,0.2170153225846036,0.2469772788969351,0.1870533662722721
2018-10-24,0.20186799395542931,0.20156424427501365,0.19121617881004227,0.18759097938836317,0.18759097938836317,0.15119105942818054,2018,10,24,2,0.21483970233420346,0.22715755104079308,0.2054730364131303,0.21433944544801414,28.12292132370854,-0.008866409034883838,-0.0074915538910270115,-0.001374855143856826,0.21483970233420346,0.2467501574472682,0.18292924722113874
2018-10-25,0.19114273627168382,0.20316620517008024,0.1982901464905461,0.20263155487793022,0.20263155487793022,0.20327044490252447,2018,10,25,3,0.21317890294484948,0.22636086295539917,0.2050358854077149,0.2134721942946746,39.78911160312602,-0.008436308886959704,-0.00768050489021355,-0.0007558039967461537,0.21317890294484948,0.24392184687794793,0.18243595901175103
2018-10-26,0.17965754578572501,0.20169938912418597,0.18623617833536282,0.19455136612011598,0.19455136612011598,0.3550346179088749,2018,10,26,4,0.2111337072157989,0.2254554781128714,0.203422882440392,0.2120706514669295,37.823662755365305,-0.008647769026537494,-0.00787395771747834,-0.0007738113090591543,0.2111337072157989,0.24106855741722505,0.18119885701437277
2018-10-29,0.19467156638303162,0.19857128689065426,0.17323043780760894,0.17732142464867484,0.17732142464867484,0.32666549578946397,2018,10,29,0,0.20819616916341116,0.22424257633269756,0.1994072735493586,0.2094966346655773,33.48448676728235,-0.010089361116218692,-0.00831703839722641,-0.0017723227189922822,0.20819616916341116,0.23933326031663324,0.17705907801018908
2018-10-30,0.17021760589255902,0.1789423150099068,0.17490288396716913,0.18272945366863041,0.18272945366863041,0.2649171296253501,2018,10,30,1,0.2054485651478739,0.22309217025593495,0.19684145510616965,0.20751388051765532,42.923182076950035,-0.010672425411485664,-0.008788115800078261,-0.0018843096114074028,0.2054485651478739,0.23530221843497975,0.17559491186076806
2018-10-31,0.18718438093551915,0.19689021022315276,0.19402399399149112,0.1963283333355238,0.1963283333355238,0.2017914421201505,2018,10,31,2,0.20333329629627941,0.22225498084448936,0.19676251329530106,0.20668532146712704,49.64252964938416,-0.009922808171825975,-0.009015054274427805,-0.0009077538973981704,0.20333329629627941,0.22898616291793664,0.1776804296746222
2018-11-01,0.19246770376454492,0.1942647743117936,0.19588003680036936,0.19405849390449664,0.19405849390449664,0.10493524740943419,2018,11,1,3,0.20168724847269429,0.2213341058855978,0.19634651031210038,0.20575000090693218,43.976189499991754,-0.00940349059483181,-0.009092741538508607,-0.0003107490563232021,0.20168724847269429,0.22507650523256167,0.1782979917128269
2018-11-02,0.19178374640018703,0.1939351527284466,0.19321156607085244,0.18996474832430016,0.18996474832430016,0.1379354969911537,2018,11,2,4,0.20001823409937583,0.22034443186093586,0.1953647007755157,0.20458072293784835,44.731857506538695,-0.009216022162332638,-0.009117397663273413,-9.862449905922478e-05,0.20001823409937583,0.22159388999403187,0.1784425782047198
2018-11-05,0.18559508209411385,0.18585777582852755,0.1818680805759293,0.18403033269001956,0.18403033269001956,0.1936199517475342,2018,11,5,0,0.1981929797969733,0.21913367559236868,0.19362095183928554,0.20305847180837955,37.14250313337305,-0.009437519969094005,-0.009181422124437531,-0.0002560978446564735,0.1981929797969733,0.2186055376717621,0.17778042192218452
2018-11-06,0.18046704732407398,0.18779430922312304,0.18758911669520645,0.18930090439523567,0.18930090439523567,0.08194599791090856,2018,11,6,1,0.19680140771471685,0.21788637414519843,0.19295632915558555,0.2020393927407393,40.812009916158495,-0.009083063585153733,-0.009161750416580773,7.868683142703975e-05,0.19680140771471685,0.21550032082276838,0.17810249460666533
2018-11-07,0.19022088730191983,0.19805047160410263,0.197049378510895,0.20190063521252055,0.20190063521252055,0.15821632264445698,2018,11,7,2,0.19700542343169578,0.21696261579466153,0.19433237624126787,0.20202911440531568,50.80721737204915,-0.007696738164047812,-0.008868747966074182,0.0011720098020263706,0.19700542343169578,0.21583969179691131,0.17817115506648024
2018-11-08,0.19761555016915822,0.19732862011386762,0.19919264928646035,0.19821593561780743,0.19821593561780743,0.1055083609876041,2018,11,8,3,0.19705705592355532,0.21584345736843757,0.19492984691458165,0.2017466567173521,47.92146174722421,-0.0068168098027704405,-0.008458360333413434,0.0016415505306429934,0.19705705592355532,0.2158990375743087,0.17821507427280195
2018-11-09,0.19186965408846385,0.19149100868792832,0.19270166980353715,0.19276766652049437,0.19276766652049437,0.09210489827233986,2018,11,9,4,0.19632061657481342,0.21468359604696932,0.19459720377702974,0.20108154633239966,44.995282041945515,-0.006484342555369921,-0.008063556777804732,0.0015792142224348108,0.19632061657481342,0.21458716509796893,0.1780540680516579
2018-11-12,0.18770642874061005,0.18706088801531254,0.18518579882331032,0.18354081325538324,0.18354081325538324,0.10399238313567077,2018,11,12,0,0.19542173599328133,0.21347954520625678,0.19289622061985334,0.19978223277113918,41.31976766991344,-0.006886012151285842,-0.007828047852500953,0.0009420357012151111,0.19542173599328133,0.21436799634725642,0.17647547563930624
2018-11-13,0.18172593858808284,0.18524303157558533,0.18523678845004182,0.18267581587846493,0.18267581587846493,0.10786552167201266,2018,11,13,1,0.19399294938322642,0.21240028554428633,0.19132385065963975,0.19851509077908924,47.74017002106918,-0.0071912401194494935,-0.007700686305890662,0.0005094461864411683,0.19399294938322642,0.2122086777923021,0.17577722097415074
2018-11-14,0.18394301116571304,0.1845702673315424,0.18518579882331032,0.18522726208981305,0.18522726208981305,0.11269076824950777,2018,11,14,2,0.19278544497693462,0.21144259691609057,0.1903859139565895,0.1975308071724762,40.95989916608191,-0.007144893215886711,-0.007589527687889872,0.00044463447200316156,0.19278544497693462,0.20987411012714888,0.17569677982672036
2018-11-15,0.18219512012346495,0.19026810602127917,0.18545095847954807,0.19228487276450984,0.19228487276450984,0.13766742773684842,2018,11,15,3,0.19239551688389425,0.21072691242157882,0.19067806146550031,0.19714221943855276,48.81010266148186,-0.006464157973052442,-0.007364453744922387,0.0009002957718699444,0.19239551688389425,0.20913535782638085,0.17565567594140766
2018-11-16,0.18705221526124705,0.18866943474961442,0.19129776901142964,0.19120528399355802,0.19120528399355802,0.12121352178293784,2018,11,16,4,0.19180928279374526,0.21003395964802024,0.19075917262366304,0.19670244644262722,58.777400190885714,-0.005943273818964173,-0.007080217759730744,0.001136943940766571,0.19180928279374526,0.2078002304795284,0.17581833510796213
2018-11-19,0.18632199991089388,0.18662250449432435,0.18017522496844268,0.1772945889896872,0.1772945889896872,0.13974727539956183,2018,11,19,0,0.19044872460613743,0.20906406743349149,0.188687698218436,0.19526482737203907,46.89760169021359,-0.006577129153603062,-0.0069796000385052084,0.0004024708849021466,0.19044872460613743,0.20652144129210565,0.17437600792016922
2018-11-20,0.16742230188170482,0.17704700409052473,0.17329501786951862,0.17922577742474932,0.17922577742474932,0.1943317218365517,2018,11,20,1,0.18914231215501393,0.20804750397123495,0.18723201809633036,0.19407674959816576,38.73700385136169,-0.006844731501835399,-0.006952626331171247,0.00010789482933584726,0.18914231215501393,0.20433739656470393,0.17394722774532392
2018-11-21,0.17956833395559135,0.18259123252999013,0.18602543480877298,0.18319884300624506,0.18319884300624506,0.10976973775431914,2018,11,21,2,0.18892270533590802,0.20720790082570414,0.1866115296209326,0.19327097873950497,43.00522498570596,-0.006659449118572358,-0.006893990888651469,0.00023454177007911116,0.18892270533590802,0.20433755772677578,0.17350785294504026
2018-11-23,0.17733472745210976,0.1789752837606732,0.18226205362652464,0.1785954680110764,0.1785954680110764,0.03186326619276953,2018,11,23,4,0.1877209009925653,0.2061923436000762,0.18537828937326242,0.19218390387073248,42.72473218604228,-0.006805614497470053,-0.006876315610415186,7.070111294513355e-05,0.1877209009925653,0.20236414304088662,0.17307765894424398
2018-11-26,0.1800936859025391,0.18283844212506875,0.18617499758190192,0.1868902481629241,0.1868902481629241,0.14753052754180493,2018,11,26,0,0.18733784509470572,0.2053614575509898,0.18561089841782574,0.1917917812257096,51.77641404764033,-0.00618088280788387,-0.006737229049908923,0.0005563462420250537,0.18733784509470572,0.20162524585904645,0.17305044433036498
2018-11-27,0.18096927688630782,0.18556442580421204,0.18773188765005472,0.18547873407465915,0.18547873407465915,0.13462622826559192,2018,11,27,1,0.18774571056600492,0.20461284847900288,0.18559056544195396,0.19132414810340959,47.50634176662302,-0.005733582661455627,-0.0065364997722182645,0.0008029171107626371,0.18774571056600492,0.20127476062200103,0.1742166605100088
2018-11-28,0.18353329757546966,0.1952091335556512,0.18680386284630718,0.19950006414540578,0.19950006414540578,0.19676283266007893,2018,11,28,2,0.1885842410898437,0.20410999838717825,0.18773048831940808,0.19192977151392784,48.462343639869296,-0.0041992831945197595,-0.0060690564566785645,0.001869773262158805,0.1885842410898437,0.20286235466312527,0.17430612751656213
2018-11-29,0.19256021973653542,0.19764998797276764,0.20048268684276793,0.20019408980887887,0.20019408980887887,0.10372431388136549,2018,11,29,3,0.18877752891351146,0.20355484491201942,0.18964796547163437,0.1925419432394798,51.31756188211232,-0.002893977767845418,-0.005434040718911935,0.0025400629510665173,0.18877752891351146,0.20359165391684578,0.17396340391017714
2018-11-30,0.19685228679195332,0.1980867365707025,0.20112177042837015,0.20224933784587257,0.20224933784587257,0.20645030088462854,2018,11,30,4,0.18918707111058025,0.20293498303211188,0.1915866381445941,0.19326100950662,56.61428413054735,-0.001674371362025917,-0.004682106847534732,0.0030077354855088147,0.18918707111058025,0.20503286398817933,0.17334127823298118
2018-12-03,0.2081095113146439,0.2076721190295708,0.20988688046490245,0.20627266831986485,0.20627266831986485,0.15200451095848624,2018,12,3,0,0.1900024671103585,0.2025349289370024,0.19384602740232804,0.19422483608537888,67.09876955438486,-0.00037880868305084636,-0.003821447214637955,0.0034426385315871086,0.1900024671103585,0.2075984529506693,0.1724064812700477
2018-12-04,0.2014945994924759,0.2010038941757554,0.19163769985630646,0.1876278599791757,0.1876278599791757,0.18472744751851064,2018,12,4,1,0.19018234347481627,0.20171316245218968,0.1928893862603046,0.19373617118862307,52.93882858492692,-0.000846784928318467,-0.0032265147573740573,0.0023797298290555904,0.19018234347481627,0.20759385913423906,0.1727708278153935
2018-12-06,0.17874229849139095,0.19005386517696696,0.18510763512483935,0.19363269742522243,0.19363269742522243,0.22392102125142122,2018,12,6,3,0.19039893312631564,0.20093585411143353,0.19300374182413813,0.19372850646540823,54.791857486906984,-0.0007247646412701092,-0.002726164734153268,0.0020014000928831586,0.19039893312631564,0.2078719436185389,0.1729259226340924
2018-12-07,0.1872504571643715,0.1913921222129242,0.1843359717111182,0.18285349315387606,0.18285349315387606,0.16217265508730738,2018,12,7,4,0.1894465760233834,0.19997085628658373,0.19144216510563627,0.19292294992381326,44.84212513534598,-0.0014807848181769834,-0.002477088750958011,0.0009963039327810278,0.1894465760233834,0.20634695774974285,0.17254619429702397
2018-12-10,0.17900331248151086,0.18255497415582192,0.18256494560654374,0.1838492825169396,0.1838492825169396,0.13504219779813462,2018,12,10,0,0.18872824336834002,0.19893089108362233,0.19027402932275986,0.192250826412193,45.9734265237332,-0.00197679708943313,-0.002377030418653035,0.0004002333292199051,0.18872824336834002,0.2052768434216699,0.17217964331501012
2018-12-11,0.18608740583906097,0.18655986320862508,0.18819080108925534,0.18793968202171513,0.18793968202171513,0.09686543847810614,2018,12,11,1,0.18848684414340106,0.19798057911003406,0.189914898968753,0.1919314823832687,56.52889770795057,-0.0020165834145157158,-0.0023049410178255713,0.00028835760330985557,0.18848684414340106,0.20492784677368836,0.17204584151311375
2018-12-12,0.1898904797245234,0.1934984041305118,0.19599220718056182,0.19193952291214084,0.19193952291214084,0.10879914217838624,2018,12,12,2,0.18890677962623895,0.1970979258543483,0.19022637957542804,0.191932077978,57.604683522431664,-0.0017056984025719535,-0.002185092494774848,0.00047939409220289437,0.18890677962623895,0.2052445759635876,0.17256898328889028
2018-12-13,0.1899135955009536,0.19287541274555423,0.19298041309633618,0.19134274801385953,0.19134274801385953,0.09086623344210165,2018,12,13,3,0.1893401262330087,0.19617115013503794,0.19039812856595595,0.19188842390658217,55.076281739195586,-0.0014902953406262243,-0.002046133063945123,0.0005558377233188987,0.1893401262330087,0.20544007913023093,0.17324017333578645
2018-12-14,0.18393640949028311,0.18721911956018247,0.18851373539188832,0.18470423496203298,0.18470423496203298,0.12384799548904152,2018,12,14,4,0.18931397487661966,0.19509256062693034,0.1895221449345832,0.19135626176254147,53.7135182499652,-0.001834116827958282,-0.0020037298167477546,0.00016961298878947258,0.18931397487661966,0.20544372805897632,0.173184221694263
2018-12-17,0.17981613798656781,0.18410419559755306,0.17733340310527235,0.17613117398859945,0.17613117398859945,0.18844344200922528,2018,12,17,0,0.18850628993782415,0.19407559509917832,0.187461995558278,0.1902284774829902,43.48161478175581,-0.0027664819247122108,-0.002156280238340646,-0.0006102016863715649,0.18850628993782415,0.20559870352103987,0.17141387635460842
2018-12-18,0.17604281459438403,0.18289447120180605,0.18193605994628775,0.180214867931409,0.180214867931409,0.17061221471422894,2018,12,18,1,0.18795676913471668,0.19321299174199313,0.186347052846452,0.18948672862731755,46.910907746089705,-0.0031396757808655473,-0.0023529593468456264,-0.0007867164340199209,0.18795676913471668,0.2053871661026767,0.17052637216675665
2018-12-19,0.1786530866612573,0.18702132683287923,0.17738439273200385,0.1783037827711207,0.1783037827711207,0.1971233395882826,2018,12,19,2,0.18800722882378837,0.19236835902265415,0.1851096266810164,0.18865836226759927,35.49999733944905,-0.003548735586582863,-0.0025921145947930737,-0.0009566209917897892,0.18800722882378837,0.20531306078496,0.17070139686261673
2018-12-20,0.17341272428465365,0.17786444583993036,0.17341060795401053,0.17374400063429252,0.17374400063429252,0.21507473585934683,2018,12,20,3,0.18773313998426552,0.19150059211453271,0.18336106882767428,0.1875535947392062,32.81487959131786,-0.004192525911531908,-0.0029121968581408406,-0.0012803290533910674,0.18773313998426552,0.20578225100041078,0.16968402896812027
2018-12-21,0.17247763231432767,0.17450231228222232,0.1657043824992696,0.16372924383818538,0.16372924383818538,0.39278616392897087,2018,12,21,4,0.18675966002586256,0.19081877057383761,0.1803407880600606,0.1857888280057972,27.318673930483214,-0.005448039945736616,-0.0034193654756599955,-0.0020286744700766203,0.18675966002586256,0.20770612490416887,0.16581319514755624
2018-12-24,0.15879849163545257,0.1677516490704117,0.16448742327599364,0.162616120551842,0.162616120551842,0.1149462474926281,2018,12,24,0,0.18596069265290083,0.1901274272692621,0.17761391613571928,0.18407233115735608,23.3819943579051,-0.006458415021636799,-0.004027175384855357,-0.0024312396367814418,0.18596069265290083,0.20930061935004912,0.16262076595575253
2018-12-26,0.1637910499810798,0.1797696651841079,0.16886913866507292,0.183819100782531,0.183819100782531,0.18732494615505496,2018,12,26,2,0.18580713528388118,0.1896538802150061,0.17856855992753648,0.18405357335181347,47.74799777971613,-0.0054850134242769855,-0.0043187429927396825,-0.001166270431537303,0.18580713528388118,0.2091617182515294,0.16245255231623296
2018-12-27,0.17308889194955224,0.18105189314332784,0.17362814329888104,0.1853010299770002,0.1853010299770002,0.1629676190828334,2018,12,27,3,0.18579825007899822,0.18932953231682556,0.1796043245505309,0.18414597754627174,44.79537090398117,-0.00454165299574083,-0.004363324993339912,-0.00017832800240091817,0.18579825007899822,0.2091534943130624,0.16244300584493404
2018-12-28,0.18381744716687082,0.1848985770209877,0.18589965359755167,0.18302113890858612,0.18302113890858612,0.09872343572346345,2018,12,28,4,0.18497430381715724,0.18876492413340604,0.180129988297924,0.18406265616570242,50.11716659026149,-0.0039326678677784055,-0.004277193568227611,0.0003445257004492056,0.18497430381715724,0.20744002131012224,0.16250858632419224
2018-12-31,0.18426020878396598,0.18395584610775187,0.1826669248600068,0.18252827339852873,0.18252827339852873,0.10597979312448583,2018,12,31,0,0.18409101299663974,0.18822794259706363,0.18049895523647858,0.1839489981829488,49.07021864082263,-0.003450042946470222,-0.004111763443876134,0.0006617204974059118,0.18409101299663974,0.2053963240342931,0.1627857019589864
2019-01-02,0.1728972583301414,0.18383060968337497,0.17998826300376042,0.18596152783064368,0.18596152783064368,0.10961259370869192,2019,1,2,2,0.1832766224958783,0.18794550446117014,0.18133935102019627,0.1840980744531484,48.594692680904224,-0.002758723432952137,-0.0038411554416913347,0.0010824320087391977,0.1832766224958783,0.2028328127884811,0.16372043220327553
2019-01-03,0.18096927688630782,0.1853666330769088,0.17943076961954552,0.1759735999879622,0.1759735999879622,0.1381296161063403,2019,1,3,3,0.18176166907928315,0.1874063771449986,0.18051385086139102,0.18349626152980128,39.54694350223404,-0.0029824106684102625,-0.0036694064870351206,0.0006869958186248581,0.18176166907928315,0.19827466929273865,0.16524866886582765
2019-01-04,0.17819050680130505,0.1899351948145304,0.18396816653696152,0.19429654135428692,0.19429654135428692,0.16149786006784925,2019,1,4,4,0.18209510314803873,0.1872021929172475,0.182634264783375,0.18429628225754097,51.56956696457741,-0.0016620174741659721,-0.0032679286844612913,0.0016059112102953191,0.18209510314803873,0.19935908053905393,0.16483112575702352
2019-01-07,0.19104692276612023,0.19097680561033867,0.19326255569758394,0.19351868275511586,0.19351868275511586,0.15114484059123137,2019,1,7,0,0.1820894024145334,0.18696548604340543,0.1843087906251813,0.18497942303513912,54.994861877134646,-0.000670632409957822,-0.0027484694295605975,0.0020778370196027755,0.1820894024145334,0.19933740634063346,0.16484139848843332
2019-01-08,0.19257012555382214,0.19445760953048333,0.19522397026975707,0.19616403365623475,0.19616403365623475,0.1310858653552842,2019,1,8,1,0.18275492943965133,0.18713694712876283,0.18613267416842028,0.18580791271077585,62.16953142624183,0.0003247614576444291,-0.0021338232521195925,0.0024585847097640216,0.18275492943965133,0.20111820900469524,0.16439164987460742
2019-01-09,0.1944006201424902,0.1938214332821919,0.19721935753056719,0.1956209032536808,0.1956209032536808,0.07880311699836384,2019,1,9,2,0.1833435104764884,0.18699673409627787,0.1875924017199988,0.18653480089913918,59.77951387898637,0.0010576008208596221,-0.0014955384375237497,0.002553139258383372,0.1833435104764884,0.20258794805211744,0.16409907290085934
2019-01-10,0.18977811907654096,0.1900373709129363,0.1942653720858213,0.19416912897137245,0.19416912897137245,0.10256884295763583,2019,1,10,3,0.18365498282397125,0.18698908935330302,0.18860420591251784,0.18710030668226757,60.130148975826536,0.0015038992302502663,-0.0008956509039689466,0.002399550134219213,0.18365498282397125,0.203407577409411,0.16390238823853148
2019-01-11,0.18829787013297755,0.18760642492061527,0.19112779679037428,0.18976358817088446,0.18976358817088446,0.10852182915669109,2019,1,11,4,0.18354618608690845,0.1872379326237472,0.18878257241380503,0.18729758679253547,60.248820248820266,0.0014849856212695578,-0.00041952359892124576,0.0019045092201908035,0.18354618608690845,0.20312989809610776,0.16396247407770914
2019-01-14,0.18292534208210182,0.1835702020400992,0.18867181003337297,0.18557261194218205,0.18557261194218205,0.07371904493395329,2019,1,14,0,0.18325767928332456,0.18729479578921823,0.18828873234124766,0.18716981087769446,65.09989338525004,0.0011189214635531908,-0.00011183458642635848,0.0012307560499795493,0.18325767928332456,0.2025252344317208,0.16399012413492833
2019-01-15,0.18399917496899493,0.19297100300472483,0.19074028242583163,0.19645571889619046,0.19645571889619046,0.10323439420970412,2019,1,15,1,0.18384525348003242,0.18729734350043156,0.18954519181123886,0.1878576559161016,70.60888731381239,0.0016875358951372599,0.0002480395098863652,0.0014394963852508947,0.18384525348003242,0.20399508484509282,0.163695422114972
2019-01-16,0.19385543673611794,0.19703360879677204,0.20161805586465653,0.19773649464280585,0.19773649464280585,0.09105110878989842,2019,1,16,2,0.18492551951274275,0.18737090351519775,0.19080539224686455,0.18858942174770932,61.19169587489892,0.0022159704991552287,0.0006416257077401379,0.0015743447914150907,0.18492551951274275,0.2056426350344069,0.16420840399107858
2019-01-17,0.1936803106094237,0.1968440632014842,0.19963285973057582,0.20073052135502883,0.20073052135502883,0.08281491204555327,2019,1,17,3,0.18595130218392375,0.18758621897581232,0.19233233518658213,0.1894887624593626,62.113072448207234,0.0028435727272195233,0.001082015111636015,0.0017615576155835082,0.18595130218392375,0.20769264239317992,0.16420996197466758
2019-01-18,0.20046372044972122,0.2022999530566126,0.20554764963281585,0.20353343955122305,0.20353343955122305,0.1487137297677041,2019,1,18,4,0.18721278502292887,0.18797628111303638,0.1940555820119115,0.19052910891061153,65.97221511533316,0.0035264731012999706,0.0015709067095688062,0.0019555663917311646,0.18721278502292887,0.20998894117994044,0.1644366288659173
2019-01-22,0.19649876343812667,0.19674847294231348,0.19622336015507802,0.19423284522117262,0.19423284522117262,0.11709080152707038,2019,1,22,1,0.18823722725227288,0.18807491992955513,0.19408285327487476,0.19080345974843085,58.01461482048661,0.003279393526443908,0.0019126040729438268,0.001366789453500081,0.18823722725227288,0.21029438543528678,0.16618006906925897
2019-01-23,0.19297983914406552,0.19457954973902672,0.19495881061351933,0.1959259929120064,0.1959259929120064,0.05732984535177157,2019,1,23,2,0.1898470647059639,0.18795542708354485,0.19436641321904885,0.19118290664943646,56.98965718882948,0.0031835065696123876,0.0021667845722775393,0.0010167219973348483,0.1898470647059639,0.20886288035379735,0.17083124905813046
2019-01-24,0.19269238541080747,0.19278148377916363,0.1952817517147692,0.1953660784878518,0.1953660784878518,0.09377802016990044,2019,1,24,3,0.19148456260276442,0.18789842994094574,0.19452020787578775,0.1914927712300598,65.67650257323484,0.003027436645727938,0.002338914986967619,0.000688521658760319,0.19148456260276442,0.20564836464163938,0.17732076056388946
2019-01-25,0.19550750766451874,0.1975692372772793,0.20246109115856797,0.2010959811877337,0.2010959811877337,0.07138961555171425,2019,1,25,4,0.19234840662302455,0.18806499623429052,0.19553186530839484,0.19220412011581342,56.90172085629261,0.003327745192581416,0.0025366810280903784,0.0007910641644910377,0.19234840662302455,0.2066504760456408,0.1780463372004083
2019-01-28,0.1938917889048265,0.19394340645289362,0.19633553053527053,0.1940853295634843,0.1940853295634843,0.08666031927972564,2019,1,28,0,0.19278762160234875,0.18827588656045255,0.19530932134763937,0.19234346896378904,50.51056795428429,0.0029658523838503315,0.002622515299242369,0.00034333708460796255,0.19278762160234875,0.2067130004720184,0.1788622427326791
2019-01-29,0.19143679828865545,0.19135586383875605,0.1936381928784066,0.19091357193135444,0.19091357193135444,0.06239542988140246,2019,1,29,1,0.19318224325348715,0.1884406416815103,0.19463305220667246,0.19223755066509018,45.31361230491813,0.0023955015415822734,0.0025771125477103496,-0.00018161100612807627,0.19318224325348715,0.20637007809564453,0.17999440841132977
2019-01-30,0.19003255121608215,0.19658035934237486,0.19737231961214485,0.20044888775246006,0.20044888775246006,0.08624434974718295,2019,1,30,2,0.19407827397118374,0.18874507419476327,0.19552779613679364,0.19284579785674721,53.713239931894776,0.0026819982800464215,0.002598089694177564,8.39085858688575e-05,0.19407827397118374,0.2066384853323543,0.1815180626100132
2019-01-31,0.20145497622332914,0.20525930881676555,0.20708075134044418,0.20960534602805286,0.20960534602805286,0.11013948844991264,2019,1,31,3,0.19526046488105417,0.18909148366003412,0.1976935730431412,0.19408724586943651,60.614177651854476,0.003606327173704682,0.0027997371900829876,0.0008065899836216944,0.19526046488105417,0.20899947359139728,0.18152145617071105
2019-02-01,0.2045608497438715,0.20778749976860564,0.21030328895125966,0.20772106299894244,0.20772106299894244,0.10310498146624639,2019,2,1,4,0.19684783803160322,0.1894217992401418,0.19923626380557216,0.1950971582493999,62.79134860609966,0.004139105556172251,0.0030676108633008407,0.0010714946928714105,0.19684783803160322,0.2083598453950674,0.18533583066813902
2019-02-04,0.20464675743214833,0.21035854152628083,0.2117072101392179,0.21511395177193537,0.21511395177193537,0.20610828149120455,2019,2,4,0,0.1978887085524856,0.1901781864957868,0.2016789850311665,0.19657988369551366,70.12469597100254,0.005099101335652834,0.0034739089577712394,0.0016251923778815942,0.1978887085524856,0.21191855310961966,0.18385886399535156
2019-02-05,0.2086712154303002,0.21498972477230657,0.2145041611308645,0.21953627659402408,0.21953627659402408,0.29629971991384807,2019,2,5,1,0.19918958824443106,0.19098439647917229,0.2044262606562215,0.19828035724355145,67.24103351570818,0.006145903412670045,0.004008307848751001,0.0021375955639190442,0.19918958824443106,0.2160521776322628,0.1823269988565993
2019-02-06,0.21353820977708526,0.21503916141737703,0.21298195080750604,0.20922312899599527,0.20922312899599527,0.16257938085246024,2019,2,6,2,0.19984254301141907,0.19150488219896725,0.20516424040080208,0.19909093292891766,57.5602460340067,0.0060733074718844204,0.004421307773377685,0.0016519996985067354,0.19984254301141907,0.21721547316448023,0.18246961285835792
2019-02-07,0.20183824346215068,0.2011423352407611,0.20388199529153628,0.2036843348121422,0.2036843348121422,0.1569591702794391,2019,2,7,3,0.20024571458934215,0.1920066595349886,0.20493656261793133,0.19943118492026762,51.881119910793046,0.00550537769766371,0.00463812175823489,0.0008672559394288203,0.20024571458934215,0.2175803468585188,0.1829110823201655
2019-02-08,0.19616832281931162,0.19918766606664987,0.20406895725621854,0.2024605496366752,0.2024605496366752,0.06738706427191465,2019,2,8,4,0.20066028562260727,0.19231806556446362,0.20455563754389194,0.1996555823066682,49.30271119831867,0.004900055237223755,0.004690508454032663,0.00020954678319109153,0.20066028562260727,0.21777825543117202,0.1835423158140425
2019-02-11,0.1994559571833967,0.20150655390549624,0.20621394128324205,0.20244379914288435,0.20244379914288435,0.06640722492859188,2019,2,11,0,0.20129429617120725,0.1926573668658281,0.2042307393283523,0.19986211688712863,56.06878082777149,0.004368622441223685,0.004626131251470868,-0.00025750881024718276,0.20129429617120725,0.2176345709022021,0.18495402144021242
2019-02-12,0.20271053691234636,0.20788474472812465,0.2106296293609583,0.21128173651953386,0.21128173651953386,0.11668407576191753,2019,2,12,1,0.20257975240007484,0.19289300031331066,0.20531550812699562,0.20070801463767718,60.26537000904879,0.004607493489318437,0.004622403699040382,-1.4910209721944595e-05,0.20257975240007484,0.21771285589948514,0.18744664890066454
2019-02-13,0.20872077094986846,0.21099471777457227,0.21492974775003343,0.21087603660947152,0.21087603660947152,0.06498368475055694,2019,2,13,2,0.20330076828573893,0.19310663924932253,0.2061709740473765,0.2014612014504027,60.389885448880506,0.004709772596973805,0.0046398774786270665,6.989511834673817e-05,0.20330076828573893,0.21857874465640256,0.1880227919150753
2019-02-14,0.2064276965012482,0.20885217089038485,0.2121916183917843,0.21138231324346074,0.21138231324346074,0.05553655447814312,2019,2,14,3,0.2039830592157717,0.1932892987572743,0.20697271853908178,0.20219609862025884,57.40918627042039,0.004776619918822944,0.004667225966666242,0.00010939395215670174,0.2039830592157717,0.21943259321578393,0.18853352521575947
2019-02-15,0.21040259237154796,0.20998607572953035,0.21226130421498407,0.20869337618956335,0.20869337618956335,0.10195875430990656,2019,2,15,4,0.20438120195749837,0.19333771291466825,0.20723743510069434,0.2026773784402073,61.2206705380995,0.004560056660487033,0.004645792105430401,-8.573544494336772e-05,0.20438120195749837,0.21988811864505575,0.188874285269941
2019-02-19,0.20376786230652283,0.20676238323682802,0.2120403423671972,0.21033960506332156,0.21033960506332156,0.06466939665930246,2019,2,19,1,0.2047215102331033,0.19379194781635117,0.2077146920180216,0.20324495078266022,65.27952751129615,0.004469741235361369,0.004610581931416595,-0.0001408406960552262,0.2047215102331033,0.22044727776694878,0.18899574269925784
2019-02-20,0.20706870002146766,0.2072634146359472,0.2104358687793786,0.20874366790430776,0.20874366790430776,0.06849631635869516,2019,2,20,2,0.20544705136726008,0.1940941672259329,0.20787299600052717,0.20365226316204152,57.455385814106435,0.004220732838485647,0.004532612112830405,-0.000311879274344758,0.20544705136726008,0.22045800414997363,0.19043609858454652
2019-02-21,0.20404541022249417,0.20348264189009338,0.20609834440013325,0.20310093750998287,0.20310093750998287,0.09875116702563297,2019,2,21,3,0.20580579859715892,0.19449911611305504,0.20713883315582804,0.20361142422485198,43.759648400015756,0.003527408930976056,0.004331571476459535,-0.0008041625454834793,0.20580579859715892,0.2201884712569718,0.19142312593734603
2019-02-22,0.20076108000026593,0.20325190678175045,0.20714533140235386,0.20759367743827578,0.20759367743827578,0.06495595344838742,2019,2,22,4,0.20641717854468009,0.19497400401148174,0.20720880919928153,0.20390640594436485,49.883611262474396,0.0033024032549166804,0.0041257378321509644,-0.000823334577234284,0.20641717854468009,0.21994550432098747,0.1928888527683727
2019-02-25,0.20575034081232013,0.20565813115532047,0.2111123243620665,0.2072684576829285,0.2072684576829285,0.09856629167783623,2019,2,25,0,0.20672580236943983,0.19536057952470604,0.2072179858890734,0.2041554468138881,41.7687067363894,0.0030625390751853054,0.003913098080757833,-0.0008505590055725275,0.20672580236943983,0.22002264531510093,0.19342895942377872
2019-02-26,0.20236358880081473,0.2059778640911671,0.20861382585360488,0.2091895944806037,0.2091895944806037,0.10394616429872158,2019,2,26,1,0.2074810156152958,0.19570558095607526,0.20752131028777038,0.2045283466410522,38.5432305565332,0.0029929636467181664,0.0037290711939499,-0.0007361075472317336,0.2074810156152958,0.21939924960141183,0.19556278162917978
2019-02-27,0.20276009904019832,0.2054735430686461,0.2089809579646888,0.20949806374216007,0.20949806374216007,0.05745925809522929,2019,2,27,2,0.2084102402058361,0.19606868727064128,0.20782542620383032,0.20489647383372686,50.39108067835767,0.0029289523701034603,0.003569047429180612,-0.0006400950590771518,0.2084102402058361,0.21743686232318052,0.19938361808849167
2019-02-28,0.20419739413962334,0.2086609969644753,0.21238366572190592,0.2107955631603185,0.2107955631603185,0.11052772668028582,2019,2,28,3,0.208927573976229,0.196590513834607,0.20828237035098235,0.2053334434134744,61.50336185480929,0.0029489269375079508,0.00344502333084608,-0.0004960963933381291,0.208927573976229,0.21718633016708294,0.20066881778537504
2019-03-01,0.20869102706487358,0.21371079302892013,0.21705431553051363,0.21785988610254314,0.21785988610254314,0.10200497314685575,2019,3,1,4,0.2093403009799535,0.19742508807688586,0.2097558343127609,0.20626132805710912,70.9515431781142,0.003494506255651786,0.0034549199158072216,3.958633984456426e-05,0.2093403009799535,0.21851582286696578,0.2001647790929412
2019-03-04,0.21598987642654838,0.21875731265482654,0.21907351154769894,0.2201431232463782,0.2201431232463782,0.10160749114909273,2019,3,4,0,0.2099614039923253,0.19822365318318524,0.21135387876408665,0.20728960918224015,72.68191902770965,0.004064269581846497,0.003576789849015077,0.00048747973283142,0.2099614039923253,0.22028528654698787,0.19963752143766272
2019-03-05,0.21700424136830276,0.22249191200928511,0.2243441392975143,0.22491414399625687,0.22491414399625687,0.10134866566217729,2019,3,5,1,0.21045141360354142,0.19915586040768798,0.21344007341518975,0.20859513027957471,69.50303241935448,0.004844943135615037,0.0038304205063350695,0.0010145226292799679,0.21045141360354142,0.2225779448807737,0.19832488232630913
2019-03-06,0.22111130291287462,0.22181817208535545,0.22750381009787823,0.2235160410319238,0.2235160410319238,0.06955934960852644,2019,3,6,2,0.21065040182543635,0.2001513012156406,0.2149902222793027,0.20970038292789686,67.58396024482816,0.0052898393514058395,0.004122304275349224,0.0011675350760566158,0.21065040182543635,0.22351290090259113,0.19778790274828156
2019-03-07,0.2188743922675362,0.21825462655535902,0.22050801291446231,0.21863438521516926,0.21863438521516926,0.07578040506188702,2019,3,7,3,0.2111209646363951,0.20124940404318026,0.21555086273097449,0.21036216087510223,58.993760838864716,0.005188701855872252,0.004335583791453829,0.0008531180644184228,0.2111209646363951,0.2244439699696982,0.197797959303092
2019-03-08,0.20929567841638452,0.2150655443289081,0.21656142940267598,0.21830581267883897,0.21830581267883897,0.08001405052643254,2019,3,8,4,0.21185203852972992,0.20236319788572021,0.2159747011844921,0.21095057952723087,62.66231322782799,0.005024121657261238,0.004473291364615311,0.000550830292645927,0.21185203852972992,0.22506101422831845,0.1986430628311414
2019-03-11,0.21515063100320447,0.2246608418050036,0.22375095997320416,0.22951749216917766,0.22951749216917766,0.1268614636581285,2019,3,11,0,0.213204885656355,0.20327716571345314,0.21805820748982835,0.21232590638959728,70.17776630763844,0.005732301100231069,0.004725093311738463,0.0010072077884926058,0.213204885656355,0.22783024371388316,0.19857952759882685
2019-03-12,0.22632192140448343,0.23250911851963305,0.2352440082412562,0.23536475561458714,0.23536475561458714,0.15402889601686062,2019,3,12,1,0.21485093347994016,0.2042784402262049,0.22072075335517588,0.2140324878136706,75.70910818428854,0.006688265541505284,0.005117727757691827,0.0015705377838134572,0.21485093347994016,0.23162873586938548,0.19807313109049485
2019-03-13,0.23371824955921755,0.23281567318457744,0.2398942757964051,0.23540498898638268,0.23540498898638268,0.10067387064271915,2019,3,13,2,0.2160570961032826,0.2053261172277608,0.2229798665292077,0.2156156360486863,84.98293733455276,0.0073642304805214,0.005567028302257741,0.0017972021782636585,0.2160570961032826,0.23507361560984985,0.19704057659671537
2019-03-14,0.23169115192178608,0.23181032735536902,0.237358384895007,0.23279987816262132,0.23279987816262132,0.07635351864005693,2019,3,14,3,0.2171532881809401,0.20633154932304268,0.22449063754973286,0.21688854287194073,78.46002096608441,0.007602094677792132,0.00597404157736462,0.0016280531004275118,0.2171532881809401,0.23740006933833357,0.19690650702354662
2019-03-15,0.2313177905002512,0.23137850989632106,0.23672272781232112,0.23243442503547845,0.23243442503547845,0.19550568029506105,2019,3,15,4,0.21820589377054098,0.20726100726713936,0.22571275870138602,0.21804008969886945,78.3888015716795,0.007672669002516563,0.006313767062395009,0.0013589019401215544,0.21820589377054098,0.23935810963386447,0.19705367790721748
2019-03-18,0.22798722872516253,0.22921290268616276,0.23495883345687207,0.2323673761213812,0.2323673761213812,0.08742755197308213,2019,3,18,0,0.21938959376713188,0.20838888278980774,0.2267365459967699,0.21910137017461107,77.28745200717646,0.007635175822158835,0.0065780488143477745,0.0010571270078110605,0.21938959376713188,0.24094619636375827,0.19783299117050548
2019-03-19,0.2298077910634091,0.23250911851963305,0.2378308887693858,0.23725908357552256,0.23725908357552256,0.10851258538930125,2019,3,19,1,0.2207355676927419,0.20924813363423247,0.2283553979319626,0.220446385982086,79.49979172001929,0.007909011949876615,0.006844241441453543,0.0010647705084230723,0.2207355676927419,0.243253150310364,0.1982179850751198
2019-03-20,0.23262954142568515,0.24145503510680819,0.2413321696730003,0.24568127611028479,0.24568127611028479,0.17383828953328218,2019,3,20,2,0.2225824481030408,0.21029138550133586,0.2310209176517045,0.2223156371026933,82.19569721005082,0.00870528054901118,0.007216449262965071,0.0014888312860461082,0.2225824481030408,0.24694251298883346,0.1982223832172481
2019-03-21,0.23879175938033648,0.24298778865423523,0.2471042158148597,0.24821931790326301,0.24821931790326301,0.07923757406568621,2019,3,21,3,0.22483836712270477,0.21133249118627642,0.2336668253827135,0.22423442827310588,80.57263301306855,0.00943239710960761,0.007659638832293579,0.0017727582773140304,0.22483836712270477,0.24994717053417626,0.1997295637112333
2019-03-22,0.24220165360140689,0.242397766020044,0.2435944298415063,0.23948868963475423,0.23948868963475423,0.12639927528863665,2019,3,22,4,0.22643311773252867,0.21220984691389788,0.2345624968061044,0.2253643735591539,67.24243386651949,0.00919812324695049,0.007967335715224962,0.0012307875317255287,0.22643311773252867,0.2509753909461397,0.20189084451891764
2019-03-25,0.23249076746769948,0.23461804400231903,0.23822862145512552,0.23529771340605182,0.23529771340605182,0.10630332498313014,2019,3,25,0,0.22783458051868485,0.21303241860259145,0.23467560705225013,0.22610017651077596,59.35142179565302,0.008575430541474166,0.008088954680474804,0.0004864758609993622,0.22783458051868485,0.25092729972513816,0.20474186131223157
2019-03-26,0.23301941694822031,0.2334419410080735,0.23472052153876277,0.23248806282564388,0.23248806282564388,0.14368512030763259,2019,3,26,1,0.22899950393593688,0.21388690809568664,0.2343390617866184,0.22657335327484024,57.87984191753141,0.007765708511778158,0.008024305446735476,-0.000258596934957318,0.22899950393593688,0.2504222092715733,0.2075767986003004
2019-03-27,0.22871414654194266,0.22840828980878095,0.22882271458153275,0.22859885029653204,0.22859885029653204,0.09737384568454718,2019,3,27,2,0.22995454326365547,0.21474743286277362,0.2334559523266051,0.22672339009126186,58.906741264320964,0.006732562235343242,0.00776595680445703,-0.0010333945691137873,0.22995454326365547,0.24932104062308463,0.2105880459042263
2019-03-28,0.22410155129328013,0.22313633538959185,0.22884346396030403,0.2270800338056883,0.2270800338056883,0.05683992568011018,2019,3,28,3,0.230768766795924,0.21535991916096361,0.2324750417849256,0.22674980814418233,57.679438117062574,0.00572523364074326,0.007357812171714276,-0.0016325785309710154,0.230768766795924,0.24799468289980092,0.2135428506920471
2019-03-29,0.22521173634888175,0.22558377564594354,0.23001589224290114,0.2286960809450379,0.2286960809450379,0.08532921677558905,2019,3,29,4,0.2313105765380487,0.21597911088700822,0.23189366319417362,0.22689397649980125,49.13594566749727,0.004999686694372368,0.006886187076245894,-0.001886500381873526,0.2313105765380487,0.2474759296875724,0.21514522338852501
2019-04-01,0.22825156668199043,0.23140818243125397,0.23651534960109555,0.23577714767549146,0.23577714767549146,0.08372080124975734,2019,4,1,0,0.2320922777595044,0.21668004341341748,0.2324911223451456,0.227551989179482,50.42282582958428,0.004939133165663606,0.006496776294129437,-0.001557643128465831,0.2320922777595044,0.24747703207458813,0.21670752344442065
2019-04-02,0.2319587940204707,0.2329541142495832,0.2377765066328224,0.23780894636229027,0.23780894636229027,0.04447176491250774,2019,4,2,1,0.23273701787780604,0.21736555354963888,0.233309249117014,0.22831176378561593,52.368069225179994,0.004997485331398072,0.006196918101583165,-0.001199432770185093,0.23273701787780604,0.2479348124514076,0.21753922330420447
2019-04-03,0.2359766437349089,0.23788194373575802,0.24280409742578457,0.2396294997304766,0.2396294997304766,0.06170214732716466,2019,4,3,2,0.23354269081273368,0.21827348663982493,0.23428159536523901,0.22915011459634635,56.83328504975305,0.005131480768892666,0.005983830635045066,-0.0008523498661524003,0.23354269081273368,0.24838657506866968,0.2186988065567977
2019-04-04,0.2354678058889615,0.2376742953231127,0.2440380395940706,0.24267381815744404,0.24267381815744404,0.05575840489549921,2019,4,4,3,0.2347446624598474,0.21920844314473367,0.23557270656403978,0.23015187041568694,59.72363976659189,0.005420836148352842,0.005871231737706622,-0.00045039558935377946,0.2347446624598474,0.24834686404676445,0.22114246087293035
2019-04-05,0.2384580476610832,0.23785558719395358,0.244343963757226,0.24004187167469504,0.24004187167469504,0.051802072452648805,2019,4,5,4,0.2358314654096402,0.22010195900847054,0.2362602704272175,0.2308844631015394,56.949401062675186,0.005375807325678106,0.005772146855300919,-0.0003963395296228134,0.2358314654096402,0.24719202783421468,0.22447090298506572
2019-04-08,0.23611211355103778,0.2353735432637821,0.24258652808782966,0.23893212128602054,0.23893212128602054,0.047457501779425225,2019,4,8,0,0.23630219686548232,0.22085868181043625,0.23667132440549488,0.2314805859300195,51.62636115673324,0.005190738475475382,0.005655865179335812,-0.0004651267038604306,0.23630219686548232,0.24733671061552728,0.22526768311543735
2019-04-09,0.2321834756667332,0.23326393876063442,0.24028179016094775,0.23672262520712473,0.23672262520712473,0.04895499209657888,2019,4,9,1,0.23637009034510922,0.2217114277233091,0.23667921683651486,0.231868885135731,40.094875458907985,0.004810331700783849,0.00548675848362542,-0.000676426782841571,0.23637009034510922,0.24739702500982652,0.22534315568039193
2019-04-10,0.2337298206640001,0.23375674280503325,0.24142227174274333,0.23836886078644492,0.23836886078644492,0.03492295319880571,2019,4,10,2,0.23651828393511237,0.22266053350041087,0.23693916205958102,0.23235036481356167,38.889751087731916,0.004588797246019349,0.005307166236104206,-0.0007183689900848566,0.23651828393511237,0.24757024307857758,0.22546632479164716
2019-04-11,0.23481359240959848,0.23513289973064375,0.24267830941594637,0.23919362479156764,0.23919362479156764,0.03359185069466911,2019,4,11,3,0.23683797126655967,0.22343542824119303,0.23728600247988665,0.23285727296008063,49.59496524578496,0.004428729519806024,0.00513147889284457,-0.0007027493730385461,0.23683797126655967,0.24780662959960337,0.22586931293351598
2019-04-12,0.23680928087453923,0.2385576745740511,0.2453909507594466,0.24363607300511608,0.24363607300511608,0.0542239395087862,2019,4,12,4,0.23739805366504158,0.22411604278073433,0.23826293640684504,0.23365570259304622,61.367564340831585,0.004607233813798822,0.00502662987703542,-0.0004193960632365981,0.23739805366504158,0.248562174614293,0.22623393271579015
2019-04-15,0.23945260757654796,0.24048595424419958,0.24573090200017417,0.2447190145570508,0.2447190145570508,0.0777031086789732,2019,4,15,0,0.23801563558682504,0.2248560018118965,0.23925617919918438,0.2344752071829725,67.49808758670612,0.004780972016211887,0.004977498304870714,-0.0001965262886588267,0.23801563558682504,0.24937288865479382,0.22665838251885626
2019-04-16,0.2417654936597417,0.2426680557183886,0.24947353380365117,0.24674073478421488,0.24674073478421488,0.04709699485122156,2019,4,16,1,0.23848971814725967,0.22548853747214206,0.24040764928918906,0.2353837647830645,77.41965038222335,0.005023884506124565,0.004986775545121484,3.710896100308104e-05,0.23848971814725967,0.2504875169498759,0.2264919193446434
2019-04-17,0.24440882036175043,0.24587856994018867,0.25209098771196903,0.2498286594806467,0.2498286594806467,0.08089220842846712,2019,4,17,2,0.23869708731577774,0.22609438512987454,0.24185703547249024,0.2364537569828854,82.82534136893584,0.00540327848960484,0.005070076134018156,0.00033320235558668455,0.23869708731577774,0.25134405185026454,0.22605012278129097
2019-04-18,0.2464507668126864,0.24635321183534506,0.25439911814868277,0.24983871782359557,0.24983871782359557,0.09105110878989842,2019,4,18,3,0.2387780573117944,0.22690669690642654,0.24308498660342953,0.23744523556367875,81.99065260119619,0.005639751039750784,0.005184011115164682,0.00045573992458610227,0.2387780573117944,0.25169947212682625,0.2258566424967626
2019-04-22,0.24539674556036667,0.24869022886127554,0.2522575674231925,0.25401963570934905,0.25401963570934905,0.04256754883020123,2019,4,22,0,0.2395046046155241,0.22791340292437068,0.24476724031203254,0.23867296890780249,80.25802674361466,0.0060942714042300505,0.005366063172977756,0.0007282082312522944,0.2395046046155241,0.2541176295047639,0.22489157972628435
2019-04-23,0.25025383408986507,0.25525301436300996,0.2584001109915,0.2592868546335822,0.2592868546335822,0.08995110047050775,2019,4,23,1,0.24070406167690064,0.2290499290243088,0.24700102713073246,0.24019992340600838,82.17153833436355,0.006801103724724089,0.005653071283327023,0.0011480324413970658,0.24070406167690064,0.25761984624106765,0.22378827711273364
2019-04-24,0.2546913032118334,0.2549266889954964,0.26133031487433833,0.25642021348202587,0.25642021348202587,0.06211811685970734,2019,4,24,2,0.24190066920971973,0.23012945731109166,0.24845013272323913,0.24140142637460227,74.38640484113382,0.007048706348636857,0.00593219829638899,0.001116508052247867,0.24190066920971973,0.2597305099206245,0.22407082849881493
2019-04-25,0.25490605921595805,0.25472824361745816,0.260320727063671,0.2589180487254564,0.2589180487254564,0.07029885099971345,2019,4,25,3,0.24341662913116596,0.23108218355521007,0.25006058133896486,0.24269895395614702,73.97325723645712,0.0073616273828178425,0.006218084113674761,0.0011435432691430814,0.24341662913116596,0.2616359388612985,0.2251973194010334
2019-04-26,0.2563037244379526,0.2565945676148007,0.2631387401704662,0.2618450265235821,0.2618450265235821,0.0826947430694854,2019,4,26,4,0.24515487876706063,0.2321015633534923,0.25187357290582907,0.2441171815537348,81.89934082277955,0.007756391352094272,0.006525745561358664,0.001230645790735608,0.24515487876706063,0.2634450640623295,0.22686469347179178
2019-04-29,0.25795579536635344,0.26193444385745424,0.2651698405658391,0.2670082891206575,0.2670082891206575,0.19898133683363992,2019,4,29,0,0.2470704891758416,0.23321408287103623,0.2542019907850334,0.2458128191512846,86.72156926717311,0.008389171633748804,0.006898430775836692,0.001490740857912112,0.2470704891758416,0.2661123263534295,0.22802865199825367
2019-04-30,0.22854892623253514,0.2301391327429362,0.2341358472841915,0.2337822429906291,0.2337822429906291,0.5417032565792514,2019,4,30,1,0.24697074394159846,0.23371586020705756,0.2510604911243558,0.24492166536160642,47.87682681675041,0.006138825762749378,0.00674650977321923,-0.0006076840104698522,0.24697074394159846,0.2662806752119638,0.22766081267123314
2019-05-01,0.22955668949885966,0.22857014059863603,0.23147759487587155,0.2269425630798249,0.2269425630798249,0.2119041236446326,2019,5,1,2,0.24642742477747523,0.23404791936738764,0.24735004065596644,0.2435898800074004,42.32500156067034,0.0037601606485660466,0.006149239948288594,-0.0023890792997225477,0.24642742477747523,0.26736560167685025,0.2254892478781002
2019-05-02,0.2228525856714091,0.2240015788610145,0.22733790344972765,0.2251086052932687,0.2251086052932687,0.1477154028896017,2019,5,2,3,0.24570138005561484,0.23437521811516684,0.24392828136939754,0.2422208966952425,40.66569790694575,0.0017073846741550436,0.0052608688934618845,-0.003553484219306841,0.24570138005561484,0.26855179480192787,0.22285096530930182
2019-05-03,0.22479871861678158,0.22815811361945224,0.2320962690135474,0.2327495864478769,0.2327495864478769,0.1510339153825533,2019,5,3,4,0.2452051684701365,0.23496819109392472,0.24220848215070206,0.2415193181584006,43.078819050727496,0.0006891639923014559,0.004346527913229798,-0.0036573639209283425,0.2452051684701365,0.26875279194942847,0.2216575449908445
2019-05-06,0.22235696439288888,0.2294930810320077,0.23116485169996798,0.23408735276564063,0.23408735276564063,0.11250589290171104,2019,5,6,0,0.24490744252468377,0.235498064600472,0.24095907762992338,0.24096880220338135,43.26265612226712,-9.724573457964292e-06,0.003475277415892246,-0.0034850019893502104,0.24490744252468377,0.2688767368831412,0.22093814816622637
2019-05-07,0.2270521433631203,0.22935792959040377,0.22939039909247705,0.2289609573482539,0.2289609573482539,0.11135042197798134,2019,5,7,1,0.24440888432779545,0.23593191459377852,0.23911321297120502,0.24007933221411265,39.15942100326431,-0.000966119242907626,0.002586998084132272,-0.003553117327039898,0.24440888432779545,0.2692986129734774,0.21951915568211353
2019-05-08,0.2242568327439824,0.2260564332191682,0.2309880808620151,0.2263357097219088,0.2263357097219088,0.08897126112718498,2019,5,8,2,0.24388953855353462,0.23627483689860462,0.23714744324054407,0.23906128610357902,35.59474528185517,-0.001913842863034948,0.001686829894698828,-0.003600672757733776,0.24388953855353462,0.26986436431218996,0.21791471279487928
2019-05-09,0.21996806983042128,0.22250841286574743,0.22592651738041591,0.22503147791953665,0.22503147791953665,0.07754596463334595,2019,5,9,3,0.24322266941018925,0.23658550518215216,0.2352834485757737,0.23802204105290922,35.02650261059618,-0.0027385924771355097,0.0008017454203319605,-0.0035403378974674703,0.24322266941018925,0.2704489695877168,0.2159963692326617
2019-05-10,0.22147476512540654,0.22347749372835604,0.22308809482569436,0.22566516693644034,0.22566516693644034,0.08945193703145654,2019,5,10,4,0.24254624651743284,0.2368828972576746,0.2338037129389532,0.2371067170442819,32.11975438796489,-0.0033030041053287162,-1.920448480017482e-05,-0.0032837996205285413,0.24254624651743284,0.2708451063993393,0.2142473866355264
2019-05-13,0.21432789968086086,0.21534901229815487,0.2161568981000388,0.21485580104737123,0.21485580104737123,0.1399321507473586,2019,5,13,0,0.2411072329195456,0.23682281555657117,0.2308886495710175,0.23545850104451074,23.81235099006379,-0.0045698514734932305,-0.000929333882538786,-0.0036405175909544445,0.2411072329195456,0.2719824617276781,0.21023200411141316
2019-05-14,0.21275843229888014,0.2128702645838169,0.21528668873438783,0.21096991447699448,0.21096991447699448,0.13771364657379762,2019,5,14,1,0.23941977791554278,0.23663935138118347,0.22782422878732167,0.23364453166913918,23.52964562529938,-0.005820302881817507,-0.0019075276823945304,-0.003912775199422977,0.23941977791554278,0.27303162338323483,0.20580793244785073
2019-05-15,0.20636822855610948,0.22305888090993695,0.21430633497638002,0.22564503683941867,0.22564503683941867,0.17956018154759154,2019,5,15,2,0.238364993018303,0.2366539692380467,0.22748896848764427,0.23305197649656728,33.028928107257656,-0.005563008008923009,-0.002638623747700226,-0.0029243842612227833,0.238364993018303,0.2723316559268743,0.20439833010973169
2019-05-16,0.22177872635138113,0.22860640556523584,0.2300022746132554,0.2305971077623773,0.2305971077623773,0.10950166850001386,2019,5,16,3,0.2374034154323895,0.23679559057265578,0.22796714376068014,0.23287013436810874,34.38442672951854,-0.004902990607428603,-0.003091497119645901,-0.0018114934877827022,0.2374034154323895,0.2710913616194979,0.2037154692452811
2019-05-17,0.223087179743242,0.22596613009019448,0.22904028391948777,0.2250046757883588,0.2250046757883588,0.07966278736561874,2019,5,17,4,0.23616171333062766,0.2369229963841196,0.2275113794572461,0.2322875078066458,29.099118024926767,-0.004776128349399722,-0.0034284233655966657,-0.0013477049838030563,0.23616171333062766,0.26975032254945125,0.20257310411180407
2019-05-20,0.21516713849592106,0.21497226801325256,0.2193294862725081,0.21714239767775123,0.21714239767775123,0.09303851877871347,2019,5,20,0,0.23431785142904776,0.23689972808409782,0.22591615149116995,0.23116564779709808,38.92435862793925,-0.005249496305928136,-0.00379263795366296,-0.0014568583522651763,0.23431785142904776,0.2678274953541466,0.20080820750394893
2019-05-21,0.21648550431335234,0.21692064800755353,0.22153800337443907,0.2207566821662602,0.2207566821662602,0.07515182887937807,2019,5,21,1,0.2323913428056817,0.23672451188403948,0.22512238697964537,0.2303946133059249,45.69789835455919,-0.005272226326279522,-0.004088555628186273,-0.0011836706980932494,0.2323913428056817,0.2642462196599924,0.20053646595137098
2019-05-22,0.21591059684683628,0.21883640864996648,0.22424044679259303,0.2213568299622104,0.2213568299622104,0.052476867472106926,2019,5,22,2,0.2306381736296909,0.23644435337099193,0.2245430705154246,0.22972514787305715,47.34518775125726,-0.005182077357632542,-0.004307259974075527,-0.0008748173835570151,0.2306381736296909,0.2607358546268604,0.20054049263252144
2019-05-23,0.2138455081863353,0.21470064664371127,0.2185751797277264,0.2177861383320419,0.2177861383320419,0.07876614192880449,2019,5,23,3,0.22858157811002017,0.23609197635790513,0.22350354248721188,0.2288407767959449,38.76442726371185,-0.005337234308733008,-0.004513254841007023,-0.0008239794677259845,0.22858157811002017,0.25604913286453906,0.20111402335550124
2019-05-24,0.21611213628353376,0.21595058487262656,0.21940324446722942,0.21533859480335577,0.21533859480335577,0.07073330806703579,2019,5,24,4,0.22625625652400885,0.23574275069071982,0.22224739668969554,0.2278406151668642,36.15293375944244,-0.005593218477168677,-0.004729247568239354,-0.0008639709089293228,0.22625625652400885,0.24940107918865828,0.20311143385935942
2019-05-28,0.21169780937113047,0.2165511488050532,0.2198995299035158,0.21556658391019717,0.21556658391019717,0.09412003956332443,2019,5,28,1,0.2236841712634859,0.23540539386821419,0.2212195793390035,0.22693142766637037,39.33585649296468,-0.005711848327366875,-0.004925767720064858,-0.0007860806073020175,0.2236841712634859,0.23718443921349716,0.2101839033134746
2019-05-29,0.20955671223135558,0.2091389614451918,0.21143525866469953,0.20963552776246153,0.20963552776246153,0.1101302446825228,2019,5,29,2,0.2224768355020775,0.23495075690103578,0.21943741755799703,0.22565024989571048,37.36878456471219,-0.006212832337713442,-0.005183180643594574,-0.0010296516941188678,0.2224768355020775,0.236484066745274,0.208469604258881
2019-05-30,0.20559835689519096,0.20717112059261003,0.21276098895971918,0.21013507201223697,0.21013507201223697,0.05593403647590612,2019,5,30,3,0.22163646094869804,0.23440827666977007,0.21800628747403394,0.2245009774598976,38.594237016837695,-0.006494689985863666,-0.005445482512048393,-0.0010492074738152734,0.22163646094869804,0.23650581352843808,0.206767108368958
2019-05-31,0.2008899481409649,0.20271132738506129,0.20870221467188982,0.20533388964463556,0.20533388964463556,0.10732013939601223,2019,5,31,4,0.2206477251662664,0.2336013289404571,0.21605668780797266,0.22308119317728559,35.36678006439388,-0.007024505369312928,-0.0057612870835013,-0.0012632182858116278,0.2206477251662664,0.2370914402990154,0.2042040100335174
2019-06-03,0.18906444426032298,0.18817502874432054,0.18314622055266622,0.18273615923059633,0.18273615923059633,0.4422033443950416,2019,6,3,0,0.2181470538054024,0.23229166576700375,0.21093045264222246,0.2200926721441975,30.236002757552114,-0.009162219501975044,-0.006441473567196049,-0.0027207459347789948,0.2181470538054024,0.24085872265927402,0.19543538495153076
2019-06-04,0.18159707044738388,0.18506010478169108,0.18610023319187974,0.18837553013837627,0.18837553013837627,0.22986476368308667,2019,6,4,1,0.21586146267403916,0.2312694025770762,0.20746046456470765,0.21774325421784038,36.39080152810806,-0.010282789653132729,-0.007209736784383386,-0.003073052868749343,0.21586146267403916,0.24090002867142898,0.19082289667664934
2019-06-05,0.18445184901166045,0.18423605082332348,0.1850124544882738,0.18474446833382852,0.18474446833382852,0.16838446677327812,2019,6,5,2,0.21365063822331792,0.23025833767563175,0.20396569591380317,0.21529889970791358,21.58395474079596,-0.011333203794110402,-0.00803443018632879,-0.003298773607781613,0.21365063822331792,0.24147275048274808,0.18582852596388777
2019-06-06,0.1822876360954554,0.18223853084337713,0.18610362570171157,0.18545525119665446,0.18545525119665446,0.12538246087575453,2019,6,6,3,0.2116066152970552,0.22931768144305195,0.201117935188088,0.21308825907744994,16.673217829565743,-0.01197032388936195,-0.008821608926935422,-0.0031487149624265277,0.2116066152970552,0.2414389198869485,0.18177431070716193
2019-06-07,0.18415118531925895,0.18996157113362974,0.19110058872555036,0.1927307792241198,0.1927307792241198,0.13455227812647322,2019,6,7,4,0.20999158036228432,0.2286003200216037,0.19982760350132364,0.2115802976068329,26.75099227242849,-0.011752694105509248,-0.009407825962650187,-0.0023448681428590613,0.20999158036228432,0.24025792046632524,0.1797252402582434
2019-06-10,0.19153591593607577,0.19712753117073092,0.19923242799392782,0.1975386872703731,0.1975386872703731,0.10328985681404312,2019,6,10,0,0.208585256378981,0.22800949309089738,0.19947546254271586,0.21054017832265068,35.22811907242598,-0.011064715779934814,-0.009739203926107113,-0.001325511853827701,0.208585256378981,0.23839554131550555,0.17877497144245647
2019-06-11,0.19847463366021034,0.20020290054335874,0.20102760278572235,0.19698212562720135,0.19698212562720135,0.10074782078183786,2019,6,11,1,0.2076915726079725,0.22737521398454066,0.19909187224802133,0.20953587812298777,31.21986861157363,-0.010444005874966439,-0.00988016431587898,-0.0005638415590874593,0.2076915726079725,0.23778070919329372,0.17760243602265127
2019-06-12,0.19319462158132505,0.19326108318293359,0.1976068718951099,0.1964155056410808,0.1964155056410808,0.06601898669821873,2019,6,12,2,0.20696385216617683,0.22658798114385245,0.19868012353926123,0.20856399867988357,30.287767481280426,-0.009883875140622334,-0.00988090648082765,-2.9686597946831927e-06,0.20696385216617683,0.2374209048871945,0.17650679944515915
2019-06-13,0.19505813776371,0.19762526635401664,0.20189340664762367,0.20035165710395414,0.20035165710395414,0.0657139423743541,2019,6,13,3,0.20569918317940358,0.22583883535868574,0.198937282549214,0.20795567708166657,36.29990031608203,-0.009018394532452567,-0.009708404091152634,0.0006900095587000672,0.20569918317940358,0.23496744872046366,0.1764309176383435
2019-06-14,0.19597668919990086,0.19713741981823132,0.20190087152897718,0.1992050261244671,0.1992050261244671,0.07068708923008662,2019,6,14,4,0.2041295790975081,0.22503034588656554,0.19897847386848372,0.2073074807144666,37.05755187634459,-0.008329006845982895,-0.009432524642118688,0.0011035177961357927,0.2041295790975081,0.2310485345976998,0.17721062359731637
2019-06-17,0.1959304312139057,0.1992766704865853,0.20397717592810177,0.20160225111616092,0.20160225111616092,0.054981928434752865,2019,6,17,0,0.20295945786389818,0.22420891454573988,0.1993821319065879,0.2068848711145921,39.17449170274827,-0.0075027392080042055,-0.009046567555295792,0.0015438283472915867,0.20295945786389818,0.22802874011863844,0.17789017560915793
2019-06-18,0.20366544051724572,0.20494945793598765,0.20829771056372015,0.20532383800724863,0.20532383800724863,0.09612593708691916,2019,6,18,1,0.20236852988037307,0.22351455387239094,0.2002962405374588,0.20676923903256667,46.538901761957305,-0.006472998495107879,-0.00853185374325821,0.00205885524815033,0.20236852988037307,0.22657239181542205,0.1781646679453241
2019-06-19,0.20231403328124636,0.20185429808349573,0.2064246848098319,0.20489804152797442,0.20489804152797442,0.09169817250718704,2019,6,19,2,0.20157559784845874,0.22283387227723003,0.20100420992061502,0.20663063181000427,45.79112501737985,-0.005626421889389249,-0.007950767372484418,0.0023243454830951683,0.20157559784845874,0.2242326631587415,0.178918532538176
2019-06-20,0.20706870002146766,0.20617895303430375,0.21025230612314505,0.20794570603036283,0.20794570603036283,0.08459895915179191,2019,6,20,3,0.20090504165186637,0.22225833389369481,0.20207213239903776,0.20672804471521602,52.15993189365966,-0.004655912316178262,-0.0072917963612231865,0.002635884045044924,0.20090504165186637,0.2218242627921869,0.17998582051154585
2019-06-21,0.20351676074197333,0.20749414974429012,0.21138766834641676,0.21145273505522688,0.21145273505522688,0.14797422837651714,2019,6,21,4,0.2005883714880256,0.22172001137907046,0.20351530203845147,0.20707802177743906,84.70707398484757,-0.0035627197389875853,-0.006545981036776067,0.0029832612977884814,0.2005883714880256,0.2206038519361886,0.18057289103986263
2019-06-24,0.20694313602262554,0.2067986218337012,0.21238366572190592,0.20932035964450113,0.20932035964450113,0.09694863238461468,2019,6,24,0,0.2002874597300829,0.2211225460761291,0.20440838782399756,0.2072441208787029,77.65875999181776,-0.0028357330547053305,-0.00580393144036192,0.002968198385656589,0.2002874597300829,0.21953548079064708,0.18103943866951874
2019-06-25,0.20464675743214833,0.20427702331352807,0.20313414743280722,0.19954029751720131,0.19954029751720131,0.11093445244543867,2019,6,25,1,0.1994861454104331,0.22024063056637078,0.2036594508537212,0.20667346729636943,66.80888764294019,-0.003014016442648232,-0.005245948440819182,0.00223193199817095,0.1994861454104331,0.21733978733839315,0.18163250348247306
2019-06-26,0.1960031355513227,0.19722971386156854,0.1992045536646479,0.1973442326789232,0.1973442326789232,0.1353379983546094,2019,6,26,2,0.1988715806562562,0.21929313492880823,0.20268787882682918,0.20598241288026228,63.0656175870431,-0.003294534053433107,-0.004855665563341967,0.0015611315099088603,0.1988715806562562,0.21608906594984692,0.1816540953626655
2019-06-27,0.1951771000871223,0.19529484175975306,0.20024134274152222,0.1960735085696948,0.1960735085696948,0.06077777058818092,2019,6,27,3,0.19816850248412907,0.21827979040451784,0.20167028340265467,0.2052484199683684,54.23211719706551,-0.0035781365657137354,-0.004600159763816321,0.001022023198102586,0.19816850248412907,0.21457886596686837,0.18175813900138976
2019-06-28,0.19266264152581253,0.19328414350890452,0.19958866872074182,0.19771639136803199,0.19771639136803199,0.12445808413677079,2019,6,28,4,0.1977876275702989,0.21723754504226556,0.201061992320405,0.20469049192389904,50.24458703176494,-0.0036284996034940398,-0.004405827731751865,0.0007773281282578252,0.1977876275702989,0.21384761680848666,0.18172763833211117
2019-07-01,0.19980290529492833,0.20204550497156368,0.2065004893882394,0.2034295100463132,0.2034295100463132,0.10071084571227851,2019,7,1,0,0.19882229511108473,0.2163093608867199,0.20142622581669858,0.2045970858588927,57.770941741496394,-0.003170860042194107,-0.004158834193840314,0.0009879741516462068,0.19882229511108473,0.213397030702178,0.18424755951999147
2019-07-02,0.2012038482256448,0.20342661281335608,0.20801896727092117,0.20788871545921445,0.20788871545921445,0.059603812129671564,2019,7,2,1,0.19979795437712664,0.21538674248171719,0.20242045499247024,0.20484091027373133,62.64223258854708,-0.0024204552812610858,-0.0038111584113244682,0.0013907031300633825,0.19979795437712664,0.2140367872523424,0.18555912150191087
2019-07-03,0.20621622481412916,0.20836764034772806,0.21335248222703868,0.21135213150905213,0.21135213150905213,0.03884231057209676,2019,7,3,2,0.20112833753588782,0.21442804801922663,0.20379455907194438,0.20532322295782915,62.24893966966022,-0.0015286638858847679,-0.0033546595062365287,0.0018259956203517608,0.20112833753588782,0.2143831590855404,0.18787351598623525
2019-07-05,0.20634508634654442,0.21038492443781195,0.21412751095612403,0.21470825856743503,0.21470825856743503,0.08481156580175817,2019,7,5,4,0.2025909879044269,0.2135938089209348,0.20547358976355834,0.2060184107807629,66.45314545972103,-0.000544821017204572,-0.0027926918084301374,0.0022478707912255654,0.2025909879044269,0.2149922662409249,0.19018970956792888
2019-07-08,0.20878023889500724,0.20811052892028573,0.21245166548811506,0.209598640466087,0.209598640466087,0.08223255469999352,2019,7,8,0,0.2034343809665252,0.21260742075574743,0.20610821294856274,0.20628361297967582,58.02436686957363,-0.00017540003111307656,-0.002269233452966725,0.0020938334218536486,0.2034343809665252,0.21529468927762813,0.19157407265542226
2019-07-09,0.20436260784074717,0.20878459846579875,0.21107834487481264,0.21244179873963864,0.21244179873963864,0.09092169604644068,2019,7,9,1,0.2041795365399885,0.21161935620006855,0.2070826107625744,0.20673977488782122,57.27105380793938,0.00034283587475317234,-0.0017468195874227456,0.002089655462175918,0.2041795365399885,0.2163488428132645,0.1920102302667125
2019-07-10,0.21077925793493962,0.21340755435710415,0.21916869218426444,0.21768888086128813,0.21768888086128813,0.07974598127212726,2019,7,10,2,0.20521487430169283,0.21063296803488119,0.20871434462391497,0.2075508197747447,61.894355014412305,0.001163524849170261,-0.0011647507001041443,0.0023282755492744053,0.20521487430169283,0.21829517887402392,0.19213456972936174
2019-07-11,0.21475412076382083,0.21703997761315683,0.22209549675865398,0.21893947487349485,0.21893947487349485,0.07845185383755002,2019,7,11,3,0.20634107276331354,0.21033611267253846,0.2102874415853888,0.2083944238561336,60.57673698471066,0.0018930177292552086,-0.0005531970142322738,0.0024462147434874825,0.20634107276331354,0.22009276210741738,0.1925893834192097
2019-07-12,0.2149986470860753,0.21515125253301,0.22182354528413561,0.21917081676131922,0.21917081676131922,0.04780876494023905,2019,7,12,4,0.2072820307461818,0.21018067774616836,0.2116541146893781,0.20919267518244364,57.924796719139344,0.0024614395069344486,4.973029000107063e-05,0.002411709216933378,0.2072820307461818,0.22185878767185185,0.19270527382051172
2019-07-15,0.21594692258240994,0.216298329050626,0.22203431600519308,0.22099472291048855,0.22099472291048855,0.05148778436139433,2019,7,15,0,0.2083715155854829,0.21009840009851274,0.2130911313387797,0.2100669009400766,62.06345763820515,0.003024230398703087,0.000644630311741474,0.002379600086961613,0.2083715155854829,0.22364687675902567,0.1930961544119401
2019-07-16,0.21566276638272502,0.21885619912983065,0.22393792193788642,0.2220810440656541,0.2220810440656541,0.08245440511734961,2019,7,16,1,0.2093954552329575,0.20988502925086827,0.2144741948352219,0.21095683746789715,78.39345498554101,0.0035173573673247527,0.00121917572285813,0.0022981816444666227,0.2093954552329575,0.2254840802556573,0.19330683021025769
2019-07-17,0.21730493149383912,0.21878366919663098,0.22419968228567538,0.21965698341497264,0.21965698341497264,0.07609469315314149,2019,7,17,2,0.21011211250334375,0.20959642186385494,0.2152715469244143,0.21160129272323608,77.94574249529569,0.0036702542011782247,0.001709391418522149,0.0019608627826560756,0.21011211250334375,0.2267060698864815,0.19351815512020598
2019-07-18,0.21425522177657869,0.2152385890677336,0.2197669772698646,0.21965028455856872,0.21965028455856872,0.08725192039267524,2019,7,18,3,0.21084972465487345,0.2094102084080612,0.21594519886813038,0.21219751434066814,80.49441499949268,0.0037476845274622417,0.0021170500403101676,0.001630634487152074,0.21084972465487345,0.22777597962074367,0.19392346968900323
2019-07-19,0.21638638005764832,0.2164038013648654,0.2187097787450638,0.2142087143176596,0.2142087143176596,0.12020595113744559,2019,7,19,4,0.2111628750692383,0.20916766849997626,0.21567804739882718,0.21234649211674156,69.42274120811635,0.0033315552820856187,0.002359951088665258,0.0009716041934203605,0.2111628750692383,0.22809465293341513,0.1942310972050615
2019-07-22,0.21151608156900636,0.21248462051616415,0.2168809711954771,0.21688087405551826,0.21688087405551826,0.08825024727077768,2019,7,22,0,0.21143428201925288,0.20900465642269586,0.21586309765370273,0.21268237226035464,67.06365010518041,0.0031807253933480995,0.0025241059496018264,0.000656619443746273,0.21143428201925288,0.22855854914452517,0.1943100148939806
2019-07-23,0.21500195122793214,0.21500621903633735,0.21945083478551225,0.2196100444812112,0.2196100444812112,0.06904169863469556,2019,7,23,1,0.21194876626108833,0.20888355397359126,0.21643955101178097,0.21319553316560327,65.55162415624926,0.003244017846177699,0.002668088328917001,0.000575929517260698,0.21194876626108833,0.22942038556404237,0.19447714695813428
2019-07-24,0.21100393958120217,0.21405031644463093,0.21781576062303776,0.21679369504439927,0.21679369504439927,0.11490002865567892,2019,7,24,2,0.21281143613744824,0.20892231185353186,0.21649403470910686,0.2134620636751437,57.34588842070731,0.00303197103396316,0.002740864869926233,0.000291106164036927,0.21281143613744824,0.22938403423828108,0.1962388380366154
2019-07-25,0.21295997834386127,0.21329217361806943,0.21575239399186913,0.2148859626650939,0.2148859626650939,0.17221138647267079,2019,7,25,3,0.21368852263675678,0.20900063281729384,0.21624663901002794,0.21356753767439926,50.24965619400014,0.002679101335628681,0.0027285121630667227,-4.941082743804186e-05,0.21368852263675678,0.22858660411018167,0.1987904411633319
2019-07-26,0.2414482960414887,0.254115813308031,0.2507924654817733,0.25454601561811213,0.25454601561811213,0.41217958791284975,2019,7,26,4,0.21661214798917766,0.20957865239286771,0.22213885079588705,0.21660298048504467,82.04109501689433,0.005535870310842378,0.0032899837926218542,0.0022458865182205237,0.21661214798917766,0.23833950284627314,0.19488479313208218
2019-07-29,0.2470686545564757,0.24812329292278199,0.2522303593583685,0.250857963242416,0.250857963242416,0.1734962701398582,2019,7,29,0,0.21926922658289683,0.2099838695024685,0.22655717578766071,0.21914038661522034,77.0593185227057,0.0074167891724403745,0.0041153448685855585,0.003301444303854816,0.21926922658289683,0.24404992862115996,0.1944885245446337
2019-07-30,0.24190096347587053,0.24400302313094405,0.2505545138903595,0.24607353807416743,0.24607353807416743,0.10228228616855087,2019,7,30,1,0.22140142798428958,0.21040524674818467,0.2295596930625079,0.22113543487143866,70.12455826306459,0.008424258191069234,0.004977127533082294,0.0034471306579869397,0.22140142798428958,0.24773349371734926,0.1950693622512299
2019-07-31,0.24110467850494877,0.24371625894586382,0.2452733346871192,0.2432370853625817,0.2432370853625817,0.12744382100368826,2019,7,31,2,0.2231688464794579,0.21092714050188127,0.23166390726251923,0.2227725941670789,66.84799979169586,0.008891313095440334,0.005759964645553903,0.003131348449886431,0.2231688464794579,0.2504115033482032,0.19592618961071256
2019-08-01,0.2381408500428303,0.2437525239124637,0.24457851604019093,0.24066550234864986,0.24066550234864986,0.12494800380843216,2019,8,1,3,0.2246345150214378,0.21132531690552908,0.23304876804500085,0.2240979947731212,64.43593585411577,0.008950773271879653,0.006398126370819053,0.0025526469010606,0.2246345150214378,0.2523503881342953,0.1969186419085803
2019-08-02,0.23374963890685718,0.23478351403715927,0.23887447646315768,0.23562963201780307,0.23562963201780307,0.12001183202225899,2019,8,2,4,0.22568058369395624,0.21161077294664093,0.23344582404081657,0.22495219012457912,59.42236350111662,0.008493633916237447,0.006817227879902733,0.0016764060363347148,0.22568058369395624,0.25339826774568236,0.19796289964223013
2019-08-05,0.22360592340647617,0.2243476947083922,0.22228585803178502,0.2216585936618009,0.2216585936618009,0.20804947264307042,2019,8,5,0,0.22628358135374188,0.21168822205323612,0.23163240398250645,0.22470822001622517,49.766718541550986,0.006924183966281278,0.006838619097178442,8.556486910283548e-05,0.22628358135374188,0.2530360841424686,0.19953107856501517
2019-08-06,0.2213822491534161,0.22590350858179023,0.22903688461103894,0.2275695465347627,0.2275695465347627,0.12595557445392444,2019,8,6,1,0.22703996874349813,0.21193284108786425,0.23100734899054587,0.22492017012870943,54.20737300044597,0.006087178861836434,0.006688331050110041,-0.0006011521882736065,0.22703996874349813,0.25298799066904853,0.2010919468179477
2019-08-07,0.21896690823952664,0.2254041186981561,0.22550976896321379,0.2289240700518793,0.2289240700518793,0.10145034710346548,2019,8,7,2,0.22760172820302765,0.2121999908106979,0.23068684453844335,0.22521675530820348,54.861497146759575,0.005470089230239866,0.006444682686136006,-0.0009745934558961396,0.22760172820302765,0.2531812009276622,0.20202225547839311
2019-08-08,0.22783192084132547,0.2341605226522017,0.23346279100995226,0.23925399496594685,0.23925399496594685,0.10364111997485695,2019,8,8,3,0.22861745420765028,0.21279236015476757,0.2320048676811362,0.2262565508384067,62.489133453661424,0.005748316842729501,0.006305409517454705,-0.000557092674725204,0.22861745420765028,0.25436144265165483,0.20287346576364573
2019-08-09,0.2328410197210879,0.23378805026301955,0.23706026554405002,0.2336246689899919,0.2336246689899919,0.06645344376554108,2019,8,9,4,0.22934014681908388,0.2132621520943227,0.2322540678824986,0.22680233736815375,58.110303329120654,0.00545173051434486,0.006134673716832736,-0.0006829432024878755,0.22934014681908388,0.2547772271646019,0.20390306647356585
2019-08-12,0.22663582148916328,0.22755161649852537,0.23164482045570023,0.2291654635770906,0.2291654635770906,0.060657601612113025,2019,8,12,0,0.229748683852414,0.2137387835729718,0.2317788979893589,0.22697738375400092,54.552129263950526,0.00480151423535799,0.005868041820537787,-0.0010665275851797973,0.229748683852414,0.25488205601506264,0.20461531168976538
2019-08-13,0.22407513137499313,0.23408469650316857,0.2329325056905613,0.23672933076909064,0.23672933076909064,0.08759393978609922,2019,8,13,1,0.23048109818758583,0.21481864700374168,0.23254050303239457,0.22769975019956312,59.08618470829037,0.004840752832831446,0.00566258402299652,-0.0008218311901650732,0.23048109818758583,0.25552723876042277,0.20543495761474892
2019-08-14,0.22567761374240708,0.22667482967925393,0.22922044726727248,0.22567186579284432,0.22567186579284432,0.11387397047540695,2019,8,14,2,0.23078184230647944,0.21556457371683102,0.2314837896109253,0.22754953653980617,54.5375071490024,0.003934253071119137,0.005316917832621043,-0.0013826647615019063,0.23078184230647944,0.2554218902117982,0.2061417944011607
2019-08-15,0.2214450146321279,0.22454546106596876,0.22975413189511218,0.22666763503922205,0.22666763503922205,0.08059640787199229,2019,8,15,3,0.2311327098305121,0.21640303705093888,0.23074284275374018,0.22748421050272585,32.616961376172696,0.0032586322510143317,0.004905260716299701,-0.001646628465285369,0.2311327098305121,0.25530067373596427,0.20696474592505992
2019-08-16,0.22674817552886195,0.22681327074425964,0.23305146788903436,0.23013442398672856,0.23013442398672856,0.08934101182277848,2019,8,16,4,0.23192899531396552,0.2172966205067404,0.23064923986650762,0.22768052261265198,37.04247418683087,0.0029687172538556406,0.0045179520238108895,-0.0015492347699552489,0.23192899531396552,0.25476167418451173,0.2090963164434193
2019-08-19,0.23023074104593083,0.23481316679479716,0.23926541053199984,0.2371249723362041,0.2371249723362041,0.08178885386528134,2019,8,19,0,0.2329412002279998,0.2181845043689821,0.23164550640030707,0.22838011148106327,44.55506593046913,0.003265394919243797,0.004267440602897471,-0.0010020456836536736,0.2329412002279998,0.2547363438878196,0.21114605656818
2019-08-20,0.23193567824404054,0.23121041607367745,0.23655274879264893,0.23184097609593224,0.23184097609593224,0.05256930514600531,2019,8,20,1,0.23355274680873586,0.21887055014549325,0.2316755786611725,0.22863647182290542,43.26637110827579,0.0030391068382670805,0.004021773849971393,-0.0009826670117043124,0.23355274680873586,0.254440392914107,0.2126651007033647
2019-08-21,0.23124180845411219,0.23217950352871772,0.23836117408877677,0.23471096332290958,0.23471096332290958,0.036411199748569524,2019,8,21,2,0.23444861022266142,0.2196251268994074,0.23214256091682436,0.22908643415623905,46.49399984396722,0.0030561267605853093,0.0038286444320941764,-0.0007725176715088671,0.23444861022266142,0.2537894292522144,0.2151077911931084
2019-08-22,0.23154577628837053,0.23185383081193914,0.23535280650746748,0.2341342916994021,0.2341342916994021,0.05552731071075328,2019,8,22,3,0.2354110266743768,0.22037950262057385,0.23244898103722095,0.22946034952980668,49.07075620609845,0.002988631507414269,0.003660641847158195,-0.0006720103397439259,0.2354110266743768,0.2524292601879255,0.2183927931608281
2019-08-23,0.22755437292535413,0.23055775215378696,0.22487273855991463,0.2213132438094319,0.2213132438094319,0.12388497055860087,2019,8,23,4,0.2337493880839428,0.2207987343546834,0.23073579069448416,0.22885686021718632,49.7822786984847,0.001878930477297841,0.003304299573186124,-0.001425369095888283,0.2337493880839428,0.24932990976532296,0.21816886640256264
2019-08-26,0.2193832301134837,0.22244576498761645,0.22664376466448916,0.22721414504500675,0.22721414504500675,0.08128044665884027,2019,8,26,0,0.23256719717407232,0.22135891673309419,0.23019399905610302,0.22873517761183967,49.77591337464961,0.0014588214442633474,0.002935203947401569,-0.0014763825031382217,0.23256719717407232,0.24614062063418665,0.21899377371395798
2019-08-27,0.22707198143082852,0.2267077720602936,0.2295297707388766,0.2268620896306719,0.2268620896306719,0.06751647701537239,2019,8,27,1,0.23160662475189758,0.22186411350338442,0.2296813976060367,0.2285964303539754,48.683240855635894,0.0010849672520613085,0.002565156608333517,-0.0014801893562722086,0.23160662475189758,0.2438050084760536,0.21940824102774156
2019-08-28,0.2208535732397604,0.22473663499187838,0.2281190849271053,0.2279282806888157,0.2279282806888157,0.04207762915853986,2019,8,28,2,0.23084118451820929,0.22231620235701574,0.2294116873110796,0.2285469377861858,41.79698143051647,0.0008647495248938208,0.002225075191645578,-0.001360325666751757,0.23084118451820929,0.24182775346724003,0.21985461556917854
2019-08-29,0.22726691919209607,0.23121041607367745,0.23621622405483772,0.2352474216913074,0.2352474216913074,0.06855177896303416,2019,8,29,3,0.23057028048534214,0.22292318996028243,0.23030949260034544,0.2290432699273059,51.14724920643393,0.001266222673039552,0.002033304687924373,-0.0007670820148848209,0.23057028048534214,0.24077633892688283,0.22036422204380146
2019-08-30,0.2330095111309336,0.23201467955218083,0.23712826531025916,0.23365483060771458,0.23365483060771458,0.07237869866242685,2019,8,30,4,0.2304715404148377,0.22343737245182943,0.23082415998609454,0.2293848670147436,53.30796057082982,0.0014392929713509528,0.001914502344609689,-0.0004752093732587363,0.2304715404148377,0.24050831130288133,0.22043476952679406
2019-09-03,0.22591553178094792,0.22818778615438515,0.23012466331464482,0.22704649258473475,0.22704649258473475,0.10474112829424762,2019,9,3,1,0.23074093536098444,0.2237492476024196,0.23024298038588534,0.2292116540940022,42.76336158660681,0.0010313262918831279,0.001737867134064377,-0.0007065408421812491,0.23074093536098444,0.24004414483838726,0.22143772588358163
2019-09-04,0.22580978602496282,0.2270637699627401,0.23277611710606727,0.23141182013011308,0.23141182013011308,0.06674924432201587,2019,9,4,2,0.2309330490407519,0.22419107681213185,0.2304228018849973,0.22937462935593636,54.76666321046056,0.0010481725290609478,0.0015999282130636913,-0.0005517556840027435,0.2309330490407519,0.2401184531630179,0.22174764491848592
2019-09-05,0.23070653086502663,0.23680738396647835,0.2397549041500056,0.2414601114416119,0.2414601114416119,0.09810410330834435,2019,9,5,3,0.23155985111023852,0.22502947309062005,0.23212084950909184,0.23026985025117158,60.67865689858836,0.0018509992579202605,0.001650142422035005,0.00020085683588525545,0.23155985111023852,0.24181646142289456,0.22130324079758248
2019-09-06,0.23619141956388479,0.23646952184354766,0.24349141719827488,0.23929755429647753,0.23929755429647753,0.06704504487849067,2019,9,6,4,0.2315620290767651,0.22586853952297115,0.2332249579379204,0.23093856906934238,56.74179504720453,0.0022863888685780154,0.0017773917113436074,0.000508997157234408,0.2315620290767651,0.241825534867542,0.2212985232859882
2019-09-09,0.23482680236874193,0.23910155018657372,0.2401254355695382,0.23912322980204936,0.23912322980204936,0.10400162690306061,2019,9,9,0,0.23183695711736796,0.22672953394761822,0.23413238437855563,0.23154484023472807,51.634127424211556,0.002587544143827558,0.0019394221978403978,0.0006481219459871603,0.23183695711736796,0.24261479434063543,0.2210591198941005
2019-09-10,0.23190263021718877,0.23580533435310339,0.24079169322687993,0.23965630856721643,0.23965630856721643,0.08442332757138499,2019,9,10,1,0.23236149936687425,0.22756833229160192,0.23498221886911885,0.23214568974083832,56.9296529929442,0.0028365291282805294,0.0021188435839284243,0.0007176855443521051,0.23236149936687425,0.2436030662194892,0.2211199325142593
2019-09-11,0.23463186460747437,0.23995857289570768,0.24338197306345827,0.24440719922007342,0.24440719922007342,0.08875865447721873,2019,9,11,2,0.23274539278942336,0.22838788607507712,0.2364322158461888,0.23305394970226315,58.319891654912766,0.00337826614392564,0.0023707280959278675,0.0010075380479977725,0.23274539278942336,0.24508569365397412,0.2204050919248726
2019-09-12,0.24153420372976558,0.24630707140610816,0.25045933325379405,0.24912793496076963,0.24912793496076963,0.1274807960732476,2019,9,12,3,0.23391819624781962,0.22921267046510824,0.23838540340227815,0.23424461527696733,62.011159199893854,0.004140788125310824,0.0027247401018044588,0.0014160480235063649,0.23391819624781962,0.24779121372071392,0.22004517877492533
2019-09-13,0.2438636303470944,0.24598404225442808,0.25181563692900194,0.25090825495716046,0.25090825495716046,0.08824100350338784,2019,9,13,4,0.23513022724371657,0.2300037929340704,0.24031199594918312,0.23547895895698162,78.80307438009626,0.0048330369922015,0.0031463994798838673,0.0016866375123176331,0.23513022724371657,0.25049182659830876,0.21976862788912435
2019-09-16,0.24325897899558346,0.24554895494927334,0.25133974054479125,0.24813884445411,0.24813884445411,0.06530721660920125,2019,9,16,0,0.23603044826708564,0.23067240465180391,0.24151612648840262,0.2364167282530652,71.68665898581324,0.005099398235337421,0.0035369992309745783,0.001562399004362843,0.23603044826708564,0.25224582176326604,0.2198150747709052
2019-09-17,0.24354973026241455,0.2440458739367792,0.2506870937184784,0.24741800324833518,0.24741800324833518,0.056229837032380915,2019,9,17,1,0.2365450998126922,0.23142879190744886,0.24242410752839225,0.2372316375119741,71.1428220665948,0.005192470016418149,0.003868093388063293,0.0013243766283548564,0.2365450998126922,0.25354131118583867,0.21954888843954573
2019-09-18,0.2425948332657989,0.24424693651018922,0.24825317527192647,0.24851100314321878,0.24851100314321878,0.07286861833408823,2019,9,18,2,0.23737860116505655,0.23215017599552046,0.24336055300759635,0.2380671460772515,71.15872761152256,0.005293406930344857,0.0041531560965196055,0.0011402508338252517,0.23737860116505655,0.25502601205270603,0.21973119027740706
2019-09-19,0.2440982244189273,0.24715750168357517,0.25351871765630246,0.25062326857360867,0.25062326857360867,0.06001053789482442,2019,9,19,3,0.23817421642759146,0.23280886374976684,0.24447789386390595,0.23899722922512978,67.7010693365006,0.005480664638776167,0.0044186578049709175,0.0010620068338052496,0.23817421642759146,0.2567268024446121,0.2196216304105708
2019-09-20,0.24444844363089718,0.24678832551022648,0.25047971550725284,0.24767950675388228,0.24767950675388228,0.17777613444135293,2019,9,20,4,0.2388514771803155,0.23338366438737462,0.24497044969313309,0.23964036089392626,65.65843234124043,0.0053300887992068224,0.004600944003818099,0.0007291447953887238,0.2388514771803155,0.25776846223802186,0.21993449212260913
2019-09-23,0.24209590123713814,0.24539401302780525,0.2508502469267855,0.24905416036802058,0.24905416036802058,0.06614839944167644,2019,9,23,0,0.2402385230082449,0.23398133125950862,0.24559871287388502,0.2403376793734888,77.82297006040011,0.005261033500396223,0.004732961903133723,0.0005280715972624996,0.2402385230082449,0.25775738940590553,0.2227196566105842
2019-09-24,0.24672170644494412,0.24791564451013667,0.24626457982939698,0.24393446380703776,0.24393446380703776,0.11428994000794965,2019,9,24,1,0.2410745389463465,0.23444012607743964,0.24534267455590852,0.240604107850048,65.53530342781403,0.004738566705860536,0.004734082863679085,4.483842181450884e-06,0.2410745389463465,0.257540598670035,0.22460847922265803
2019-09-25,0.23873229143519775,0.24842984758772638,0.24606402742953654,0.25324178381574,0.25324178381574,0.10225455486638135,2019,9,25,2,0.24239352365559985,0.23506334087244138,0.24655792213434413,0.2415402319956548,64.88981536628945,0.005017690138689329,0.0047908043186811345,0.00022688582000819461,0.24239352365559985,0.2582821263387591,0.2265049209724406
2019-09-26,0.24736931824887726,0.2473420897702495,0.2536030069085981,0.2515218071714805,0.2515218071714805,0.11011175714774313,2019,9,26,3,0.2435731999797331,0.23570063734757152,0.24732159675544202,0.24227960793460485,65.62393512243042,0.005041988820837173,0.004841041219112343,0.00020094760172483048,0.2435731999797331,0.2584082660738115,0.2287381338856547
2019-09-27,0.24771625975212513,0.2470190606185694,0.24754611911458263,0.24605678087481458,0.24605678087481458,0.09309398138305247,2019,9,27,4,0.24411366793890849,0.23622876727389644,0.24712700969688395,0.24255939852276853,57.80612308066763,0.004567611174115416,0.004786355210112957,-0.00021874403599754164,0.24411366793890849,0.2584508379689274,0.22977649790888954
2019-09-30,0.24043392449145062,0.24107927309422425,0.2468152813953312,0.24401493725619078,0.24401493725619078,0.09773435261275085,2019,9,30,0,0.24463167327133228,0.23682489173266708,0.2466482293213927,0.2426672162067257,54.74592027345759,0.003981013114666976,0.004625286791023761,-0.0006442736763567856,0.24463167327133228,0.25810007285718467,0.23116327368547987
2019-10-01,0.2397830151539444,0.24280320715999257,0.24385107762938835,0.23935457168987379,0.23935457168987379,0.0856619924016232,2019,10,1,1,0.2452470772265892,0.23727436568535418,0.24552612814731287,0.24242183513140336,44.487547604011866,0.003104293015909504,0.0043210880360009096,-0.0012167950200914057,0.2452470772265892,0.25622719582366454,0.23426695862951388
2019-10-02,0.23250728156869976,0.23151365474549337,0.23287469705108155,0.2298092042313813,0.2298092042313813,0.11723870180530777,2019,10,2,2,0.24516694643165265,0.23747834888035757,0.24310813985255414,0.24148756617584616,30.930638780355608,0.0016205736767079815,0.0037809851641423245,-0.002160411487434343,0.24516694643165265,0.25658677623711657,0.23374711662618874
2019-10-03,0.22689685530413428,0.22890305180538487,0.2298629029668559,0.2335643055211747,0.2335643055211747,0.11780257161608784,2019,10,3,3,0.2447721561356308,0.23781376108989305,0.24163985764772655,0.24090065797920385,33.52232476405693,0.0007391996685227054,0.0031726280650184006,-0.0024334283964956953,0.2447721561356308,0.2572302788178077,0.2323140334534539
2019-10-04,0.23082548658015517,0.23627998284069143,0.23895266735609627,0.2406621562732289,0.2406621562732289,0.07539216683151384,2019,10,4,4,0.24484038623446835,0.2383292849620558,0.24148944205165,0.24088299118616868,43.436558306306395,0.0006064508654813061,0.002659392625110982,-0.002052941759629676,0.24484038623446835,0.2571867100024548,0.2324940624664819
2019-10-07,0.23495896804301403,0.23850953663801913,0.24390885907440052,0.24021957577235403,0.24021957577235403,0.04585833002098335,2019,10,7,0,0.24489520353298358,0.23804275616514062,0.24129407800868138,0.2408338493036639,43.6498070927359,0.0004602287050174958,0.002219559841092285,-0.0017593311360747893,0.24489520353298358,0.2571439975720412,0.23264640949392595
2019-10-08,0.2327088474385321,0.2345132243388147,0.23889827842091593,0.23400018046008364,0.23400018046008364,0.064013089174624,2019,10,8,1,0.24461239712762697,0.23770560050949396,0.2401719399242817,0.24032765161154682,38.26084088477319,-0.00015571168726510876,0.0017445055354208064,-0.0019002172226859151,0.24461239712762697,0.2576088537802925,0.23161594047496145
2019-10-09,0.23329036318876173,0.23526145874058077,0.2418284823037543,0.2384191457956274,0.2384191457956274,0.04815078433366302,2019,10,9,2,0.24431299445640464,0.23755251266392313,0.23990227928910413,0.24018628081036758,40.48217111926738,-0.000284001521263455,0.0013388041240839541,-0.0016228056453474091,0.24431299445640464,0.2576019599852799,0.2310240289275294
2019-10-10,0.23303595748235545,0.23745344226983853,0.24172990915735693,0.24055149438410528,0.24055149438410528,0.046200349414407337,2019,10,10,3,0.24388417242757146,0.2374988008443536,0.24000215853448892,0.24021333366768147,44.369702196970785,-0.00021117513319254821,0.0010288082726286538,-0.001239983405821202,0.24388417242757146,0.2570720563168512,0.23069628853829172
2019-10-11,0.240843638081694,0.24186706208599193,0.24730476821472008,0.2428246865961154,0.2428246865961154,0.0855880422625045,2019,10,11,4,0.24347999400951914,0.23754198452930292,0.24043639362089297,0.24040676721793583,45.14831161948345,2.9626402957144693e-05,0.000828971898694352,-0.0007993454957372073,0.24347999400951914,0.2562503454285681,0.23070964259047017
2019-10-14,0.23758245667731454,0.24118806799402373,0.24663171194048084,0.24339129987667396,0.24339129987667396,0.048132296798883346,2019,10,14,0,0.2432426167806474,0.23769721788648035,0.2408909945833208,0.24062784371117568,49.544676579955706,0.00026315087214512367,0.0007158076933845063,-0.00045265682123938266,0.2432426167806474,0.25582342863794927,0.23066180492334554
2019-10-15,0.24024558840561294,0.2481101146518798,0.24956870764159983,0.2520649643962823,0.2520649643962823,0.09566374871742728,2019,10,15,1,0.2434749648380447,0.23830534530116998,0.24261006686223796,0.24147503783599839,49.0029031308338,0.0011350290262395757,0.0007996519599555203,0.0003353770662840554,0.2434749648380447,0.25654268465765284,0.23040724501843657
2019-10-16,0.2471082778256225,0.2505526039920496,0.25570446619024356,0.2522761761870849,0.2522761761870849,0.0691248925412041,2019,10,16,2,0.24366322349023806,0.23879947789421643,0.24409716060452213,0.2422751221583011,50.655932828149766,0.0018220384462210304,0.0010041292572086223,0.0008179091890124081,0.24366322349023806,0.25713854982429835,0.2301878971561778
2019-10-17,0.250333140102712,0.2533823921002206,0.25961027839649536,0.25543785535958,0.25543785535958,0.05598025531285531,2019,10,17,3,0.24390395282953659,0.23932975360037045,0.24584188287453104,0.24325013943246993,58.49732246080209,0.0025917434420611174,0.0013216520941791215,0.0012700913478819959,0.24390395282953659,0.2580577450302879,0.22975016062878528
2019-10-18,0.25116908138419913,0.25192053356293975,0.25659848431226967,0.2528964607856188,0.2528964607856188,0.09299229994176428,2019,10,18,4,0.24416480053112344,0.23960260291676388,0.24692720255315992,0.2439646817549254,57.972680902671726,0.0029625207982345303,0.0016498258349902034,0.0013126949632443268,0.24416480053112344,0.25879581496752085,0.22953378609472605
2019-10-21,0.25077257775309925,0.2505160094038664,0.256435303909495,0.2531177242138084,0.2531177242138084,0.06289459332045369,2019,10,21,0,0.24436797872341284,0.23999246402124022,0.24787959050095199,0.24464268490002783,63.424681869068095,0.003236905600924156,0.001967241788176994,0.001269663812747162,0.24436797872341284,0.2593924475142866,0.2293435099325391
2019-10-22,0.24931547101910084,0.2491879640445612,0.25670045676711584,0.2519945425845162,0.2519945425845162,0.06258030522919922,2019,10,22,1,0.24477098266228672,0.24044904560138874,0.24851266005226957,0.24518726695073068,75.89419352980529,0.0033253931015388982,0.002238872050849375,0.0010865210506895233,0.24477098266228672,0.2601741125170138,0.22936785280755967
2019-10-23,0.24750148392314936,0.2522501485538552,0.25703358899509515,0.2574696473408169,0.2574696473408169,0.05219955445041181,2019,10,23,2,0.2449823758385406,0.24086385193282325,0.24989065809666147,0.24609707290555186,76.82470333324403,0.0037935851911096163,0.0025498146789014234,0.001243770512208193,0.2449823758385406,0.26097958490574713,0.22898516677133407
2019-10-24,0.2536273497090921,0.25360490644627476,0.2608934969400547,0.2580932578980858,0.2580932578980858,0.0629777872269622,2019,10,24,3,0.24531094837487083,0.2415122797749281,0.2511525965276498,0.2469856792012951,72.88494839770082,0.004166917326354713,0.0028732352083920814,0.0012936821179626318,0.24531094837487083,0.2621228970280292,0.22849899972171245
2019-10-25,0.25036616169642895,0.25545078072058647,0.25963405995840294,0.25948130922503204,0.25948130922503204,0.08007875689816141,2019,10,25,4,0.24598217479238174,0.24216855325864428,0.2524339369426317,0.24791128142527563,74.67575341126594,0.004522655517356089,0.003203119270184883,0.0013195362471712059,0.24598217479238174,0.2639516204718947,0.22801272911286882
2019-10-28,0.25843488271902226,0.26524383796182693,0.2672926950948611,0.26781967552965824,0.26781967552965824,0.20950074412327488,2019,10,28,0,0.2471724117060551,0.24292225828950287,0.2548009736483281,0.24938597728485953,91.09429731467223,0.005414996363468566,0.00364549468884162,0.001769501674626946,0.2471724117060551,0.26758114452393916,0.22676367888817106
2019-10-29,0.2586926190004202,0.2594029303200541,0.26208224190320584,0.25863976790387055,0.25863976790387055,0.14231704273393664,2019,10,29,1,0.24813667151675495,0.2433525542008562,0.25539155737995,0.2500714432566381,72.02222042405936,0.005320114123311903,0.0039804185757356765,0.0013396955475762267,0.24813667151675495,0.2688107767457825,0.22746256628772735
2019-10-30,0.25100717182493215,0.25537166494815156,0.260310508742474,0.2581938346220127,0.2581938346220127,0.09817805344746305,2019,10,30,2,0.24955590303628652,0.2438796113713778,0.255822676955652,0.2506731018762955,69.94694009809548,0.005149575079356483,0.0042142498764598385,0.0009353252028966447,0.24955590303628652,0.26877872165242744,0.23033308442014563
2019-10-31,0.25375291370793435,0.2548146044722951,0.25991721555356845,0.25779821987714713,0.25779821987714713,0.10250413658590696,2019,10,31,3,0.2507675987540851,0.24434135650246258,0.256126606635882,0.2512008883948771,67.68015371664525,0.004925718241004906,0.0043565435493688525,0.0005691746916360535,0.2507675987540851,0.2687620134104938,0.2327731840976764
2019-11-01,0.2549820610869482,0.25710547447655696,0.2631999481183947,0.2623680536513622,0.2623680536513622,0.12232277386971835,2019,11,1,4,0.2518528936229918,0.24490603174150177,0.2570868292536482,0.2520280858212834,70.47166983314224,0.005058743432364787,0.0044969835259680395,0.0005617599063967478,0.2518528936229918,0.2698992569625305,0.2338065302834531
2019-11-04,0.2587652902964187,0.2635363783827942,0.26858953126806623,0.2682789864076381,0.2682789864076381,0.10669156321350329,2019,11,4,0,0.253255864154756,0.24584534659346588,0.2588086995850312,0.2532318562350874,68.59999784615049,0.005576843349943794,0.004712955490763191,0.0008638878591806032,0.253255864154756,0.27184875614782666,0.23466297216168533
2019-11-05,0.26419731933385177,0.26511860153745004,0.27364564905753047,0.2685002967747615,0.2685002967747615,0.08651241900148823,2019,11,5,1,0.25498086997048985,0.24667106962806098,0.2602997145372974,0.25436285183061885,68.60727131109519,0.005936862706678536,0.0049577369339462605,0.0009791257727322757,0.25498086997048985,0.27241738776163144,0.2375443521793483
2019-11-06,0.263063992068685,0.2634045561191821,0.2706784131084513,0.2684231492843435,0.2684231492843435,0.07452325269686913,2019,11,6,2,0.2564810701449257,0.24750229082113442,0.2615494737291506,0.25540435534570954,66.02661590664563,0.006145118383441062,0.005195213223845221,0.0009499051595958409,0.2564810701449257,0.2730597176643529,0.23990242262549855
2019-11-07,0.2646565686188123,0.27329646687326814,0.2746709008815297,0.27414302716908634,0.27414302716908634,0.15559109270574314,2019,11,7,3,0.2581606467841747,0.24842658575073984,0.2634869434891407,0.25679240511040413,74.31506097683575,0.00669453837873657,0.005495078254823491,0.0011994601239130789,0.2581606467841747,0.27475055283216265,0.24157074073618678
2019-11-08,0.2682911444861452,0.27140447853944627,0.27811097383721567,0.2749845483735619,0.2749845483735619,0.08361911980846914,2019,11,8,4,0.2597686398730471,0.24922132828438492,0.26525580577905167,0.25813997127804544,74.67459926640502,0.007115834501006224,0.005819229504060038,0.001296604996946186,0.2597686398730471,0.27633403069441737,0.24320324905167684
2019-11-11,0.2675972548713657,0.2675891021197727,0.27574677520694796,0.27090090136968614,0.27090090136968614,0.06148029690980856,2019,11,11,0,0.2611441199476977,0.24996624969962436,0.26612428202376465,0.2590852253589077,69.99790056032342,0.007039056664856935,0.006063194936219417,0.0009758617286375181,0.2611441199476977,0.27650866487572195,0.24577957501967349
2019-11-12,0.26654655758575396,0.26876749268780664,0.2751892818227331,0.2707701362057887,0.2707701362057887,0.06832068477828823,2019,11,12,1,0.26207937853817304,0.2508407225720454,0.26683902882099914,0.25995077431052854,65.861665871518,0.006888254510470593,0.006228206851069652,0.0006600476594009405,0.26207937853817304,0.27739406942027534,0.24676468765607076
2019-11-13,0.2645871948563868,0.2668886232930019,0.27442104491192837,0.2705019137271517,0.2705019137271517,0.044360839703829695,2019,11,13,2,0.26299066541517635,0.2516225244439862,0.26740254957579185,0.2607323401932414,64.92460682313093,0.006670209382550474,0.006316607357365817,0.00035360202518465705,0.26299066541517635,0.27801549603579895,0.24796583479455375
2019-11-14,0.26572052212155356,0.2710748305863725,0.2751485105171985,0.2750147301079705,0.2750147301079705,0.07826697848975328,2019,11,14,3,0.26396950915259587,0.2522936168173134,0.26857365427305013,0.26179029500173984,67.37678636368544,0.006783359271310296,0.006409957740154713,0.0003734015311555837,0.26396950915259587,0.2794659385060225,0.24847307979916924
2019-11-15,0.2728045956542526,0.27696849745877583,0.28148139496278646,0.28286360380020825,0.28286360380020825,0.13272201218328541,2019,11,15,4,0.2654678663033253,0.25316493780738797,0.27077210804645907,0.26335128083866344,67.01555313327363,0.007420827207795633,0.006612131633682897,0.0008086955741127356,0.2654678663033253,0.2822019142437558,0.24873381836289482
2019-11-18,0.27719250264836887,0.2771824086815047,0.2825759926791405,0.2781127399695991,0.2781127399695991,0.1054344108484854,2019,11,18,0,0.26671761709111486,0.253944728010739,0.27190143603463446,0.26444472225576976,74.47745657236733,0.007456713778864699,0.006781048062719257,0.0006756657161454413,0.26671761709111486,0.28330082985848987,0.25013440432373985
2019-11-19,0.2756990437456619,0.27460180789791244,0.2809783109096025,0.27635587602896516,0.27635587602896516,0.08526451040386018,2019,11,19,1,0.2679356837633373,0.25467871935997394,0.2725867344953007,0.2653270299426731,72.10123747163207,0.007259704552627588,0.0068767793607009235,0.00038292519192666477,0.2679356837633373,0.28351378834424307,0.25235757918243157
2019-11-20,0.27042560690907164,0.27041560060454184,0.2736188353124866,0.27219502789017563,0.27219502789017563,0.08890655475545614,2019,11,20,2,0.26867195279080525,0.255234475933376,0.27252647194066604,0.26583577053137697,66.04869215935466,0.006690701409289068,0.006839563770418553,-0.00014886236112948443,0.26867195279080525,0.2835431869693118,0.2538007186122987
2019-11-21,0.2670355507557095,0.26962121918110715,0.27424770057689185,0.2716250618286341,0.2716250618286341,0.05996431905787523,2019,11,21,3,0.2693485429873327,0.2556844184707333,0.2723877934618919,0.2662646069237664,61.32947328872884,0.006123186538125491,0.00669628832395994,-0.0005731017858344491,0.2693485429873327,0.2834020962741989,0.2552949897004665
2019-11-22,0.26840347209270904,0.2683488798693876,0.2737072173321546,0.26961004716343595,0.26961004716343595,0.09603349941302078,2019,11,22,4,0.2698549798842529,0.2560584543148588,0.27196044787751406,0.26651241731189007,51.80078762515869,0.005448030565623985,0.006446636772292749,-0.0009986062066687645,0.2698549798842529,0.2831191994688126,0.2565907602996932
2019-11-25,0.26627561795349625,0.269199283777128,0.27599154581111,0.27341548710690755,0.27341548710690755,0.06372653238553905,2019,11,25,0,0.2701347704631153,0.25656398716791473,0.2721843000666515,0.2670237558152247,56.061869604495904,0.005160544251426813,0.0061894182681195625,-0.0010288740166927495,0.2701347704631153,0.28345418105657527,0.2568153598696553
2019-11-26,0.26980441502342556,0.270349663103009,0.27835745769283593,0.2757154613334096,0.2757154613334096,0.06682319446113458,2019,11,26,1,0.27098855513459225,0.2571299363296162,0.27272755564615275,0.2676675858536087,58.52608923627707,0.005059969792544028,0.005963528573004456,-0.0009035587804604277,0.27098855513459225,0.2833609512314587,0.2586161590377258
2019-11-27,0.27150277037095644,0.27152312253215616,0.2799007301313429,0.27552770559836365,0.27552770559836365,0.059973562825265066,2019,11,27,2,0.2718552486834098,0.25767027037871915,0.2731583479464929,0.2682498169458128,51.85949873669307,0.004908531000680116,0.005752529058539587,-0.000843998057859471,0.2718552486834098,0.28279996852912676,0.2609105288376929
2019-11-29,0.26889912641264785,0.268835038742666,0.2779767419451908,0.2728354425857312,0.2728354425857312,0.02220352927038944,2019,11,29,4,0.27260710981883907,0.2581145138589616,0.27310867019868346,0.2685894929191401,47.25060959164056,0.004519177279543374,0.005505858702740345,-0.000986681423196971,0.27260710981883907,0.28132542154902745,0.2638887980886507
2019-12-02,0.2668769915962853,0.26739294431552285,0.27016853723698675,0.2677928666929185,0.2677928666929185,0.10760669618509719,2019,12,2,0,0.27287835047091685,0.2585167810577423,0.2722908542747196,0.26853048356904957,46.119055238577545,0.0037603707056700353,0.0051567611033262835,-0.0013963903976562482,0.27287835047091685,0.2805273585678149,0.2652293423740188
2019-12-03,0.25979619577230817,0.26496398923756526,0.26948866194999926,0.2695899438886621,0.2695899438886621,0.0736728260970041,2019,12,3,1,0.27294389834496807,0.2589274967281552,0.27187532959994154,0.2686089621112431,48.5851915612779,0.003266367488698463,0.00477868238040072,-0.001512314891702257,0.27294389834496807,0.2804480492061948,0.26543974748374133
2019-12-04,0.2688627742439394,0.27397552029712147,0.27828266610834607,0.2780590686516239,0.2780590686516239,0.11006553831079394,2019,12,4,2,0.27342183693881117,0.2596099888250469,0.2728266740694311,0.26930897000312315,57.57086462786347,0.0035177040663079695,0.0045264867175821705,-0.001008782651274201,0.27342183693881117,0.28095190574488393,0.2658917681327384
2019-12-05,0.275798168001366,0.2751483270755335,0.2822156591849542,0.2806038428288159,0.2806038428288159,0.08004178182860205,2019,12,5,3,0.2740308716160348,0.2601572300053084,0.2740231615708749,0.2701456272494708,55.82910693055464,0.0038775343214041413,0.004396696238346565,-0.0005191619169424237,0.2740308716160348,0.2818243920372542,0.2662373511948154
2019-12-06,0.27759558813004753,0.27997460674431074,0.2879944699506266,0.2847914394542874,0.2847914394542874,0.08947966833362606,2019,12,6,4,0.27456329223029485,0.2608226226509645,0.27567981970678457,0.27123050222760536,52.17686273357712,0.0044493174791792045,0.004407220486513094,4.2096992666110916e-05,0.27456329223029485,0.2837240537450048,0.2654025307155849
2019-12-09,0.2791155132090274,0.2850673063540441,0.28949017246670156,0.2857771771799641,0.2857771771799641,0.09313095645261182,2019,12,9,0,0.27510292367061495,0.2616170305770675,0.27723325931804293,0.27230803370555784,59.458762088917226,0.004925225612485096,0.004510821511707494,0.0004144041007776017,0.27510292367061495,0.2855494550704136,0.2646563922708163
2019-12-10,0.2802587264666296,0.2819441088896726,0.28887832414039083,0.28614598979365186,0.28614598979365186,0.06907867370425491,2019,12,10,1,0.2758651780918132,0.2624596516278167,0.2786044486219828,0.2733330674898611,62.510700512304886,0.005271381132121722,0.00466293343579034,0.0006084476963313821,0.2758651780918132,0.2872071288085638,0.2645232273750626
2019-12-11,0.2833448147857335,0.282347888736841,0.29113204524607356,0.28626666979235255,0.28626666979235255,0.04655161257522116,2019,12,11,2,0.2766400047711414,0.2633978935898663,0.27978325187896275,0.27429111210486046,70.05261929738627,0.005492139774102289,0.004828774703452729,0.00066336507064956,0.2766400047711414,0.2886159782523445,0.2646640312899384
2019-12-12,0.28172576545104955,0.283855920665517,0.2903944157085415,0.28802685969172176,0.28802685969172176,0.08635527495586101,2019,12,12,3,0.27751625206937,0.26456224669907313,0.28105149923477185,0.2753085748890724,72.60632138069047,0.005742924345699452,0.005011604631902074,0.0007313197137973773,0.27751625206937,0.2901478068402958,0.26488469729844416
2019-12-13,0.28238991118083406,0.28297186239411687,0.29153994866269195,0.28720882136525083,0.28720882136525083,0.11118403416496428,2019,12,13,4,0.27812595663223394,0.26563513701595465,0.2819987795625378,0.27619007462804857,75.08374296853441,0.005808704934489262,0.005171024692419512,0.0006376802420697495,0.27812595663223394,0.2914094670276894,0.2648424462367785
2019-12-16,0.28521493925183206,0.2867912074576541,0.2945313536948419,0.291681431196522,0.291681431196522,0.0971057764302419,2019,12,16,0,0.27856684800204967,0.2666555225144205,0.28348841827545845,0.2773375825220096,75.54876880963144,0.00615083575344888,0.005366986904625386,0.0007838488488234943,0.27856684800204967,0.29304414940804097,0.2640895465960584
2019-12-17,0.2873263123314632,0.28689667977189337,0.294073453249559,0.28965296517402017,0.28965296517402017,0.13932206209962933,2019,12,17,1,0.2791438592622707,0.26764419030245384,0.2844368101060064,0.27824983308882517,69.64373236576044,0.006186977017181239,0.005530984927136556,0.0006559920900446829,0.2791438592622707,0.29444160698749383,0.26384611153704757
2019-12-18,0.2852480137118186,0.2854034874068997,0.2939636963783652,0.2888147699282797,0.2888147699282797,0.10868821696970818,2019,12,18,2,0.2797668039572364,0.2687404820918177,0.28511034238635613,0.27903242100285885,68.38981945021145,0.006077921383497276,0.0056403722184087,0.0004375491650885754,0.2797668039572364,0.2955921175681489,0.2639414903463239
2019-12-19,0.2836686405125512,0.2846222842543672,0.29327870853147076,0.2899614545522625,0.2899614545522625,0.10381675155526388,2019,12,19,3,0.28065512529034076,0.2697713282669505,0.2858566673349571,0.27984197904355546,74.7624828945992,0.006014688291401671,0.005715235433007295,0.00029945285839437594,0.28065512529034076,0.29668410843979276,0.26462614214088875
2019-12-20,0.28747831607344343,0.2864483878261098,0.2932837938969101,0.28779889740712816,0.28779889740712816,0.2743735036651538,2019,12,20,4,0.2814638170692655,0.2707162763274109,0.286155471961445,0.2804313804038201,81.55471179270208,0.005724091557624877,0.0057170066579308116,7.084899694065859e-06,0.2814638170692655,0.2972039515894816,0.2657236825490494
2019-12-23,0.28500681796455585,0.28518263435362545,0.29243738648901757,0.287547445538968,0.287547445538968,0.049574324511697986,2019,12,23,0,0.28236068698804206,0.27161073150626797,0.2863696217426024,0.28095849633975695,79.77541032345766,0.00541112540284544,0.005655830406913738,-0.00024470500406829736,0.28236068698804206,0.29727964261853396,0.26744173135755017
2019-12-24,0.2825716654160931,0.2820380576333582,0.2911694444376269,0.2857771771799641,0.2857771771799641,6.470637172886762e-05,2019,12,24,1,0.2829787714916949,0.27245844905233374,0.28627847642527343,0.2813154356612537,66.45226802393691,0.0049630407640197105,0.005517272478334933,-0.0005542317143152221,0.2829787714916949,0.29735160852982256,0.2686059344535673
2019-12-26,0.28180179375517456,0.2856859994735548,0.2917439479613194,0.2914232335330241,0.2914232335330241,0.02964476201920855,2019,12,26,3,0.28376416010167566,0.27324561443506856,0.28706997751877356,0.282064161429533,70.36986538298856,0.005005816089240556,0.005414981200516058,-0.00040916511127550223,0.28376416010167566,0.2981824538238518,0.26934586637949953
2019-12-27,0.28735933392518,0.28674176422015196,0.2933891928546727,0.2885700236220855,0.2885700236220855,0.06392989526811546,2019,12,27,4,0.28441627600286173,0.2739714913837686,0.28730075384236003,0.28254607714749985,57.490366869794975,0.004754676694860183,0.005282920299384883,-0.0005282436045247006,0.28441627600286173,0.2984404371786407,0.27039211482708275
2019-12-30,0.28306726686976214,0.2829412339565923,0.28819162304203827,0.28328940027948246,0.28328940027948246,0.06508536619184516,2019,12,30,0,0.2849389738875493,0.2745285222821666,0.28668362252499424,0.2826011381202393,45.78597790001538,0.004082484404754949,0.005042833120458896,-0.0009603487157039473,0.2849389738875493,0.297883439024088,0.2719945087510106
2019-12-31,0.27649533532486736,0.27799691020638684,0.28651407112118793,0.2835844383004212,0.2835844383004212,0.05684916944750002,2019,12,31,1,0.2857285524679244,0.2751422818324627,0.286206824951983,0.28267397517062315,45.65014010501517,0.0035328497813598703,0.004740836452639091,-0.0012079866712792209,0.2857285524679244,0.2958985101035331,0.2755585948323157
2020-01-02,0.2802752603924811,0.2879316783587398,0.2907513226998115,0.2937601419948344,0.2937601419948344,0.0979654467974968,2020,1,2,3,0.286937062373233,0.27595513018808326,0.2873688737278063,0.2834951727131573,59.48562574601093,0.0038737010146490114,0.004567409365041075,-0.0006937083503920638,0.286937062373233,0.2944221352604417,0.27945198948602434
2020-01-03,0.2823601672958392,0.28936884164699617,0.29210900649424953,0.29151040583858107,0.29151040583858107,0.07761067100507482,2020,1,3,4,0.2876096292325809,0.2767454474531645,0.2880060325140793,0.28408889368541085,54.35566981353063,0.003917138828668454,0.004437355257766551,-0.0005202164290980969,0.2876096292325809,0.2940850853380803,0.28113417312708144
2020-01-06,0.28306726686976214,0.29727973987002987,0.29362374513763767,0.30275902626979007,0.30275902626979007,0.1280723971861972,2020,1,6,0,0.28871738840462957,0.277651235031744,0.2902757238611117,0.28547186646943895,65.4209095207284,0.004803857391672772,0.004510655684547795,0.0002932017071249774,0.28871738840462957,0.29736310965509266,0.2800716671541665
2020-01-07,0.2989073427561203,0.29941899053838383,0.3073501322579136,0.30246731420758644,0.30246731420758644,0.10684870725913054,2020,1,7,1,0.2896011821422945,0.278538716157934,0.29215135314518476,0.28673078852411654,61.66335872083855,0.0054205646210682135,0.004692637471851879,0.0007279271492163343,0.2896011821422945,0.29999430651655773,0.2792080577680313
2020-01-08,0.2969710693700485,0.3022504663090615,0.30750652084240765,0.30614868784356447,0.30614868784356447,0.10918738040875939,2020,1,8,2,0.29061975767547454,0.27947206373030464,0.29430478925262776,0.28816915143666827,67.2220700709715,0.006135637815959494,0.004981237540673402,0.0011544002752860915,0.29061975767547454,0.3031981679287666,0.2780413474221825
2020-01-09,0.3063846157780624,0.3074419996543456,0.31411134996389695,0.31134883773701444,0.31134883773701444,0.10668231944611345,2020,1,9,3,0.2918799000726427,0.28034264697445177,0.296926950557918,0.2898861652366939,71.56238667007841,0.007040785321224097,0.005393147096783541,0.0016476382244405554,0.2918799000726427,0.30729997519902186,0.27645982494626353
2020-01-10,0.3086941778945482,0.30994680065863145,0.31685803878082003,0.3146681110268326,0.3146681110268326,0.13624388755881348,2020,1,10,4,0.29329997213436665,0.28146321383691103,0.29965635986082795,0.2917218649248523,72.69757008922052,0.007934494935975644,0.005901416664621962,0.0020330782713536824,0.29329997213436665,0.31152032522120726,0.27507961904752604
2020-01-13,0.31152586050724584,0.3117897083386929,0.3194653083610253,0.31785323954952244,0.31785323954952244,0.12067738327432728,2020,1,13,0,0.2947912911272567,0.2826564019354612,0.30245587981293476,0.29365752230445746,77.10120730322177,0.008798357508477295,0.00648080483339303,0.002317552675084265,0.2947912911272567,0.3158550419580822,0.2737275402964312
2020-01-14,0.31247743353715357,0.3122115910032188,0.32026414584648594,0.3150536473120634,0.3150536473120634,0.11204370453221915,2020,1,14,1,0.29618353242459733,0.2838015104841595,0.30439399788972377,0.29524242045316906,73.713679666533,0.009151577436554703,0.007014959354025365,0.0021366180825293382,0.29618353242459733,0.3187634028704407,0.27360366197875396
2020-01-15,0.30956977548660064,0.3120781074468266,0.3208895846079748,0.3178431610898877,0.3178431610898877,0.08651241900148823,2020,1,15,2,0.2974916189192657,0.28491101263293006,0.30646309992051823,0.2969165493892223,77.16731894014006,0.009546550531295939,0.007521277589479481,0.002025272941816458,0.2974916189192657,0.32192817006845226,0.2730550677700791
2020-01-16,0.3152628383390047,0.3155704810845468,0.32453024395660574,0.32203413731859004,0.32203413731859004,0.07643671254656548,2020,1,16,3,0.2991106775264941,0.28598611565114906,0.3088586441356062,0.29877711145806435,76.59012984132367,0.01008153267754186,0.008033328607091958,0.0020482040704499025,0.2991106775264941,0.32556780313592576,0.2726535519170625
2020-01-17,0.32037433257490944,0.3252300283996682,0.3304110815660594,0.3316532793698317,0.3316532793698317,0.18944176888732772,2020,1,17,4,0.3012526029985717,0.2872491753030505,0.31236551109471783,0.3012123831552323,83.48790928069668,0.01115312793948553,0.008657288473570671,0.0024958394659148585,0.3012526029985717,0.33093925046876316,0.27156595552838025
2020-01-21,0.3257303531330686,0.3287091710270328,0.3348233499394762,0.3329977445439994,0.3329977445439994,0.15621042512086225,2020,1,21,1,0.3034044174981586,0.2885406672082436,0.31553970085614574,0.30356685436921504,91.15581577655834,0.0119728464869307,0.009320400076242678,0.002652446410688021,0.3034044174981586,0.33576364719519786,0.27104518780111936
2020-01-22,0.3296556868755164,0.33245498410775676,0.33949060043963525,0.33351742559635844,0.33351742559635844,0.11684121980754478,2020,1,22,2,0.30569034390762007,0.28972815517678907,0.3183055046623323,0.3057854152008553,91.18859284689972,0.012520089461477035,0.00996033795328955,0.002559751508187486,0.30569034390762007,0.3398188027983081,0.271561885016932
2020-01-23,0.3285455018199147,0.32991889542277975,0.33852863014171825,0.33375209344291795,0.33375209344291795,0.09284439966352687,2020,1,23,3,0.30800057630281763,0.29090350607817617,0.3206819029362686,0.30785702099656365,89.46000504167318,0.012824881939704935,0.010533246750572626,0.002291635189132309,0.30800057630281763,0.34319664114288256,0.2728045114627527
2020-01-24,0.33051141996672573,0.32991064829076433,0.33280075461384223,0.32706668839626374,0.32706668839626374,0.13290688753108218,2020,1,24,4,0.3100650518636326,0.2920268218187077,0.3216641776224217,0.3092799593224674,82.25954936335147,0.012384218299954342,0.01090344106044897,0.0014807772395053712,0.3100650518636326,0.34461027814984274,0.27551982557742244
2020-01-27,0.3098308357347066,0.310982148644356,0.3178268076956345,0.3160661938744798,0.3160661938744798,0.13018921991846996,2020,1,27,0,0.31129719988070537,0.29293274297208155,0.32080294935350756,0.3097826433633572,62.12794886220775,0.011020305990150359,0.010926814046389248,9.34919437611103e-05,0.31129719988070537,0.344784519306609,0.2778098804548017
2020-01-28,0.3137957993545848,0.3168922636337683,0.3216578215187796,0.32232246977756285,0.32232246977756285,0.11375380149933909,2020,1,28,1,0.31298482218847923,0.29396915409308977,0.32103672172643916,0.31071151939403907,66.32123609772599,0.010325202332400085,0.010806491703591416,-0.00048128937119133047,0.31298482218847923,0.34502007686570096,0.2809495675112575
2020-01-29,0.3190163434883314,0.32000057538743587,0.3265086414737889,0.32435764136203055,0.32435764136203055,0.06756269585232158,2020,1,29,2,0.31503823424260663,0.294956012318171,0.32154763243960705,0.3117223432435199,65.38439748456182,0.009825289196087161,0.010610251202090566,-0.0007849620060034045,0.31503823424260663,0.3441944965037184,0.28588197198149484
2020-01-30,0.3127913336218334,0.31731414629829424,0.3229937701349962,0.3234221953510983,0.3234221953510983,0.09175363511152604,2020,1,30,3,0.3170301220951405,0.29576718414918873,0.3218360267336826,0.3125889989551924,60.99272178232998,0.009247027778490235,0.0103376065173705,-0.0010905787388802643,0.3170301220951405,0.3423263186816824,0.29173392550859856
2020-01-31,0.3223535135471336,0.32154979682916696,0.3203185007885817,0.3161768490580415,0.3161768490580415,0.19138296003919358,2020,1,31,4,0.31815095744830085,0.29652846633095764,0.3209653840143532,0.31285476562947745,51.282039886039854,0.008110618384875756,0.009892208890871551,-0.0017815905059957952,0.31815095744830085,0.34097118892237005,0.29533072597423166
2020-02-03,0.32007364244937303,0.3280993776902724,0.3306728147193808,0.3335140459931277,0.3335140459931277,0.2486573427866261,2020,2,3,0,0.3202511394560282,0.29767162973024086,0.3228959473957031,0.3143850826934515,60.72755336756789,0.008510864702251597,0.009615940053147561,-0.0011050753508959638,0.3202511394560282,0.3403126988841716,0.30018958002788476
2020-02-04,0.31844471373053723,0.3213421220467949,0.31956048219897404,0.32048180642904067,0.32048180642904067,0.3314999861343489,2020,2,4,1,0.3211372784639907,0.2986373653010182,0.32252454109313966,0.3148366918590507,53.26109489987945,0.007687849234088939,0.009230321889335837,-0.001542472655246898,0.3211372784639907,0.3394336032515485,0.30284095367643293
2020-02-05,0.3202124428404936,0.3194764836623458,0.32100857400091554,0.32087072231750235,0.32087072231750235,0.15154232258899436,2020,2,5,2,0.3220574488694865,0.29962227851079554,0.3222701074353493,0.3152836570781953,51.87290154137934,0.006986450357154006,0.008781547582899472,-0.0017950972257454664,0.3220574488694865,0.3381143073406025,0.3060005903983705
2020-02-06,0.3162177353356204,0.3254623918386329,0.32747065936202413,0.3302585224809196,0.3302585224809196,0.12318244423697322,2020,2,6,3,0.32326294060135424,0.30083524801714523,0.323499094365437,0.31639290636728595,54.780382604596106,0.007106187998151048,0.008446475665949787,-0.001340287667798739,0.32326294060135424,0.33784311869935774,0.30868276250335075
2020-02-07,0.3218248376334779,0.32672815190354876,0.33317467854320676,0.33126436348137,0.33126436348137,0.07630729980310774,2020,2,7,4,0.32425871688857205,0.30199222554463445,0.3246937511525036,0.31749449578314404,49.74879138419282,0.0071992553693595585,0.008197031606631742,-0.0009977762372721834,0.32425871688857205,0.3381151847400406,0.3104022490371035
2020-02-10,0.3241443782583712,0.33452698538067627,0.3358839681685765,0.341138276653945,0.341138276653945,0.09919486786034518,2020,2,10,0,0.3255822251699277,0.30330068185104514,0.32722367815272535,0.3192458869587589,54.736260266181624,0.007977791193966466,0.008153183524098688,-0.00017539233013222182,0.3255822251699277,0.34059039427826027,0.3105740560615951
2020-02-11,0.3365315862546695,0.34116227444588365,0.34652988837534476,0.34117516395031944,0.34117516395031944,0.0922343110157976,2020,2,11,1,0.3267483213899675,0.30461363101808425,0.32937006058312446,0.32087027784702266,54.48053623402655,0.008499782736101802,0.00822250336649931,0.00027727936960249104,0.3267483213899675,0.3428147710886819,0.3106818716912531
2020-02-12,0.3374137855221518,0.3382171253759729,0.3473702246183478,0.34435359361660545,0.34435359361660545,0.0758728427357854,2020,2,12,2,0.3282133187051946,0.3060439940387018,0.33167521951135226,0.3226097827188436,55.996366833596404,0.009065436792508652,0.008391090051701178,0.0006743467408074737,0.3282133187051946,0.34511163499528363,0.31131500241510557
2020-02-13,0.3368223441297843,0.3403547147515469,0.3461770741514471,0.34314326650400406,0.34314326650400406,0.053863432580582536,2020,2,13,3,0.3294783239759004,0.3075510020349235,0.33343953443329866,0.3241307815177444,59.69352831073447,0.009308752915554275,0.008574622624471798,0.0007341302910824771,0.3294783239759004,0.3468881554358306,0.31206849251597013
2020-02-14,0.3377838494101136,0.33823196493965524,0.34710844387470824,0.3451817640472068,0.3451817640472068,0.0786644604875163,2020,2,14,4,0.3306357053123313,0.30906283843809434,0.33524603129697683,0.3256901135569638,69.68271324972065,0.00955591774001302,0.008770881647580043,0.0007850360924329773,0.3306357053123313,0.3490126192241191,0.31225879140054347
2020-02-18,0.3375856075069891,0.3418215044277144,0.3488931080047792,0.3448229829542201,0.3448229829542201,0.07153751582995166,2020,2,18,1,0.3312941904915507,0.3103981167241463,0.33671940847501425,0.3271073631419458,66.5287456832167,0.009612045333068475,0.00893911438467773,0.0006729309483907448,0.3312941904915507,0.3507374868260961,0.31185089415700523
2020-02-19,0.34091289157335586,0.34197843067111433,0.35188789194952713,0.3471766687320691,0.3471766687320691,0.05569369852377035,2020,2,19,2,0.33200313670095416,0.3117295732422114,0.33832821774533034,0.3285939783708438,66.68464731999353,0.00973423937448653,0.009098139382639491,0.0006360999918470396,0.33200313670095416,0.35270145772501127,0.31130481567689705
2020-02-20,0.3398984935901829,0.3411655904390122,0.3469317206270736,0.3443133803614957,0.3443133803614957,0.06930976788900084,2020,2,20,3,0.332542934439211,0.3129200120603555,0.3392490119939712,0.32975837851829953,64.85623905094813,0.00949063347567164,0.009176638201245922,0.00031399527442571747,0.332542934439211,0.35395822036664104,0.311127648511781
2020-02-21,0.3352826008079473,0.3354219079794635,0.3379643449392227,0.33323579199378967,0.33323579199378967,0.12801693458185817,2020,2,21,4,0.3325171193667546,0.313869184356632,0.33832390122471245,0.33001596470166916,61.5040211182076,0.008307936523043291,0.009002897865605396,-0.0006949613425621046,0.3325171193667546,0.3539275123013474,0.3111067264321618
2020-02-24,0.3082150641087446,0.3106195649026743,0.3144921268990941,0.31193890707332983,0.31193890707332983,0.23297066952607204,2020,2,24,0,0.33176073030060793,0.3143850427022256,0.33426467135526894,0.32867692339586624,36.188035774522334,0.0055877479594027,0.008319867884364857,-0.002732119924962157,0.33176073030060793,0.3549747756484541,0.3085466849527618
2020-02-25,0.3104916574977832,0.311005189193032,0.3046375249074978,0.30082781101248,0.30082781101248,0.19703090191438422,2020,2,25,1,0.33099881115750796,0.31467626552662814,0.32912053899483984,0.3266140261822821,37.100619689786264,0.0025065128125577596,0.0071571968700034376,-0.004650684057445678,0.33099881115750796,0.357191028314714,0.3048065940003019
2020-02-26,0.2983125707887612,0.30360852041731456,0.30348171924321515,0.30241364959517314,0.30241364959517314,0.17152734768582284,2020,2,26,2,0.33000337014838843,0.3149640013246972,0.3250117867795065,0.3248214056943481,38.07356884663319,0.00019038108515839758,0.0057638337130344304,-0.005573452627876033,0.33000337014838843,0.3589522093902732,0.30105453090650364
2020-02-27,0.2870520421242138,0.28910644308935685,0.28246380190309733,0.27723765742748413,0.27723765742748413,0.2432497388635712,2020,2,27,3,0.32764737095166113,0.3147645780459418,0.3176619207253492,0.32129668360050634,21.545270345550605,-0.003634762875157127,0.0038841143953961188,-0.007518877270553246,0.32764737095166113,0.3649850876946842,0.2903096542086381
2020-02-28,0.2591122384079503,0.27903190220080154,0.2667692015937508,0.2843589374130473,0.2843589374130473,0.31819820486037287,2020,2,28,4,0.32569420805475857,0.31461812817027235,0.3125383848311489,0.31856055425328716,26.3777953127217,-0.00602216942213829,0.001902857631889237,-0.007925027054027527,0.32569420805475857,0.36775115853697016,0.283637257572547
2020-03-02,0.2835992204921398,0.2954240099103761,0.285742462096402,0.30104907444066964,0.30104907444066964,0.1927048187759403,2020,3,2,0,0.32493781932389,0.31484605035560537,0.31077079861722895,0.3172634076005007,31.10759277266901,-0.006492608983271753,0.00022376430885703933,-0.006716373292128792,0.32493781932389,0.36824115250954037,0.2816344861382396
2020-03-03,0.29939634253435954,0.3017790942600119,0.28750497633262084,0.28504964382334724,0.28504964382334724,0.1900056386981078,2020,3,3,1,0.32251459921540093,0.31477074783350667,0.3068136978797087,0.31487720287626714,27.009281498690285,-0.008063504996558446,-0.0014336895522260578,-0.006629815444332388,0.32251459921540093,0.36909712050416577,0.2759320779266361
2020-03-04,0.28611700302015747,0.2945076619086714,0.29128163521367006,0.30018069075495857,0.30018069075495857,0.1448036161618029,2020,3,4,2,0.32149954343169684,0.3149751325575606,0.30579323524513174,0.3137885723487628,33.51927999727799,-0.00799533710363104,-0.0027460190625070544,-0.0052493180411239855,0.32149954343169684,0.3691412723353489,0.2738578145280448
2020-03-05,0.2831333629234656,0.28488930410660496,0.2783608298068171,0.27755617162086554,0.27755617162086554,0.20470322884794925,2020,3,5,3,0.31933381589686505,0.3147702780418353,0.3014490716106292,0.31110469081336295,28.90114175444411,-0.009655619202733723,-0.004127939090552388,-0.005527680112181335,0.31933381589686505,0.3708744081292768,0.2677932236644533
2020-03-06,0.25896686277453473,0.2675215033254599,0.26338691008307696,0.2706393777474531,0.2706393777474531,0.2138822898660578,2020,3,6,4,0.3163528586601917,0.31443211668600507,0.2967091187086021,0.30810726021588813,26.75002259847821,-0.01139814150728602,-0.005581979573899115,-0.0058161619333869045,0.3163528586601917,0.3719683280118472,0.2607373893085362
2020-03-09,0.23525632759355875,0.2505591898312849,0.24263411840611238,0.2428615738924899,0.2428615738924899,0.2790323624296318,2020,3,9,0,0.31193271918074766,0.3135738046202556,0.28842488104458486,0.30327424641415496,22.8429352544629,-0.0148493653695701,-0.007435456733033312,-0.007413908636536788,0.31193271918074766,0.37597217305370084,0.24789326530779449
2020-03-10,0.2533299901585474,0.25925792978553974,0.24901461356583365,0.2645976597105939,0.2645976597105939,0.2093343563102578,2020,3,10,1,0.3081056883335801,0.313037293143807,0.28475915468550933,0.30040931406574306,30.063760341669735,-0.01565015938023373,-0.009078397262473396,-0.0065717621177603346,0.3081056883335801,0.3739199650030771,0.24229141166408308
2020-03-11,0.2499267306543254,0.25260285024046814,0.24129819698436328,0.2428112821777455,0.2428112821777455,0.2090662870559525,2020,3,11,2,0.3031874942449514,0.31212211831492015,0.27830563583816104,0.29614279318515063,27.5468510131833,-0.017837157346989596,-0.010830149279376637,-0.007007008067612959,0.3031874942449514,0.37316600509698167,0.23320898339292112
2020-03-12,0.20905448266912174,0.23048854480614742,0.21316212095390763,0.20911582659341654,0.20911582659341654,0.35864893095830136,2020,3,12,3,0.296425605893792,0.31063864684119885,0.26766104980050803,0.28969635121539256,25.04110329368409,-0.022035301414884523,-0.013071179706478215,-0.008964121708406308,0.296425605893792,0.37523394120750647,0.21761727058007757
2020-03-13,0.22656644772673784,0.23902243441413876,0.21446847519076934,0.24425968356238503,0.24425968356238503,0.3099712518834176,2020,3,13,4,0.29148142674671107,0.30985215174643815,0.2640608396100276,0.2863306721299846,37.108508850771045,-0.02226983251995701,-0.014910910269173976,-0.007358922250783035,0.29148142674671107,0.3703563118655081,0.21260654162791404
2020-03-16,0.19914205709871685,0.21677529148172917,0.19995240152337695,0.19886302234751907,0.19886302234751907,0.36102457917748954,2020,3,16,0,0.28416548966172667,0.3079542093534918,0.25403040618502626,0.27985158696091306,32.82155988620795,-0.0258211807758868,-0.017092964370516543,-0.008728216405370255,0.28416548966172667,0.3689871720133114,0.19934380731014195
2020-03-17,0.19818716010210113,0.2097190756545876,0.19368746925367997,0.21075535661077077,0.21075535661077077,0.32489069245061514,2020,3,17,1,0.2774621083445542,0.30633910836893563,0.2473727062505254,0.27473334767571733,35.07620614464865,-0.02736064142519193,-0.01914649978145162,-0.008214141643740309,0.2774621083445542,0.3632843472191626,0.19163986946994582
2020-03-18,0.1860940075144909,0.20168950706911717,0.18732055773051998,0.20304394693883454,0.20304394693883454,0.35926826337342044,2020,3,18,2,0.2702554722548925,0.30434480678231646,0.2405528971256499,0.2694230216952075,37.191338191250516,-0.028870124569557593,-0.021091224739072816,-0.007778899830484777,0.2702554722548925,0.3556340718147304,0.1848768726950546
2020-03-19,0.19816734185924412,0.2186551167791256,0.19508052625183592,0.20924323897633101,0.20924323897633101,0.3054418058623973,2020,3,19,3,0.26350196518563423,0.30248032527769136,0.2357360266411393,0.26496526001232773,36.990754236930094,-0.029229233371188434,-0.02271882646549594,-0.006510406905692493,0.26350196518563423,0.34551720343614334,0.1814867269351251
2020-03-20,0.2122661085539329,0.21404702022879743,0.19691003405896307,0.19483634579810577,0.19483634579810577,0.30088462853920744,2020,3,20,4,0.25658199287585004,0.30025407843678226,0.22944376804990335,0.25977052562608904,31.458437803643818,-0.030326757576185692,-0.02424041268763389,-0.006086344888551802,0.25658199287585004,0.33716579959357235,0.17599818615812773
2020-03-23,0.1876833129641799,0.19009342635940027,0.17924925334699815,0.18957247965485563,0.18957247965485563,0.34176981170445825,2020,3,23,0,0.2504636715049263,0.297818551275139,0.22330972368143445,0.25457067036896064,32.68348551050063,-0.03126094668752619,-0.02564451948761235,-0.005616427199913836,0.2504636715049263,0.33192728538318766,0.16900005762666498
2020-03-24,0.20170937532145172,0.21108371560207598,0.2054524689962503,0.215670520120669,0.215670520120669,0.2771004150451558,2020,3,24,1,0.24620580696033575,0.29583859945701574,0.22213446159516284,0.25168917775797606,35.25896554140866,-0.029554716162813216,-0.026426558822652525,-0.0031281573401606907,0.24620580696033575,0.32545750521119576,0.16695410870947577
2020-03-25,0.20920979716124255,0.21566545561059972,0.20388539459998506,0.2049516793181398,0.2049516793181398,0.34522698070825747,2020,3,25,2,0.2413327084464841,0.2935805682523881,0.21949095662946697,0.24822714083650668,36.786869127937976,-0.028736184207039717,-0.026888483899529966,-0.001847700307509751,0.2413327084464841,0.3179748572882653,0.1646905596047029
2020-03-26,0.20436260784074717,0.22261058896415334,0.20644166775484196,0.22482027283429595,0.22482027283429595,0.2981022545548664,2020,3,26,3,0.23871183921682468,0.2917759007628328,0.2203108514302099,0.24649329876226886,42.03687524607257,-0.02618244733205896,-0.026747276586035765,0.0005648292539768042,0.23871183921682468,0.3137524685049449,0.16367120992870443
2020-03-27,0.2089454592044147,0.21624889240555564,0.21065003880888472,0.2077076652861345,0.2077076652861345,0.26452889139497693,2020,3,27,4,0.23487927561047908,0.2895731908467577,0.21837189971573676,0.2436202888751478,43.655223501696014,-0.02524838915941105,-0.026447499100710824,0.0011991099412997745,0.23487927561047908,0.30790636007450556,0.16185219114645258
2020-03-30,0.2087372850508688,0.21656532912556878,0.2074444841430793,0.2198145574156099,0.2198145574156099,0.20588643107384846,2020,3,30,0,0.23081754975922605,0.2875287992486981,0.21859384705417878,0.24185690135962648,41.626231386407234,-0.0232630543054477,-0.025810610141658204,0.0025475558362105036,0.23081754975922605,0.2970707922689516,0.1645643072495005
2020-03-31,0.2160923246489604,0.22437075503436313,0.22160600314064827,0.22517564750180397,0.22517564750180397,0.19777964707296106,2020,3,31,1,0.22782384994314892,0.28539924661133753,0.2196064317384288,0.24062125292571368,46.48658709043273,-0.02101482118728487,-0.024851452350783537,0.003836631163498666,0.22782384994314892,0.2889734575800988,0.16667424230619904
2020-04-01,0.20773281931811738,0.20933343158693488,0.2077742170626098,0.20600108635468295,0.20600108635468295,0.18463500984461226,2020,4,1,2,0.2231148697231351,0.2828593134475512,0.21751330167939098,0.23805679614267436,49.34136705927533,-0.02054349446328338,-0.023989860773283505,0.0034463663100001256,0.2231148697231351,0.2745342693928055,0.17169547005346472
2020-04-02,0.1998887865500703,0.20840058932119945,0.20741728287687222,0.21110403242187492,0.21110403242187492,0.149573400134959,2020,4,2,3,0.21979226276318556,0.28041104558406155,0.21652726025515776,0.23606029512631882,41.96865362831037,-0.019533034871161065,-0.02309849559285902,0.0035654607216979543,0.21979226276318556,0.26455689910295366,0.17502762642341743
2020-04-03,0.20674653297386208,0.20730623907205561,0.20177783695898244,0.2034060539905564,0.2034060539905564,0.18178792948854236,2020,4,3,4,0.21643059657534075,0.2778041247950143,0.21450861313752678,0.2336414624495957,51.34635993836055,-0.019132849312068906,-0.022305366336700997,0.003172517024632091,0.21643059657534075,0.25475183683394065,0.17810935631674085
2020-04-06,0.21301947272213484,0.23074895244942326,0.21915850105753504,0.23325921586284903,0.23325921586284903,0.21426128432904115,2020,4,6,0,0.21595047867385872,0.27592797534434604,0.2173933212491148,0.23361314788761445,56.02751247754725,-0.016219826638499635,-0.021088258397060727,0.004868431758561092,0.21595047867385872,0.253100114960936,0.17880084238678146
2020-04-07,0.24044383030873728,0.24074965810330887,0.23659354729265103,0.23312174513698564,0.23312174513698564,0.18861907358963217,2020,4,7,1,0.2143766829451783,0.2742690863695961,0.2198130787703257,0.23357674768386416,58.39682384217991,-0.013763668913538474,-0.019623340500356277,0.005859671586817803,0.2143766829451783,0.24493024599507704,0.18382311989527958
2020-04-08,0.23565283783294239,0.23879499552162933,0.23860934400138756,0.24109130553348607,0.24109130553348607,0.15051626440872243,2020,4,8,2,0.2142906841129653,0.27264446308471463,0.2230866521185042,0.23413338159865096,58.80401003888854,-0.01104672948014676,-0.017908018296314374,0.006861288816167613,0.2142906841129653,0.24451516959287772,0.1840661986330529
2020-04-09,0.2414615060006322,0.2409375424058167,0.2415242441975895,0.2414835674973687,0.2414835674973687,0.16903153049056674,2020,4,9,3,0.2159090711581629,0.2709869816074214,0.22591694679217567,0.23467783981337081,63.978130410336526,-0.008760893021195149,-0.016078593241290528,0.007317700220095379,0.2159090711581629,0.24835175894299585,0.18346638337332996
2020-04-13,0.2365383412422815,0.23926966378651235,0.23841830966518368,0.24353211667795838,0.24353211667795838,0.128765679740435,2020,4,13,0,0.2158726928139416,0.26938918003395856,0.22862697292844994,0.23533371217371063,66.48704312976848,-0.00670673924526069,-0.014204222442084562,0.007497483196823872,0.2158726928139416,0.2481828896996256,0.18356249592825763
2020-04-14,0.24840352125833987,0.25956116186492395,0.2551877645074139,0.2608559360169225,0.2608559360169225,0.19630064429058708,2020,4,14,1,0.21897233849741174,0.2682827617731362,0.2335852749420611,0.2372242472732078,64.58833286340058,-0.0036389723311466837,-0.012091172419896988,0.008452200088750304,0.21897233849741174,0.2559666883382116,0.18197798865661186
2020-04-15,0.2485753234183261,0.2590304908930303,0.2563673245391365,0.2585894761891261,0.2585894761891261,0.12247067414795573,2020,4,15,2,0.22136404447632954,0.26678427037705615,0.23743207513391726,0.23880685682253505,68.31692382336047,-0.0013747816886177933,-0.00994789427364115,0.008573112585023357,0.22136404447632954,0.26211581622586255,0.18061227272679656
2020-04-16,0.25798884339320516,0.25854923019648024,0.25712197781338,0.25892474758186035,0.25892474758186035,0.2007099213355395,2020,4,16,3,0.22415808450848082,0.26555312920011254,0.2407386401259085,0.24029707095285546,63.439378864747766,0.0004415691730530469,-0.007870001584302311,0.008311570757355358,0.22415808450848082,0.26721839723724944,0.1810977717797122
2020-04-17,0.26154078267269953,0.2636352648577983,0.26684739928530626,0.26555653495503506,0.26555653495503506,0.14810364111997484,2020,4,17,4,0.22697374930741604,0.2644468454528632,0.24455677779192797,0.24216814236042433,74.84878443992778,0.0023886354315036384,-0.005818274181141121,0.00820690961264476,0.22697374930741604,0.2731774737992351,0.18077002481559695
2020-04-20,0.2569645395927455,0.25940625290561414,0.26349568115482064,0.25997753422163433,0.25997753422163433,0.12467069078673704,2020,4,20,0,0.23023080872859247,0.2630412256876775,0.24692920185803666,0.2434873565723658,68.2768473814332,0.003441845285670847,-0.003966250287778728,0.007408095573449575,0.23023080872859247,0.2760783665197929,0.18438325093739205
2020-04-21,0.24903459252813787,0.2503976884403082,0.24593484690986644,0.24312309751472289,0.24312309751472289,0.16696092659524314,2020,4,21,1,0.2329083396215858,0.26127840036834454,0.2463436473436807,0.24346037441994783,57.39385945196692,0.0028832729237328603,-0.0025963456454764105,0.00547961856920927,0.2329083396215858,0.2748461911130011,0.1909704881301705
2020-04-22,0.24855220103361225,0.26072899135742755,0.2569112002937057,0.25883757527630336,0.25883757527630336,0.1613592035570017,2020,4,22,2,0.23506669237936753,0.2596323863407918,0.24826579010254574,0.24459942633523343,72.40596718853877,0.003666363767312303,-0.001343803762918668,0.005010167530230971,0.23506669237936753,0.2777065161165421,0.19242686864219294
2020-04-23,0.2571462673948696,0.2632660886844497,0.26495738378779105,0.26322970495285947,0.26322970495285947,0.11271849955167729,2020,4,23,3,0.23798059366110352,0.25807347716084256,0.25056793084874784,0.2459794469735761,72.23860456818556,0.004588483875171745,-0.00015734623530058538,0.00474583011047233,0.23798059366110352,0.279914524280202,0.19604666304200502
2020-04-24,0.2537165615392258,0.25901067404343947,0.25944369868527184,0.264235552658872,0.264235552658872,0.11950342481581794,2020,4,24,4,0.2399513576523323,0.25647111634168784,0.25267064189645927,0.24733175109841285,77.52360525256573,0.0053388907980464195,0.0009419011713688157,0.0043969896266776035,0.2399513576523323,0.2829718170814104,0.1969308982232542
2020-04-27,0.26522492066788445,0.2642022535357452,0.2660893535012309,0.2630855420761541,0.2630855420761541,0.11589835553378136,2020,4,27,0,0.24272025149183332,0.2548699618531309,0.2542729342317969,0.24849869857824552,68.23100928847383,0.005774235653551396,0.0019083680678053318,0.0038658675857460643,0.24272025149183332,0.2840999032283888,0.20134059975527785
2020-04-28,0.2625584583645944,0.26153227256361256,0.25357989840976336,0.24893344684150998,0.24893344684150998,0.2407539216683151,2020,4,28,1,0.24417619596312828,0.2529449955090169,0.25345147463329126,0.24853090215330215,58.25110102253551,0.004920572479989116,0.002510808950242089,0.002409763529747027,0.24417619596312828,0.28418894783577187,0.2041634440904847
2020-04-29,0.2802455165074861,0.28524524926959804,0.2852410369057411,0.2850797719132602,0.2850797719132602,0.31861417439291556,2020,4,29,2,0.24717140218370112,0.25175013128819773,0.25831736652251724,0.25123822583922495,67.73836164198678,0.007079140683292295,0.0034244752968521303,0.003654665386440165,0.24717140218370112,0.29006049529262995,0.20428230907477232
2020-04-30,0.2747672823503276,0.2828818822942949,0.2842722204006083,0.2874870820701507,0.2874870820701507,0.2146495225594143,2020,4,30,3,0.25124570196947454,0.2505563395549594,0.262805015068307,0.253923326300775,68.25427335656613,0.008881688767531981,0.004515917990988101,0.00436577077654388,0.25124570196947454,0.29313745150503673,0.20935395243391236
2020-05-01,0.2759633817024898,0.28263467269921627,0.2803664625832918,0.2780825515296285,0.2780825515296285,0.15951969384642406,2020,5,1,4,0.2545946279248622,0.24923172297832202,0.2651554052931257,0.2557128985399494,62.9534821396697,0.009442506753176316,0.005501235743425745,0.0039412710097505715,0.2545946279248622,0.2935829405734283,0.2156063152762961
2020-05-04,0.269265859725618,0.27458862962701025,0.27628725165306833,0.28015788272471015,0.28015788272471015,0.1069688762351984,2020,5,4,0,0.2584322193615699,0.24817016479294043,0.26746347874413867,0.25752363810919093,58.17082691721198,0.009939840634947739,0.006388956721730144,0.0035508839132175948,0.2584322193615699,0.2907434956039313,0.2261209431192085
2020-05-05,0.27907588993988064,0.2898434901345842,0.2893610191414991,0.28830849329429054,0.28830849329429054,0.12060343313520858,2020,5,5,1,0.261184683233142,0.24769755651735964,0.2706704040595466,0.25980399775253166,61.98355536373674,0.010866406307014964,0.007284446638787108,0.003581959668227856,0.261184683233142,0.29384394067988034,0.2285254257864036
2020-05-06,0.28692982852521437,0.2889139638619772,0.29270254614525526,0.28703109715090597,0.28703109715090597,0.08029136354812766,2020,5,6,2,0.263880150833838,0.24742162224012815,0.2731874337659096,0.261820819930189,61.24782275430127,0.011366613835720574,0.008100880078173802,0.0032657337575467717,0.263880150833838,0.29567447808923397,0.23208582357844199
2020-05-07,0.28833404916465283,0.29104989194477104,0.29541515349567105,0.2955002219138677,0.2955002219138677,0.09713350773241142,2020,5,7,3,0.266600596652857,0.24728335368650203,0.276620170404057,0.2643155904474985,61.80943811457737,0.012304579956558481,0.008941620053850739,0.0033629599027077423,0.266600596652857,0.29947726357512305,0.23372392973059095
2020-05-08,0.29401390205791345,0.2980247307954159,0.30228519666233317,0.3008010021757403,0.3008010021757403,0.09614442462169881,2020,5,8,4,0.26956646838677567,0.2477546205814672,0.2803402983689314,0.26701821353847943,66.13570625004603,0.013322084830451941,0.009817713009170979,0.0035043718212809626,0.26956646838677567,0.3035851382271028,0.23554779854644853
2020-05-11,0.2924113866490809,0.30388207996176597,0.3028535270418828,0.3057932863538086,0.3057932863538086,0.09847385400393785,2020,5,11,0,0.2726795268705681,0.2481833075602824,0.2842561426742971,0.2698904411544297,77.33389018890097,0.01436570151986738,0.01072731071131026,0.0036383908085571206,0.2726795268705681,0.308035771678158,0.23732328206297829
2020-05-12,0.30194054498066425,0.303377758939245,0.3020438525610875,0.2965664397942594,0.2965664397942594,0.0964864440151228,2020,5,12,1,0.274465052059435,0.24809365486735419,0.2861500345389067,0.27186644105367636,67.44274031767995,0.01428359348523034,0.011438567266094275,0.002845026219136064,0.274465052059435,0.31089762720888237,0.23803247690998763
2020-05-13,0.2920049772006943,0.293647995634439,0.28628122529106426,0.2877117183960092,0.2877117183960092,0.13549514240023663,2020,5,13,2,0.27592116416977913,0.24814689635880743,0.28639029359384555,0.2730401653012566,60.86995588484244,0.01335012829258897,0.011820879471393214,0.001529248821195756,0.27592116416977913,0.31200838172700296,0.2398339466125553
2020-05-14,0.27811765575998953,0.2843981613549863,0.28475496979065174,0.2899916362866712,0.2899916362866712,0.11612944971852729,2020,5,14,3,0.27747450860501965,0.2479431152694417,0.2869443463158187,0.27429582981869466,61.307708200475474,0.012648516497124063,0.011986406876539384,0.0006621096205846784,0.27747450860501965,0.3131535071967867,0.2417955100132526
2020-05-15,0.28306726686976214,0.29002148578959164,0.28988448544814177,0.2957114605269182,0.2957114605269182,0.12579843040829722,2020,5,15,4,0.27898225488361383,0.24830622104756273,0.28829313311752636,0.2758821728341186,63.77119604716514,0.012410960283407768,0.012071317557913061,0.0003396427254947071,0.27898225488361383,0.31508675033223127,0.2428777594349964
2020-05-18,0.2869496467680715,0.2959035829444193,0.295068464825598,0.2993156933780403,0.2993156933780403,0.1364010316044407,2020,5,18,0,0.2809491628414341,0.24887974736017449,0.28998891161914386,0.2776179891707054,73.34473326296097,0.01237092244843846,0.012131238536018142,0.00023968391242031734,0.2809491628414341,0.31698038931419015,0.24491793636867806
2020-05-19,0.295291626930506,0.2957964493373999,0.30160700743233637,0.29581035415479173,0.29581035415479173,0.08631829988630166,2020,5,19,1,0.2835835256734376,0.24993872296542052,0.2908845181630897,0.2789655717621192,57.12822620799806,0.011918946400970465,0.012088780109008606,-0.00016983370803814145,0.2835835256734376,0.3154316207958885,0.2517354305509867
2020-05-20,0.2961450339058481,0.30186811845724226,0.3062861895051505,0.3069533284572275,0.3069533284572275,0.12096394006341224,2020,5,20,2,0.2859893133324838,0.2507858363403532,0.29335664282372625,0.28103873892471987,61.58651152847921,0.012317903899006388,0.012134604867008163,0.00018329903199822487,0.2859893133324838,0.31723017678776144,0.25474844987720613
2020-05-21,0.3022313028557791,0.3035392603302217,0.30839374714615303,0.3056390383119064,0.3056390383119064,0.09596879304129191,2020,5,21,3,0.28810978000043613,0.2520423914630364,0.29524624212960016,0.2828609833237707,68.14988356594968,0.012385258805829469,0.012184735654772424,0.00020052315105704467,0.28810978000043613,0.3185940958993714,0.2576254641015009
2020-05-22,0.29850093330773375,0.30263940659254773,0.3078430455802188,0.30819389094873323,0.30819389094873323,0.08898050489457482,2020,5,22,4,0.29030769691492925,0.2540239527501427,0.2972381881017745,0.28473749499969386,68.3498073120309,0.012500693102080629,0.012247927144234066,0.00025276595784656276,0.29030769691492925,0.3198691234396579,0.2607462703902006
2020-05-26,0.31190253267892115,0.31194793988356284,0.31474364173121855,0.3104066861641163,0.3104066861641163,0.1584196855270334,2020,5,26,1,0.2926737541193273,0.2553468928021773,0.2992641108805963,0.28663891656742885,65.68240277011357,0.012625194313167443,0.012323380578020742,0.0003018137351467002,0.2926737541193273,0.32059046983335016,0.2647570384053044
2020-05-27,0.3052876406816043,0.30559939522614066,0.30765948292398526,0.3106816142047191,0.3106816142047191,0.12377404534992281,2020,5,27,2,0.29576116248748774,0.25758326463932135,0.30102064985353827,0.28841985713315405,67.02629628671296,0.012600792720384224,0.012378863006493438,0.00022192971389078595,0.29576116248748774,0.31587822025438866,0.2756441047205868
2020-05-28,0.298550488827302,0.3118951806529323,0.3092605843978228,0.3103094823378582,0.3103094823378582,0.1243656464628724,2020,5,28,3,0.29702264800871764,0.2595743471538631,0.3024497010049721,0.290041310852021,62.06832259308298,0.012408390152951088,0.012384768435784968,2.3621717166119605e-05,0.29702264800871764,0.31748077291198484,0.27656452310545043
2020-05-29,0.3051851924591923,0.3091692233435157,0.31515838455643586,0.3143965022394029,0.3143965022394029,0.13626237509359315,2020,5,29,4,0.29836811901718024,0.2618013982598745,0.30428767042565374,0.29184539910293816,61.30280356909513,0.012442271322715581,0.01239626901317109,4.600230954449058e-05,0.29836811901718024,0.31970629139744544,0.27702994663691505
2020-06-01,0.3056643062449959,0.31094589027018793,0.3167390561864963,0.3153688355467097,0.3153688355467097,0.08044850759375491,2020,6,1,0,0.3002324332180343,0.2639239101912821,0.3059924650596624,0.2935878758765509,58.53098052082194,0.012404589183111492,0.012397933047159172,6.656135952319564e-06,0.3002324332180343,0.3206014776777163,0.27986338875835226
2020-06-02,0.30968210309316446,0.31148973951298375,0.3170211715932764,0.31784986665185366,0.31784986665185366,0.08608720570155573,2020,6,2,1,0.30211703241439153,0.266384180608357,0.30781668068923024,0.2953850603784252,71.55222966041414,0.012431620310805025,0.012404670499888344,2.6949810916681097e-05,0.30211703241439153,0.3216220518418984,0.28261201298688465
2020-06-03,0.31224284607360436,0.31377797254457895,0.32074242854522766,0.31689768355825443,0.31689768355825443,0.08406282064318132,2020,6,3,2,0.30354649192758976,0.268930684686425,0.3092137580536955,0.2969785880213755,85.18598161711742,0.012235170032319997,0.012370770406374677,-0.0001356003740546792,0.30354649192758976,0.3229808200704352,0.2841121637847443
2020-06-04,0.3096325475735962,0.3112754788913765,0.3122281874722144,0.3087839602850487,0.3087839602850487,0.10514785405940044,2020,6,4,3,0.3046341350842968,0.27079295348971255,0.3091476353200575,0.29785306004090684,69.86181975079197,0.011294575279150676,0.012155531380929879,-0.0008609561017792026,0.3046341350842968,0.32255240410118263,0.286715866067411
2020-06-05,0.3039395375874618,0.3132829007036867,0.3126598928465912,0.31757160594695366,0.31757160594695366,0.12831273513833297,2020,6,5,4,0.30573770428595115,0.27304535202228886,0.3104436308011185,0.2993136930709844,71.69720779735943,0.011129937730134098,0.011950412650770723,-0.0008204749206366241,0.30573770428595115,0.32400270224452843,0.2874727063273739
2020-06-08,0.30696940923701405,0.3142519617890003,0.31821432206017725,0.32032756509270055,0.32032756509270055,0.09774359638014068,2020,6,8,0,0.3067140324317991,0.27495549786745693,0.3119642360767465,0.3008702761837041,71.21245374180768,0.011093959893042404,0.011779122099225058,-0.0006851622061826539,0.3067140324317991,0.3259306748473027,0.28749739001629554
2020-06-09,0.3145755503996552,0.3208477160415011,0.3253086991886075,0.323529477636991,0.323529477636991,0.09820578474963257,2020,6,9,1,0.3076008419959583,0.2772719341144741,0.3137435040090918,0.30254873555061423,78.1562319543032,0.011194768458477555,0.01166225137107556,-0.0004674829125980041,0.3076008419959583,0.3282240771918667,0.28697760680004986
2020-06-10,0.31926081694431613,0.32291081753167017,0.329748189224082,0.326778349231729,0.326778349231729,0.10892855492184395,2020,6,10,2,0.30911143746783176,0.2794112099507965,0.31574886481257447,0.30434352174921536,73.98400127719805,0.011405343063359108,0.011610869709532269,-0.00020552664617316113,0.30911143746783176,0.33073326109450285,0.2874896138411607
2020-06-11,0.31362397736974745,0.3163895511645741,0.3113001354739993,0.30598774094525844,0.30598774094525844,0.15201375472587608,2020,6,11,3,0.31002523859529424,0.28102745181966554,0.314247153448372,0.30446531576373703,50.286733758315286,0.009781837684634975,0.01124506330455281,-0.0014632256199178344,0.31002523859529424,0.32925103992185506,0.2907994372687334
2020-06-12,0.30900147630379815,0.31062942058801635,0.30586807456595194,0.30911921156109695,0.30911921156109695,0.14786330316783908,2020,6,12,4,0.3109816173590155,0.2830898143237938,0.31345823931186817,0.3048100487857637,50.75373184465565,0.008648190526104493,0.010725688748863146,-0.0020774982227586523,0.3109816173590155,0.3277583668140299,0.29420486790400113
2020-06-15,0.29654817225379654,0.3066080372711826,0.3065139499698349,0.31135553659341847,0.31135553659341847,0.10695963246780857,2020,6,15,0,0.31176382116234047,0.2850948444072247,0.31313474658595286,0.3052948997344789,50.772602198811164,0.007839846851473986,0.010148520369385313,-0.0023086735179113273,0.31176382116234047,0.32692372014083215,0.2966039221838488
2020-06-16,0.3145293188467948,0.31656920811236156,0.3194244826665557,0.3190233601125762,0.3190233601125762,0.12593708691914476,2020,6,16,1,0.3127492044990673,0.28740719052966507,0.3140406871285103,0.30631182272544905,56.06240002432753,0.007728864403061253,0.009664589176120501,-0.0019357247730592483,0.3127492044990673,0.3270393001855401,0.29845910881259446
2020-06-17,0.31517032236701426,0.31821073018986146,0.3212873172937145,0.32183968272714025,0.32183968272714025,0.11118403416496428,2020,6,17,2,0.31405067092768474,0.28917879986695094,0.31524053260522256,0.30746203457742616,58.09213762382,0.007778498027796399,0.00928737094645568,-0.001508872918659282,0.31405067092768474,0.3264630443051579,0.3016382975502116
2020-06-18,0.3158311375218072,0.31537930056620544,0.3198018330988366,0.3167568466402841,0.3167568466402841,0.11416977103188175,2020,6,18,3,0.3145408468368376,0.2908515018970169,0.31547381168753974,0.3081505391746749,51.63370402535816,0.0073232725128648535,0.008894551259737515,-0.0015712787468726615,0.3145408468368376,0.3265405308633777,0.30254116281029747
2020-06-19,0.3141261804988464,0.3141893402805961,0.3178777905237492,0.3153352809146322,0.3153352809146322,0.2598515450957192,2020,6,19,4,0.3150256589669739,0.2923363814046398,0.31545249926093855,0.3086827422665236,49.97691881492966,0.006769756994414955,0.008469592406673004,-0.0016998354122580491,0.3150256589669739,0.3262707940924984,0.3037805238414494
2020-06-22,0.3091699677136439,0.31582095393330045,0.31851008229107075,0.32208780193100334,0.32208780193100334,0.11051848291289598,2020,6,22,0,0.3157203545160873,0.2939484660933125,0.31647331505633314,0.30967570964907765,52.75334462257354,0.0067976054072554914,0.0081351950067895,-0.0013375895995340094,0.3157203545160873,0.3269049381243533,0.30453577090782136
2020-06-23,0.31797220822844724,0.32346522784999654,0.3259987656023243,0.32629550853681066,0.32629550853681066,0.10011000083193908,2020,6,23,1,0.31651479563472207,0.29560373393048955,0.31798442174563735,0.3109068058629838,55.857876208327994,0.007077615882653543,0.00792367918196231,-0.0008460632993087663,0.31651479563472207,0.328348528882177,0.3046810623872671
2020-06-24,0.31991175271495725,0.3232935213747994,0.320733250412416,0.3154191272614541,0.3154191272614541,0.13026317005758867,2020,6,24,2,0.3167516712875588,0.29669499775538016,0.317589761055763,0.3112410518925001,53.998150712562314,0.006348709163262856,0.007608685178222419,-0.0012599760149595634,0.3167516712875588,0.32827947917071765,0.3052238634044
2020-06-25,0.3094673801304583,0.3125741813373323,0.31741890427901615,0.3185572967336966,0.3185572967336966,0.08168717242399312,2020,6,25,3,0.31716406200735076,0.2978943541662716,0.317738612698522,0.31178299595481096,50.637340129500636,0.005955616743711034,0.007278071491320142,-0.0013224547476091081,0.31716406200735076,0.3283051320398692,0.3060229919748323
2020-06-26,0.3099597038754055,0.30945928374442944,0.29430022791479327,0.29125563471724775,0.29125563471724775,0.3624388755881347,2020,6,26,4,0.31600701863124303,0.2985409719089793,0.31366430839371057,0.31026245067795444,35.73145256185468,0.003401857715756129,0.00650282873620734,-0.003100971020451211,0.31600701863124303,0.3320752846895562,0.29993875257292985
2020-06-29,0.28577003508377474,0.29698309362988096,0.29260736550868977,0.30301379739112333,0.30301379739112333,0.13527329198288054,2020,6,29,0,0.3153892667234637,0.29929011715770115,0.3120257682394664,0.3097255133974484,40.711038212265116,0.002300254842017957,0.0056623139573694645,-0.0033620591153515076,0.3153892667234637,0.33247839992329514,0.2983001335236322
2020-06-30,0.2964292363635191,0.3045808974957567,0.3051677830324212,0.3092633744378024,0.3092633744378024,0.156737319862083,2020,6,30,1,0.31495994211276107,0.3002758339620245,0.31160078457767193,0.30969128088191905,42.27946751169031,0.0019095036957528788,0.004911751905046148,-0.0030022482092932692,0.31495994211276107,0.33221937651886485,0.2977005077066573
2020-07-01,0.3032555736148202,0.3126071764578253,0.3139583878823192,0.3174542452014261,0.3174542452014261,0.13203797339643744,2020,7,1,2,0.31498777019491964,0.30176245691575854,0.31250131698132644,0.3102663152759566,55.68597921164883,0.0022350017053698323,0.004376401865110885,-0.0021414001597410528,0.31498777019491964,0.3322621478074949,0.29771339258234436
2020-07-02,0.3150976180295972,0.32577553893524414,0.3263998704020452,0.32639276600756445,0.32639276600756445,0.13979349423651102,2020,7,2,3,0.31586821048104546,0.30311356073038376,0.3146384629853631,0.3114608671820016,58.099121523356864,0.003177595803361466,0.004136640652761001,-0.0009590448493995351,0.31586821048104546,0.3336001486550014,0.2981362723070895
2020-07-06,0.32604092264275686,0.33356778657313635,0.33538763514197184,0.33678640717143227,0.33678640717143227,0.11251513666910087,2020,7,6,0,0.3168289505422694,0.3045846947747552,0.3180458390139891,0.31333683310714466,61.076572167712534,0.004709005906844421,0.004251113703577685,0.00045789220326673645,0.3168289505422694,0.3368799996894278,0.296777901395111
2020-07-07,0.3293252528649851,0.33693320975424623,0.33902149587370517,0.3332592748717944,0.3332592748717944,0.10273523077065289,2020,7,7,1,0.31747553603122414,0.3059651692190137,0.3203863676074976,0.31481256953415576,56.43256328648505,0.005573798073341851,0.004515650577530518,0.0010581474958113336,0.31747553603122414,0.3387954822859393,0.29615558977650897
2020-07-08,0.3307526619719745,0.33333376184139163,0.33972857922551664,0.3368869838953591,0.3368869838953591,0.0834619757628419,2020,7,8,2,0.3181434113441425,0.30744119805539777,0.3229249239594763,0.3164477113386893,56.74969928686093,0.006477212620786987,0.004907962986181812,0.0015692496346051757,0.3181434113441425,0.34104042776659427,0.2952463949216907
2020-07-09,0.3347605794359912,0.3388846090822507,0.3405631026510724,0.3419127824721331,0.3419127824721331,0.09950915595159965,2020,7,9,3,0.31890013300616266,0.30930078476801026,0.3258461329614235,0.3183340129041296,61.289860488553416,0.007512120057293903,0.00542879440040423,0.0020833256568896725,0.31890013300616266,0.34390230875573713,0.2938979572565882
2020-07-10,0.3346614617885708,0.3458428943369799,0.34343723154173983,0.35222257058361695,0.35222257058361695,0.13953466874959558,2020,7,10,4,0.32121187448808064,0.31064364074141737,0.32990404644176097,0.3208442764359435,65.33167625224088,0.00905977000581748,0.006154989521486881,0.002904780484330599,0.32121187448808064,0.3495186107769065,0.2929051381992548
2020-07-13,0.3491501040057949,0.3568199523056028,0.34639565648331977,0.3420301365120988,0.3420301365120988,0.13861953577800168,2020,7,13,0,0.32285742073563073,0.3117345018302563,0.3317695987602745,0.3224135994045476,58.05831938300678,0.009355999355726896,0.006795191488334885,0.0025608078673920115,0.32285742073563073,0.35201777541823615,0.2936970660530253
2020-07-14,0.32942770108739705,0.3389604022691255,0.3390045333245459,0.3451280927292316,0.3451280927292316,0.11445632782096671,2020,7,14,1,0.3245460485424214,0.3130754126542484,0.3338247516785756,0.32409615446563533,57.67875785592286,0.009728597212940282,0.007381872633255964,0.0023467245796843176,0.3245460485424214,0.3547931365087426,0.2942989605761002
2020-07-15,0.3402718880531363,0.3430411372482568,0.34393352377664305,0.342801262727056,0.342801262727056,0.11683197604015494,2020,7,15,2,0.32573494367314537,0.31432828025429527,0.33520575337834185,0.32548171804055537,62.00147044975568,0.009724035337786485,0.007850305174162069,0.0018737301636244166,0.32573494367314537,0.3569226382586296,0.29454724908766117
2020-07-16,0.3326293947217867,0.33755623410136215,0.3399597050055653,0.34426309535231336,0.34426309535231336,0.10838317264584355,2020,7,16,3,0.32685611430440403,0.3154473722954558,0.3365991906051067,0.3268729311747597,61.434768939459516,0.009726259430346995,0.008225496025399055,0.0015007634049479402,0.32685611430440403,0.3590501715184098,0.2946620570903983
2020-07-17,0.3397729560244756,0.3391219036601023,0.34407626753702375,0.3434416237781158,0.3434416237781158,0.10259657425980534,2020,7,17,4,0.32819035316129563,0.31657558282799997,0.33765187263172347,0.32810024173797125,80.36833180876951,0.009551630893752217,0.008490722999069687,0.0010609078946825293,0.32819035316129563,0.3608308263264838,0.2955498799961075
2020-07-20,0.337671515195266,0.35456471439450077,0.3458371229107196,0.36026257290856933,0.36026257290856933,0.11189580425398177,2020,7,20,0,0.3304367177609925,0.317870829847894,0.34113044190508435,0.330482636639497,81.46072591294815,0.01064780526558734,0.008922139452373218,0.0017256658132141223,0.3304367177609925,0.3654498089634799,0.29542362655850507
2020-07-21,0.36137214455895533,0.3600693948363961,0.3630647977332269,0.3578150092631974,0.3578150092631974,0.08036531368724636,2020,7,21,1,0.3322230781276022,0.3190111099896431,0.34369729842171715,0.3325072568338452,77.84482891231184,0.011190041587871957,0.009375719879472966,0.0018143217083989912,0.3322230781276022,0.3690416901879396,0.29540446606726484
2020-07-22,0.35261946617200407,0.354469104358035,0.36028418381798505,0.3611912731241639,0.3611912731241639,0.05409452676532848,2020,7,22,2,0.33396786635696984,0.3201190697250502,0.34638867914517046,0.3346319987812762,76.54980438014584,0.011756680363894267,0.009851911976357227,0.00190476838753704,0.33396786635696984,0.3728530764869059,0.2950826562270338
2020-07-23,0.3547572525616384,0.3550854835340307,0.3471261270772587,0.34348521663645626,0.34348521663645626,0.11839417272903746,2020,7,23,3,0.33537117082571993,0.32105744526189417,0.3459419926053683,0.33528779269647474,59.37750073210105,0.010654199908893547,0.010012369562864491,0.0006418303460290556,0.33537117082571993,0.37345534880363107,0.2972869928478088
2020-07-24,0.3322758713679601,0.33720878658278775,0.34067016047135795,0.34220781378750975,0.34220781378750975,0.1106663831911334,2020,7,24,4,0.3365536966784106,0.3221473671697242,0.34536750355646695,0.33580038685136626,53.30496236116597,0.009567116705100687,0.009923318991311731,-0.00035620228621104436,0.3365536966784106,0.3739012475326901,0.29920614582413113
2020-07-27,0.3377838494101136,0.3449001897934707,0.34978370642250584,0.3483534881515268,0.3483534881515268,0.08311995636941791,2020,7,27,0,0.3394085893501245,0.3233146042070213,0.3458268858018608,0.3367302462069337,58.9169529850969,0.00909663959492707,0.0097579831120348,-0.0006613435171077299,0.3394085893501245,0.37035778474275505,0.308459393957494
2020-07-28,0.3409492437420644,0.3401239532734772,0.3438179540880018,0.3383420573141548,0.3383420573141548,0.12529002320185614,2020,7,28,1,0.3411750023462761,0.32416721614276606,0.34467537372682905,0.3368496396222834,50.79930246176837,0.007825734104545623,0.009371533310536966,-0.0015457992059913425,0.3411750023462761,0.36698382423573517,0.3153661804568171
2020-07-29,0.33471762559185275,0.34169692065407264,0.34506546629561535,0.3456108864852161,0.3456108864852161,0.07022490086059474,2020,7,29,2,0.34299237794864684,0.32509312000490953,0.3448192987665809,0.33749862087138954,51.982589671975305,0.007320677895191363,0.008961362227467845,-0.0016406843322764823,0.34299237794864684,0.36401477505520186,0.32196998084209183
2020-07-30,0.3316381389481788,0.3438783694775266,0.3419687098960212,0.34877258577439707,0.34877258577439707,0.12244294284578622,2020,7,30,3,0.3445582949772954,0.32615236463730163,0.3454274967677834,0.33833372938272344,47.99690590609393,0.007093767385059957,0.008587843258986268,-0.0014940758739263107,0.3445582949772954,0.3619176137911443,0.3271989761634465
2020-07-31,0.3342847962251792,0.3343457198795621,0.3289867509301748,0.33251495749357685,0.33251495749357685,0.28591896913506065,2020,7,31,4,0.34486440455159595,0.3266635972180286,0.3434409522640593,0.33790270924278665,44.83889397523856,0.0055382430212726486,0.007977923211443545,-0.002439680190170896,0.34486440455159595,0.3610513046127472,0.3286775044904447
2020-08-03,0.3282150678093835,0.32825429324201394,0.3329333344419611,0.3296617475826382,0.3296617475826382,0.18334088241003504,2020,8,3,0,0.3445081715721563,0.3271440514034433,0.3413210746207637,0.33729226763833126,41.588603216431714,0.004028806982432465,0.007188099965641329,-0.0031592929832088643,0.3445081715721563,0.3617244639358945,0.32729187920841807
2020-08-04,0.3248877837430167,0.32663585786021165,0.33055725182935647,0.3264832642718566,0.3264832642718566,0.14389772695759884,2020,8,4,1,0.3441693710421594,0.3275098388699057,0.3390383345670857,0.3364916007222961,41.20688486437836,0.002546733844789595,0.006259826741470982,-0.0037130928966813874,0.3441693710421594,0.3625453698237886,0.3257933722605302
2020-08-05,0.3224856527882708,0.3255975432802368,0.33219227840151266,0.3293800603355737,0.3293800603355737,0.15092299017387525,2020,8,5,2,0.3437940248641701,0.3278893063533349,0.33755244622377617,0.3359648199529092,42.10226667002569,0.0015876262708669486,0.005325386647350176,-0.003737760376483227,0.3437940248641701,0.36308045410919,0.3245075956191502
2020-08-06,0.3232952071928895,0.3321833825155105,0.33305574353920125,0.3382615838650017,0.3382615838650017,0.15239274918885942,2020,8,6,3,0.34361146493381356,0.32844090574654056,0.33766154432242623,0.3361349506130642,47.46780303291048,0.001526593709362034,0.004565628059752548,-0.003039034350390514,0.34361146493381356,0.36304146043598406,0.32418146943164305
2020-08-07,0.3326293947217867,0.33694804931792854,0.3383722483558412,0.3363807139669318,0.3363807139669318,0.11379077656889841,2020,8,7,4,0.3428193721029793,0.32896233037912204,0.33746449349850405,0.33615315530594325,36.32876077116305,0.0013113381925607959,0.003914770086314198,-0.002603431893753402,0.3428193721029793,0.36206201577050523,0.3235767284354534
2020-08-10,0.32839349146965074,0.3327388080683136,0.3354624267264616,0.3369204915885029,0.3369204915885029,0.0871225076492175,2020,8,10,0,0.34256388985679953,0.329412810166104,0.3373808008969654,0.3362099950305773,37.771779824083076,0.001170805866388125,0.0033659772423289833,-0.0021951713759408584,0.34256388985679953,0.3619855018972799,0.32314227781631916
2020-08-11,0.33013147669461207,0.3346918093572131,0.33713490687910636,0.33162979649182694,0.33162979649182694,0.10238396760983906,2020,8,11,1,0.34188897504492927,0.3297380293850064,0.3364960309884826,0.3358707210647439,33.078734589791594,0.0006253099237386595,0.002817843778610919,-0.0021925338548722593,0.34188897504492927,0.3618656160299936,0.3219123340598649
2020-08-12,0.327864815555995,0.33547829304751076,0.3395993715113789,0.34044762388814076,0.34044762388814076,0.10077555208400735,2020,8,12,2,0.3417712931029835,0.3301899845297321,0.33710396835766077,0.33620975090351407,48.064286758151724,0.0008942174541466952,0.0024331185137180743,-0.0015389010595713792,0.3417712931029835,0.3617530354142574,0.32178955079170957
2020-08-13,0.3360458641851522,0.3436740172807148,0.34733453867825276,0.34441396379098466,0.34441396379098466,0.10245791774895777,2020,8,13,3,0.3417788365249171,0.3307403101343867,0.3382285830397106,0.33681747037666,51.35929061707186,0.0014111126630506066,0.0022287173435845808,-0.0008176046805339742,0.3417788365249171,0.36176465315031103,0.32179301989952314
2020-08-14,0.3378036610446869,0.33861431279147447,0.34559235230655755,0.3408197557550017,0.3408197557550017,0.09317717528956102,2020,8,14,4,0.34164774312376134,0.3313810260437857,0.33862722499590925,0.33711393596024086,45.207507803388225,0.001513289035668386,0.002085631682001342,-0.0005723426463329559,0.34164774312376134,0.361622028588885,0.3216734576586377
2020-08-17,0.33747655760914724,0.3398372154581236,0.34732261390421443,0.34425638979034734,0.34425638979034734,0.0953494606261728,2020,8,17,0,0.3408474339678503,0.33191472172065367,0.3394932503488997,0.33764300661432284,54.10577699754913,0.001850243734576873,0.002038554092516448,-0.00018831035793957524,0.3408474339678503,0.3588684780048041,0.32282638993089646
2020-08-18,0.34127962488632596,0.3519870340581369,0.3526731389998096,0.35787537273201475,0.35787537273201475,0.15532302345143786,2020,8,18,1,0.3408504521412911,0.3326656778734399,0.34232126917707123,0.33914170040081854,57.82426606411189,0.0031795687762526947,0.0022667570292636977,0.000912811746988997,0.3408504521412911,0.35888347762717543,0.3228174266554068
2020-08-19,0.3502437551355451,0.35568209859988886,0.35955334609873363,0.3541638643005617,0.3541638643005617,0.1214446159676838,2020,8,19,2,0.340499081700111,0.3332783656067113,0.34414320688837746,0.340254453282281,53.41546641916736,0.0038887536060964734,0.002591156344630253,0.0012975972614662204,0.340499081700111,0.35707859512167883,0.3239195682785432
2020-08-20,0.3469858976978735,0.35970021866304747,0.3575987573379256,0.3656370741186954,0.3656370741186954,0.1257244802691785,2020,8,20,3,0.341606674574223,0.33405554010445065,0.3474499556930417,0.3421346474183117,72.3375284210566,0.005315308274730035,0.00313598673065021,0.002179321544079825,0.341606674574223,0.3616284925769543,0.3215848565714917
2020-08-21,0.35808120605301347,0.36360622783327823,0.36773038937086283,0.36519116765908544,0.36519116765908544,0.10165370998604192,2020,8,21,4,0.34275584226780176,0.33523960863872726,0.35017937291858686,0.34384253780651713,74.76512741011857,0.0063368351120697275,0.003776156406934114,0.0025606787051356134,0.34275584226780176,0.3653907147557676,0.3201209697798359
2020-08-24,0.36368170006715744,0.3690285160642002,0.3720016204367403,0.36779963126382975,0.36779963126382975,0.09827049112136144,2020,8,24,0,0.3437281494234169,0.3364132170327819,0.35289018189477805,0.34561713732187366,79.02949306454303,0.007273044572904397,0.004475534040128171,0.0027975105327762255,0.3437281494234169,0.36890354678435994,0.31855275206247385
2020-08-25,0.3597464869405577,0.36818796124937025,0.37251149630820485,0.3745118920861574,0.3745118920861574,0.17565931170908014,2020,8,25,1,0.34553664116201704,0.3376763441426366,0.35621659884729795,0.34775748952663543,80.09663287422632,0.008459109320662517,0.0052722490962350405,0.0031868602244274763,0.34553664116201704,0.37405724859661005,0.31701603372742404
2020-08-26,0.3683141399918118,0.3838779354318257,0.3798302073984032,0.38931777290691716,0.38931777290691716,0.3370832216378107,2020,8,26,2,0.34772198548310207,0.3390822323985235,0.36130908716416243,0.35083602903628597,81.55412261290783,0.010473058127876467,0.006312410902563326,0.0041606472253131405,0.34772198548310207,0.3823175019816118,0.31312646898459234
2020-08-27,0.3834074335605469,0.38248693894253283,0.3873596620151912,0.38326597641042304,0.38326597641042304,0.14002458842125698,2020,8,27,3,0.3494466550149034,0.34031075827218915,0.36468707012512563,0.35323824736029613,77.55574129242791,0.011448822764829503,0.007339693275016561,0.0041091294898129415,0.3494466550149034,0.38752640014544865,0.31136690988435817
2020-08-28,0.3767363843682317,0.3799059887600622,0.3890593162395754,0.3866455662301247,0.3866455662301247,0.10650668786570655,2020,8,28,4,0.3521531854517308,0.3417085326639859,0.36806530029512546,0.355712863572876,78.28074509715663,0.012352436722249449,0.008342241964463138,0.004010194757786311,0.3521531854517308,0.39277568031737575,0.31153069058608585
2020-08-31,0.3814943552503099,0.38016803132639143,0.38890978066091403,0.3832156914012407,0.3832156914012407,0.13649346927833908,2020,8,31,0,0.3548308826426609,0.3430661408737181,0.3703961296960663,0.3577501100786808,79.97350736589206,0.012646019617385484,0.009202997495047608,0.0034430221223378764,0.3548308826426609,0.3962631404207109,0.31339862486461084
2020-09-01,0.37777386508641636,0.38602377193941484,0.38955902817877813,0.39211061934903857,0.39211061934903857,0.13666910085874598,2020,9,1,1,0.35811225039652,0.3444665972220788,0.37373682041190814,0.3602953329875962,79.99143446544701,0.013441487424311949,0.010050695480900478,0.003390791943411471,0.35811225039652,0.40047620166014203,0.315748299132898
2020-09-02,0.3900471264466408,0.40825673455130884,0.4011540557002931,0.41476536715647394,0.41476536715647394,0.20007210138564072,2020,9,2,2,0.36238151573756505,0.34623599439447206,0.38004890452645673,0.36433015033343896,83.5588395227585,0.01571875419301777,0.011184307223323937,0.004534446969693833,0.36238151573756505,0.40949693974810114,0.31526609172702896
2020-09-03,0.4019218950823677,0.4005218740310773,0.38372580128345785,0.3857839417508754,0.3857839417508754,0.2552204176334107,2020,9,3,3,0.3647576336318587,0.34764329068426053,0.3809312179455981,0.3659193200680639,67.26666170207135,0.015011897877534208,0.01194982535416599,0.0030620725233682176,0.3647576336318587,0.41154344751499305,0.31797181974872435
2020-09-04,0.3736866416095527,0.37922698807566235,0.3607985195821343,0.368751807651867,0.368751807651867,0.20907553082334235,2020,9,4,4,0.36637618831610547,0.3486471809026239,0.3790574625157933,0.3661291339631604,58.51714083336017,0.012928328552632928,0.01214552599385938,0.0007828025587735491,0.36637618831610547,0.411228327335623,0.32152404929658795
2020-09-08,0.34370156747564534,0.352446895721496,0.35413481443831246,0.3490877270701096,0.3490877270701096,0.20928813747330863,2020,9,8,1,0.36698455009018577,0.3498038227496811,0.3744467339856882,0.3648668075266381,47.06777058326146,0.009579926459050092,0.011632406086897524,-0.0020524796278474314,0.36698455009018577,0.4104635081493052,0.3235055920310663
2020-09-09,0.3516381426488177,0.35413946299739296,0.35686822555643455,0.3573255166508089,0.3573255166508089,0.13199175455948828,2020,9,9,2,0.3682693360981349,0.3508900571348748,0.3718127005495529,0.3643081933876878,51.024036271486956,0.007504507161865126,0.010806826301891044,-0.0033023191400259177,0.3682693360981349,0.40876577868215663,0.32777289351411315
2020-09-10,0.3526656977248644,0.3591104926882813,0.3533853077170604,0.3489636674681781,0.3489636674681781,0.11756223366395208,2020,9,10,3,0.36869513827713674,0.3516840629954824,0.36829746469087987,0.36317156183809446,44.48852093640511,0.005125902852785413,0.009670641612069918,-0.004544738759284505,0.36869513827713674,0.4081248995865461,0.3292653769677274
2020-09-11,0.3445243252311238,0.35618314977630294,0.34371592724422056,0.3451750584852409,0.3451750584852409,0.11557482367513705,2020,9,11,4,0.36873319301184954,0.35223847926115864,0.36474017142847387,0.36183848751566083,43.52662836253589,0.0029016839128130356,0.008316850072218543,-0.005415166159405507,0.36873319301184954,0.4080656320709083,0.3294007539527908
2020-09-14,0.3455171934259578,0.3524913550806579,0.349963903763375,0.34469221779032266,0.34469221779032266,0.12477237222802526,2020,9,14,0,0.3689268161136156,0.35260446829681386,0.3616558708687583,0.36056839346193204,42.42269615579046,0.0010874774068262427,0.006870975539140083,-0.00578349813231384,0.3689268161136156,0.40771504637700884,0.3301385858502224
2020-09-15,0.3445243252311238,0.3510311512437255,0.35543507711443395,0.3521219938596901,0.3521219938596901,0.09098640241816955,2020,9,15,1,0.36932009631708274,0.35291118003057903,0.3601891205596709,0.35994273423213635,42.69236883747918,0.00024638632753454237,0.005546057696818975,-0.005299671369284433,0.36932009631708274,0.40720407727483265,0.3314361153593328
2020-09-16,0.350980598594463,0.3518321185063955,0.3513507808187711,0.34523537501512447,0.34523537501512447,0.0891931115445411,2020,9,16,2,0.36868809643123823,0.35315070203344556,0.35788854432204836,0.35885330021606143,34.82805846053422,-0.0009647558940130696,0.004243894978652567,-0.005208650872665636,0.36868809643123823,0.4077785036213573,0.32959768924111915
2020-09-17,0.3313077578039172,0.3341308066072197,0.3344154465228579,0.33672936295578815,0.33672936295578815,0.14170695408620737,2020,9,17,3,0.3678163713639996,0.35314754961465417,0.354633285650316,0.35721449004863376,34.24946641111168,-0.0025812043983177713,0.0028788751032584993,-0.005460079501576271,0.3678163713639996,0.4089924858566626,0.3266402568713366
2020-09-18,0.33197185066743207,0.3323854207688073,0.3232419128531394,0.3248135726367795,0.3248135726367795,0.254859910705207,2020,9,18,4,0.36577519628990374,0.3528055654179471,0.35004563749438733,0.35481442209220015,30.21584826885362,-0.004768784597812825,0.0013493431630442346,-0.00611812776085706,0.36577519628990374,0.41123114922207155,0.3203192433577359
2020-09-21,0.3128243552155503,0.3143739283672703,0.3128468276168058,0.31514752517958633,0.31514752517958633,0.23497656704966674,2020,9,21,0,0.36327301416592883,0.3520640645098665,0.3446766971382641,0.3518761334320065,29.056290273722297,-0.007199436293742423,-0.00036041272831309696,-0.006839023565429326,0.36327301416592883,0.41406103400400607,0.3124849943278516
2020-09-22,0.3161384293227735,0.3213487144784619,0.32235810625369343,0.3266475907733935,0.3266475907733935,0.11428994000794965,2020,9,22,1,0.36121541214140696,0.35175641359509235,0.34190298846674555,0.3500073524943315,30.175668909180757,-0.008104364027585964,-0.0019092029881676706,-0.0061951610394182935,0.36121541214140696,0.4145041310228116,0.3079266932600023
2020-09-23,0.3190097418129015,0.31852714713257957,0.3132377684842649,0.30979983280620016,0.30979983280620016,0.121148815411209,2020,9,23,2,0.3579798091774091,0.3510498483966317,0.3369640414420463,0.3470290177026181,17.054297142969233,-0.010064976260571845,-0.0035403576426485056,-0.0065246186179233395,0.3579798091774091,0.4155552037734792,0.30040441458133904
2020-09-24,0.3032324314052551,0.31284085179069165,0.3139686062035163,0.31418526362635235,0.31418526362635235,0.10199572937946591,2020,9,24,3,0.3542231837133809,0.35047752841461766,0.33345961408578567,0.34459614703030217,23.423858345349302,-0.011136532944516497,-0.005059592703022104,-0.006076940241494393,0.3542231837133809,0.4129814724465046,0.2954648949802572
2020-09-25,0.3103693910325141,0.3149145143563912,0.3151549648521364,0.3197743763471977,0.3197743763471977,0.09023765725959271,2020,9,25,4,0.3510486037102196,0.3499877540345153,0.33135419289523366,0.3427574973500722,30.132758525300332,-0.011403304454838559,-0.006328335053385396,-0.005074969401453163,0.3510486037102196,0.4100601560277535,0.29203705139268576
2020-09-28,0.32410803269794647,0.323748346420365,0.32737921796475233,0.3263323958331853,0.3263323958331853,0.1535482201125891,2020,9,28,0,0.34803294519037264,0.34964556947561676,0.3305816087318416,0.34154082316363615,39.67128929725526,-0.01095921443179454,-0.007254510929067225,-0.003704703502727315,0.34803294519037264,0.4055300187505106,0.2905358716302347
2020-09-29,0.32284583729208083,0.3237032344104681,0.33060990031861104,0.3279450901915519,0.3279450901915519,0.05836514729943335,2020,9,29,1,0.34526941512988824,0.34899921982127646,0.33017599049487395,0.3405337318323707,35.810755713505245,-0.010357741337496729,-0.007875157010753125,-0.002482584326743604,0.34526941512988824,0.4009301227913234,0.2896087074684531
2020-09-30,0.3216596173240704,0.32801699207173074,0.33097536676855505,0.3280356421003397,0.3280356421003397,0.12523456059751711,2020,9,30,2,0.3420656662674533,0.34840363247801925,0.3298467061264841,0.33960794740777583,39.01523558644197,-0.009761241281291744,-0.00825237386486085,-0.0015088674164308938,0.3420656662674533,0.393597297181574,0.29053403535333266
2020-10-01,0.3274319861893214,0.3310791765810247,0.3375462300000242,0.33490547692330475,0.33490547692330475,0.13243545539420046,2020,10,1,3,0.3380726717557948,0.3478779165540021,0.3306249785567642,0.33925961626077794,44.778562233047346,-0.008634637704013737,-0.008328826632691428,-0.00030581107132230875,0.3380726717557948,0.3766276478859001,0.29951769562568953
2020-10-02,0.3200835746997946,0.3258579772932393,0.3279295524053741,0.3242871994335785,0.3242871994335785,0.08664183174494597,2020,10,2,4,0.33499783463992994,0.34749395620994455,0.32964993561473566,0.338150548347652,40.59468442173237,-0.008500612732916357,-0.008363183852736414,-0.00013742888017994302,0.33499783463992994,0.3667381986901346,0.3032574705897253
2020-10-05,0.3214647059959377,0.32750935505608125,0.3324676495803305,0.33354090847436313,0.33354090847436313,0.07085347704310369,2020,10,5,0,0.3332372896810548,0.3473206181036816,0.3302485468239091,0.3378090935422232,41.57701796216431,-0.007560546718314132,-0.008202656425851959,0.000642109707537827,0.3332372896810548,0.36071433250594725,0.3057602468561624
2020-10-06,0.3245606736991934,0.3270313839829331,0.32713750673819414,0.3226175077985015,0.3226175077985015,0.0830644937650789,2020,10,6,1,0.33191377871747435,0.3468058984966211,0.3290745408200002,0.3366837908945401,40.10909608073413,-0.007609250074539886,-0.008083975155589545,0.0004747250810496588,0.33191377871747435,0.35871795049725086,0.30510960693769784
2020-10-07,0.32083030415114805,0.3211641263917876,0.3228578181928962,0.32491420300520224,0.32491420300520224,0.1293572808533846,2020,10,7,2,0.33029321303519404,0.346537341410442,0.32843448884849286,0.33581196956940396,44.53646287789853,-0.0073774807209111,-0.007942676268653857,0.0005651955477427566,0.33029321303519404,0.3544131553871655,0.3061732706832226
2020-10-08,0.32109464210797595,0.3280993776902724,0.33274639287312957,0.3335107200343926,0.3335107200343926,0.07774008374853256,2020,10,8,3,0.3295205656635048,0.34629533808142554,0.32921544749247744,0.33564150664088455,54.149081124428044,-0.006426059148407104,-0.007639352844604506,0.0012132936961974025,0.3295205656635048,0.3520605511577452,0.3069805801692644
2020-10-09,0.3308782061459655,0.33684091571090913,0.34102712865018,0.34333102223905,0.34333102223905,0.10061840803838012,2020,10,9,4,0.3294283638511952,0.3461865068107186,0.3313870743765655,0.3362111003888968,63.42552442399177,-0.004824026012331284,-0.007076287478149862,0.0022522614658185783,0.3294283638511952,0.3517123563864001,0.30714437131599037
2020-10-12,0.3468372179226012,0.36233388192912686,0.3556849330840352,0.3614125365523536,0.3614125365523536,0.19742838391214723,2020,10,12,0,0.3302643797892968,0.3467644583918942,0.3360063762497637,0.33807787343804174,65.5835376574091,-0.0020714971882780375,-0.006075329420175498,0.00400383223189746,0.3302643797892968,0.35595386626895426,0.3045748933096393
2020-10-13,0.36029498109707053,0.3610615360249757,0.36609702845984654,0.3622608102577288,0.3622608102577288,0.11593533060334069,2020,10,13,1,0.3307713206091987,0.3474164396453959,0.3400455199432968,0.3398692020913519,77.4537355458672,0.00017631785194488492,-0.0048249999657514215,0.005001317817696306,0.3307713206091987,0.35858891307008084,0.3029537281483166
2020-10-14,0.3585966257495396,0.36029813903037566,0.3617900570649388,0.36105380239830054,0.36105380239830054,0.14628261894417688,2020,10,14,2,0.33156224197835754,0.3481078504079248,0.3432775633979127,0.34143843174371846,75.37112358599444,0.0018391316541942482,-0.0034921736417622877,0.005331305295956536,0.33156224197835754,0.36189702777817756,0.3012274561785375
2020-10-15,0.3482084103600391,0.35615181594859,0.3599204782098175,0.3580530500074257,0.3580530500074257,0.11029663249553989,2020,10,15,3,0.3326284263309394,0.34868131020136184,0.34555071518399166,0.3426691442076968,71.31862222262052,0.0028815709762948782,-0.0022174247181508547,0.005098995694445733,0.3326284263309394,0.3651481373725388,0.30010871528934
2020-10-16,0.35438718867367663,0.3581378123579826,0.36602902869363735,0.3627067100117769,0.3627067100117769,0.1005629454340411,2020,10,16,4,0.33452308319968926,0.3491702127242974,0.34819009900365094,0.34415340834133235,70.69704864496018,0.004036690662318598,-0.0009666016420569642,0.005003292304375562,0.33452308319968926,0.3694519186632916,0.29959424773608695
2020-10-19,0.35921453992646385,0.36045174268821534,0.3541314491229481,0.34983204444832705,0.34983204444832705,0.11649920041412079,2020,10,19,0,0.3362573091631263,0.34943923933392523,0.34844270599513955,0.3445740480529616,61.03894610532176,0.0038686579421779443,4.502747900174929e-07,0.003868207667387927,0.3362573091631263,0.3705744465102547,0.3019401718159979
2020-10-20,0.34156710505271887,0.3569412662331378,0.35333940345576825,0.3569801869151258,0.3569801869151258,0.17516014827002893,2020,10,20,1,0.3377739389702129,0.3498404332404577,0.34975616459821435,0.34549302130201076,63.62830516152599,0.0042631432962035865,0.0008529888790727313,0.0034101544171308553,0.3377739389702129,0.3729726254138333,0.3025752525265925
2020-10-21,0.3568586405245782,0.37053157070696763,0.36896259789184,0.3695128554071895,0.3695128554071895,0.20535029256523787,2020,10,21,2,0.34075959010026236,0.35059809441876494,0.35279565549190284,0.34727226827276475,65.46966923357658,0.005523387219138087,0.0017870685470858026,0.0037363186720522847,0.34075959010026236,0.3760971404352013,0.3054220397653234
2020-10-22,0.3633744082661911,0.37160615025354227,0.3735074936836939,0.3768957126594814,0.3768957126594814,0.1004612639927529,2020,10,22,3,0.34389511255191885,0.35132705619419186,0.35650335659460725,0.3494665974865956,74.2167339012124,0.007036759108011659,0.002837006659270974,0.0041997524487406845,0.34389511255191885,0.3804133739033645,0.3073768512004732
2020-10-23,0.37428469128563374,0.3783204957592997,0.38557841758941963,0.38550230814830655,0.38550230814830655,0.09511836644142688,2020,10,23,4,0.34718150914197426,0.3521488230813382,0.36096473375671484,0.35213590938746303,74.06220737356203,0.008828824369251809,0.004035370201267142,0.004793454167984667,0.34718150914197426,0.38629769765241384,0.3080653206315347
2020-10-26,0.3739344985067989,0.3769625009829316,0.3706180611063901,0.3685539734571863,0.3685539734571863,0.13925735572790046,2020,10,26,0,0.34929258802317437,0.3527035074353819,0.3621323090952489,0.3533520622815166,70.14792848591848,0.008780246813732295,0.004984345523760173,0.0037959012899721227,0.34929258802317437,0.3882279611738455,0.31035721487250323
2020-10-27,0.3642401264740917,0.36661399181916143,0.3727528472080674,0.3731841505835327,0.3731841505835327,0.08154851591314555,2020,10,27,1,0.35155454104277334,0.35328206265124557,0.36383259240113874,0.3548211058594437,70.74672836343692,0.009011486541695035,0.005789773727347146,0.0032217128143478893,0.35155454104277334,0.3905244027038908,0.31258467938165585
2020-10-28,0.3523683381743196,0.3516178578847883,0.349583181217113,0.34380040487110264,0.34380040487110264,0.13747330862166185,2020,10,28,2,0.3523427791813115,0.35300056329402735,0.3607507173965178,0.3540047576380851,53.75210858966588,0.006745959758432729,0.0059810109335642625,0.0007649488248684666,0.3523427791813115,0.38992258813016906,0.314762970232454
2020-10-29,0.3400174294804604,0.36228443869162485,0.3521734338592238,0.3607721755012937,0.3607721755012937,0.15310451927787688,2020,10,29,3,0.35363611411021095,0.3531327295180421,0.3607540186434064,0.3545060478501746,56.04461538461535,0.006247970793231805,0.006034402905497772,0.00021356788773403343,0.35363611411021095,0.3904619934559018,0.3168102347645201
2020-10-30,0.3894969736109159,0.39303481642477456,0.38012254792499717,0.3788000721411179,0.3788000721411179,0.3681145487654949,2020,10,30,4,0.3563617577455879,0.35339598947849055,0.36353033456613126,0.3563056052050593,56.02827339409987,0.007224729361071991,0.006272468196612616,0.0009522611644593752,0.3563617577455879,0.3920946084046684,0.32062890708650743
2020-11-02,0.3749752569337053,0.38438884229358194,0.38405553420298827,0.38048316148900274,0.38048316148900274,0.20230909309398137,2020,11,2,0,0.3587088703963199,0.3537018293550888,0.3661384617850346,0.3580965353001662,56.28134433580656,0.0080419264848684,0.0066263598542637735,0.0014155666306046267,0.3587088703963199,0.39429670429693114,0.3231210364957086
2020-11-03,0.37617135628586756,0.3846953969585263,0.38425611379731633,0.38859018590580463,0.38859018590580463,0.12154629740897199,2020,11,3,1,0.3620075043016851,0.3541176404479283,0.36959257318822997,0.3603553242339172,59.060919179229025,0.009237248954312771,0.0071485376742735736,0.0020887112800391976,0.3620075043016851,0.3956887749922754,0.3283262336110948
2020-11-04,0.40210888968661146,0.42084337426600527,0.4146493102419035,0.4217558886837016,0.4217558886837016,0.2980283044157477,2020,11,4,2,0.36684958858561006,0.3550625203798792,0.37761769864907174,0.36490351419316047,67.48960086742528,0.01271418445591127,0.008261667030601114,0.0044525174253101565,0.36684958858561006,0.4055483545356555,0.3281508226355646
2020-11-05,0.42547580072276386,0.4281856686653338,0.42976942742340823,0.4265302890368112,0.4265302890368112,0.15890036143130495,2020,11,5,3,0.371500567035731,0.35580677070247707,0.3851427125548778,0.36946846047787535,67.51114048562087,0.01567425207700246,0.009744184039881384,0.0059300680371210755,0.371500567035731,0.41534538344415245,0.3276557506273095
2020-11-06,0.4165380903918317,0.4211943882901116,0.42631576403254406,0.4259871318120094,0.4259871318120094,0.12147234726985331,2020,11,6,4,0.37563337251437895,0.35666119381050876,0.39142646936366726,0.37365502872484824,72.41100473379814,0.017771440638819025,0.011349635359668913,0.006421805279150112,0.37563337251437895,0.42367920263641645,0.32758754239234145
2020-11-09,0.4287468681195789,0.43623503432309996,0.4330021833554207,0.4264062294348796,0.4264062294348796,0.17761899039572568,2020,11,9,0,0.37888305715850523,0.35745640707460397,0.3968079709130845,0.37756252507373944,71.2732945480744,0.019245445839345066,0.012928797455604145,0.00631664838374092,0.37888305715850523,0.43145751629927254,0.3263085980177379
2020-11-10,0.4089847890657646,0.41808608312887563,0.4184803308636655,0.41882558492684085,0.41882558492684085,0.21161756685554764,2020,11,10,1,0.38171129589196084,0.3581686049451159,0.40019529614597005,0.380619048025821,65.58315287908025,0.01957624812014902,0.014258287588513122,0.0053179605316358985,0.38171129589196084,0.43655745024941994,0.32686514153450175
2020-11-11,0.4152329411418277,0.41848820168326406,0.42870035171488746,0.422956190981164,0.422956190981164,0.08478383449958865,2020,11,11,2,0.38480641532110405,0.3587855163777584,0.40369697227446144,0.38375513268917977,64.86088010038512,0.019941839585281673,0.015394997987866832,0.004546841597414841,0.38480641532110405,0.44169280648792414,0.32792002415428395
2020-11-12,0.41444985952176566,0.4198231625033879,0.42810038057229677,0.4219939361334919,0.4219939361334919,0.08325861288026548,2020,11,12,3,0.3880034596274073,0.35893008775729884,0.4065118897912353,0.3865876366480177,62.38449319557597,0.019924253143217607,0.016300849018936987,0.0036234041242806207,0.3880034596274073,0.44573977389104746,0.3302671453637671
2020-11-13,0.4177540013785673,0.42403245649245613,0.42774346678241,0.4311068015507443,0.4311068015507443,0.1065898817722151,2020,11,13,4,0.3914234642043557,0.35983654495329614,0.4102957223696213,0.38988535256673823,72.421584774174,0.020410369802883077,0.017122753175726205,0.0032876166271568717,0.3914234642043557,0.4509268181041309,0.3319201103045805
2020-11-16,0.42240292236280347,0.4299755138629081,0.4356094529356261,0.43256862747043967,0.43256862747043967,0.08319390650853661,2020,11,16,0,0.39556029335546133,0.36111288134966757,0.4137223231543626,0.3930470766336791,71.7806260806382,0.020675246520683477,0.017833251844717662,0.002841994675965815,0.39556029335546133,0.4543890269357555,0.33673155977516717
2020-11-17,0.42413429930405117,0.4253377447776471,0.4353748938540442,0.4288034544265734,0.4288034544265734,0.07397787042086873,2020,11,17,1,0.3991514567310337,0.36270719589679695,0.41604249719624115,0.39569569721093056,88.39151749249896,0.020346799985310582,0.018335961472836247,0.0020108385124743347,0.3991514567310337,0.45682138606009914,0.34148152740196824
2020-11-18,0.4202651293648854,0.42153720792165583,0.4282839432285303,0.4209679851527056,0.4209679851527056,0.0764182250117858,2020,11,18,2,0.40172421321830953,0.36398004526683486,0.41680026457415875,0.39756771853995093,79.63290310318028,0.01923254603420782,0.018515278385110565,0.0007172676490972557,0.40172421321830953,0.45840945916277337,0.3450389672738457
2020-11-19,0.4113935216959404,0.4202582761782693,0.4251786817591973,0.4267146651686262,0.4267146651686262,0.08348046329762157,2020,11,19,3,0.4042151608437668,0.3655350652208438,0.4183255569733076,0.39972675162355653,76.83148796681641,0.018598805349751057,0.018531983778038663,6.682157171239433e-05,0.4042151608437668,0.46068453420891925,0.34774578747861434
2020-11-20,0.42025852768945554,0.4217118875835346,0.42682905960830814,0.41942905868152613,0.41942905868152613,0.1817971732559322,2020,11,20,4,0.4059114983704277,0.3670201452247695,0.41849532646687965,0.40118618177599874,70.52149262791397,0.017309144690880907,0.018287415960607113,-0.000978271269726206,0.4059114983704277,0.4620513495327946,0.34977164720806087
2020-11-23,0.4151007952924067,0.41508651353555426,0.4186231290129813,0.4169714635154531,0.4169714635154531,0.16775589059076917,2020,11,23,0,0.40833237287334107,0.36846573013927214,0.418260886012814,0.4023554619048472,65.90146489661207,0.015905424107966804,0.01781101759007905,-0.0019055934821122465,0.40833237287334107,0.46180153607630375,0.3548632096703784
2020-11-24,0.4087898777376319,0.42092082874566006,0.4220122191405527,0.4283776512417373,0.4283776512417373,0.11380926410367809,2020,11,24,1,0.4110920479062513,0.369990843286913,0.4198173114326484,0.4042830314853576,54.90634937811532,0.015534279947290786,0.0173556700615214,-0.0018213901142306137,0.4110920479062513,0.46258373092135263,0.35960036489115
2020-11-25,0.4227961284603304,0.42320840253408853,0.43181925120971704,0.42923263050907856,0.42923263050907856,0.06461393405496343,2020,11,25,2,0.4153636591881501,0.37167078839679213,0.42126582205979146,0.4061311499315592,52.125747624912236,0.015134672128232274,0.016911470474863573,-0.0017767983466312996,0.4153636591881501,0.45647992821721295,0.37424739015908726
2020-11-27,0.4228622245140338,0.4316005350839456,0.4372241448446417,0.43652826181131765,0.43652826181131765,0.04974071232471506,2020,11,27,4,0.4191514635036513,0.3736667663739027,0.4236138897138724,0.40838278784857834,57.49568901967896,0.015231101865294083,0.016575396752949674,-0.0013442948876555907,0.4191514635036513,0.4522728100375793,0.3860301169697233
2020-11-30,0.42553655067494306,0.426348048115469,0.4312957373127559,0.4256485076382922,0.4256485076382922,0.13653044434789843,2020,11,30,0,0.42149388527851006,0.375683465073933,0.4239269078560909,0.4096617300552238,49.53096921462218,0.014265177800867057,0.01611335296253315,-0.0018481751616660942,0.42149388527851006,0.44869721357416703,0.3942905569828531
2020-12-01,0.4232851216302858,0.438466579034791,0.4361805299564023,0.43817447056839,0.43817447056839,0.12849761048612973,2020,12,1,1,0.4243784507324794,0.37814400398170905,0.42611884058106,0.41177378490805094,61.286019656892236,0.014345055673009033,0.01575969350462833,-0.0014146378316192976,0.4243784507324794,0.44461415751100253,0.4041427439539562
2020-12-02,0.43112585686475985,0.44203308456660584,0.4430141597309613,0.44818252180253115,0.44818252180253115,0.08090145219585693,2020,12,2,2,0.42735806752731575,0.3805747026022918,0.42951325307667093,0.4144707283817161,63.77012635936033,0.015042524694954817,0.01561625974269363,-0.0005737350477388117,0.42735806752731575,0.4422493914743082,0.4124667435803233
2020-12-03,0.43968689502401664,0.4458402138542641,0.4542920589686738,0.44778690705766566,0.44778690705766566,0.08139137186751833,2020,12,3,3,0.4286596184460139,0.38333444408732115,0.4323245844583624,0.4169385934688235,64.1670741407356,0.015385990989538911,0.015570205992062686,-0.00018421500252377432,0.4286596184460139,0.4458605495293165,0.41145868736271135
2020-12-04,0.439855393042146,0.4412123004543451,0.45236807078252167,0.4481959262209011,0.4481959262209011,0.09534021685878297,2020,12,4,4,0.42974290030521833,0.3860146573392121,0.43476632934490683,0.4192539514504589,60.37873990979601,0.015512377894447926,0.015558640372539735,-4.6262478091809237e-05,0.42974290030521833,0.4489867943697459,0.41049900624069074
2020-12-07,0.43803150012890774,0.4409519191807959,0.44855743241421847,0.4453427163099626,0.4453427163099626,0.09004353814440613,2020,12,7,0,0.430710679530116,0.3885260241384674,0.43639346580106925,0.4211864525511629,57.62915159224289,0.015207013249906365,0.015488314948013063,-0.0002813016981066986,0.430710679530116,0.451073555756418,0.410347803303814
2020-12-08,0.43509081387635434,0.4375007877955842,0.4453025809772891,0.44503090097298503,0.44503090097298503,0.06928203658683132,2020,12,8,1,0.4316419131070213,0.3908999942412633,0.43772230198136397,0.4229527079898164,60.108596491228106,0.014769593991547592,0.01534457075671997,-0.0005749767651723782,0.4316419131070213,0.4528614100554803,0.41042241615856234
2020-12-09,0.43572193801242204,0.441578206781587,0.4356502718314788,0.4334906221240683,0.4334906221240683,0.10730165186123256,2020,12,9,2,0.4323751649668828,0.3930109048799137,0.4370712743110108,0.42373329422198314,57.456579350222334,0.013337980089027646,0.014943252623181505,-0.0016052725341538596,0.4323751649668828,0.45272564553666284,0.4120246843971027
2020-12-10,0.42177512880172746,0.4241214279502332,0.4263055457113471,0.4305402083868717,0.4305402083868717,0.09391667668074802,2020,12,10,3,0.4327543658371681,0.39506099620564433,0.4360664949380663,0.424237510086049,52.3563810835926,0.011828984852017332,0.01432039906894867,-0.0024914142169313383,0.4327543658371681,0.4526432620302763,0.41286546964405985
2020-12-11,0.41954815040681065,0.4251564792765329,0.4329953915371401,0.4326993926343371,0.4326993926343371,0.08078128321978906,2020,12,11,4,0.4332896386622103,0.397016874519865,0.43554847919903106,0.424864316200737,58.72500702760641,0.010684162998294056,0.013593151854817749,-0.0029089888565236935,0.4332896386622103,0.4525246656245918,0.4140546116998288
2020-12-14,0.4234932957838317,0.42942174960288515,0.43204867053692436,0.42542048500364105,0.42542048500364105,0.11586138046422201,2020,12,14,0,0.4330053228348552,0.39903954023126625,0.4339903262458942,0.424905513889841,55.22389322047536,0.009084812356053185,0.012691483955064836,-0.0036066715990116516,0.4330053228348552,0.45254193805271087,0.41346870761699955
2020-12-15,0.41999752030761933,0.42086147708336263,0.42957907294889414,0.4280054657303807,0.4280054657303807,0.1049629787116037,2020,12,15,1,0.43277716474785216,0.4009288313763866,0.43306957847427674,0.42513513995210317,49.741709327316215,0.00793443852217357,0.011740074868486584,-0.003805636346313014,0.43277716474785216,0.4524414180934037,0.4131129114023006
2020-12-16,0.4227927978853387,0.421382298962346,0.43166286942383986,0.4264062294348796,0.4264062294348796,0.10784703413723298,2020,12,16,2,0.43265730349826753,0.4030046058091142,0.432044447852831,0.42522929472860516,48.05857873561488,0.00681515312422587,0.010755090519634442,-0.0039399373954085715,0.43265730349826753,0.4524523304757808,0.41286227652075425
2020-12-17,0.4213489011104838,0.4209814857094276,0.42574126050885147,0.42134349662279735,0.42134349662279735,0.11812610347473215,2020,12,17,3,0.4326760790717722,0.4049331916814661,0.4303981476635951,0.42494145783187864,39.23969276072951,0.0054566898317164325,0.00969541038205084,-0.004238720550334408,0.4326760790717722,0.4524250814669932,0.4129270766765512
2020-12-18,0.4166140724379707,0.4154853622438359,0.4194729561251735,0.41568066295369865,0.41568066295369865,0.3392092881374733,2020,12,18,4,0.43212437896102573,0.4065765905398522,0.4281339192466879,0.4242554730260875,42.372587404320186,0.0038784462206004067,0.008532017549760754,-0.004653571329160347,0.43212437896102573,0.45314981697355305,0.4110989409484984
2020-12-21,0.4031761208980748,0.4107849716501706,0.41225958960380243,0.4184835811498928,0.4184835811498928,0.13695565764783094,2020,12,21,0,0.432077105084444,0.408079641718069,0.426649251847181,0.4238279254797027,32.298477289794846,0.002821326367478283,0.0073898793133042595,-0.004568552945825977,0.432077105084444,0.4532266153125693,0.41092759485631875
2020-12-22,0.4100883724459364,0.4096493857409501,0.4168741984133238,0.41316275125774216,0.41316275125774216,0.05452898383265083,2020,12,22,1,0.43188666947155846,0.4091146460121768,0.4245744056026519,0.4230379125743723,15.621036294997282,0.0015364930282796285,0.006219202056299333,-0.004682709028019705,0.43188666947155846,0.45366802570859954,0.4101053132345174
2020-12-23,0.40800018783385633,0.41313843679311,0.4211114024016291,0.4161400207706123,0.4161400207706123,0.06350468196818296,2020,12,23,2,0.4312747879480023,0.4101922302224345,0.4232768079361843,0.4225269576259456,20.43100393409702,0.0007498503102386644,0.0051253317070872,-0.0043754813968485354,0.4312747879480023,0.45413217778904014,0.4084173981069644
2020-12-24,0.41027672835662515,0.4124825228044078,0.4224949141416609,0.41830922983321683,0.41830922983321683,0.0,2020,12,24,3,0.4307286179142092,0.41133733877113277,0.42251256515111235,0.42221453334500275,22.964871567700882,0.0002980318061095999,0.0041598717268916795,-0.0038618399207820796,0.4307286179142092,0.45430226752221925,0.4071549683061991
2020-12-28,0.415773161727131,0.4272258172070589,0.42835023654189813,0.4307949862137669,0.4307949862137669,0.09670829443247891,2020,12,28,0,0.43044195413433173,0.41279217749525965,0.4237867837761361,0.4228501224463927,38.793294930451715,0.0009366613297434045,0.0035152296474620245,-0.00257856831771862,0.43044195413433173,0.4538575609550193,0.4070263473136442
2020-12-29,0.4277193130435322,0.4277901425426123,0.431666241537821,0.42497120564636215,0.42497120564636215,0.08805612815559108,2020,12,29,1,0.43040808903473515,0.4140374674079513,0.42396900252540165,0.4230072397204645,35.75676611708383,0.0009617628049371496,0.0030045362789570497,-0.0020427734740199,0.43040808903473515,0.45385482408303107,0.40696135398643923
2020-12-30,0.41920122872841387,0.4187766469384193,0.4213017636747601,0.4185338728646373,0.4185338728646373,0.08867546057071019,2020,12,30,2,0.4294260591495475,0.4154115039762775,0.42313282873143787,0.42267587921262545,38.5503628722981,0.00045694951881242174,0.0024950189269281244,-0.0020380694081157027,0.4294260591495475,0.45314681288585706,0.40570530541323796
2020-12-31,0.41041552874774573,0.416744529877085,0.42463991856453515,0.422677936981826,0.422677936981826,0.06148029690980856,2020,12,31,3,0.4281508299085123,0.4167254589776116,0.4230628453853437,0.42267603163997364,44.08932087229415,0.00038681374537008484,0.0020733778906165167,-0.0016865641452464318,0.4281508299085123,0.45031723558933534,0.4059844242276892
2021-01-04,0.4177242574935724,0.41731146581557843,0.41526801157404686,0.4147519694436661,0.4147519694436661,0.14374982667936145,2021,1,4,0,0.42649908302781225,0.4176302412583411,0.42178424908662404,0.4220890640698768,37.58407487209706,-0.0003048149832527436,0.0015977393158426647,-0.0019025542990954083,0.42649908302781225,0.4473912820233237,0.40560688403230083
2021-01-05,0.40697258649982354,0.4130329644788706,0.4187233882163693,0.4190032622022519,0.4190032622022519,0.07381148260785164,2021,1,5,1,0.42503944982687986,0.41847239224919647,0.42135640495056675,0.42186048615375643,45.3665059872295,-0.0005040812031896769,0.0011773752120361964,-0.0016814564152258732,0.42503944982687986,0.44348494645771563,0.4065939531960441
2021-01-06,0.3995812211661583,0.41314175937867015,0.41225958960380243,0.4171156800366542,0.4171156800366542,0.20847468594300292,2021,1,6,2,0.42362809801321444,0.4191046596869635,0.42070398573304174,0.4215090190339711,42.05714245468807,-0.0008050333009293476,0.0007808935094430876,-0.001585926810372435,0.42362809801321444,0.43969930706783966,0.4075568889585892
2021-01-07,0.4119486109195994,0.4264584449761637,0.4251939854458337,0.4345367300241242,0.4345367300241242,0.17731394607186104,2021,1,7,3,0.4231033894657713,0.4204243148183022,0.4228321002393621,0.42247403466287137,54.81821036436135,0.000358065576490707,0.0006963279228526114,-0.0003382623463619044,0.4231033894657713,0.4367319952861728,0.4094747836453698
2021-01-08,0.4277820851305277,0.4335255251306923,0.4375963555225481,0.44122884063274426,0.44122884063274426,0.15749530878804965,2021,1,8,4,0.4234903003912051,0.4217852086192865,0.42566236799219015,0.4238632795495286,61.56097802872286,0.0017990884426615228,0.0009168800268143937,0.0008822084158471291,0.4234903003912051,0.4387073485544488,0.4082732522279614
2021-01-11,0.42715096099446,0.42840818301138794,0.4331721623750929,0.4276534438438556,0.4276534438438556,0.07976446880690694,2021,1,11,0,0.42334596216405435,0.4234622693987415,0.4259686873539848,0.4241440324602195,56.3742942758374,0.0018246548937653206,0.001098435000204579,0.0007262198935607416,0.42334596216405435,0.43833449831318416,0.40835742601492453
2021-01-12,0.41652815814141014,0.4230435785575517,0.42120321092421337,0.4208908846012215,0.4208908846012215,0.09338053817213743,2021,1,12,1,0.42275553676239863,0.42466464358073996,0.42518748693048275,0.42390305854473814,51.22979468378029,0.001284428385744607,0.0011356336773125847,0.0001487947084320223,0.42275553676239863,0.4371095989174975,0.40840147460729975
2021-01-13,0.41145961774964385,0.41875683008882847,0.42552029186244783,0.4235228310839704,0.4235228310839704,0.06907867370425491,2021,1,13,2,0.422660654066415,0.4255590987595971,0.4249313860310193,0.42387489354764424,55.442057685181645,0.0010564924833750822,0.0011198054385250843,-6.331295515000211e-05,0.422660654066415,0.43696554806592347,0.40835576006690655
2021-01-14,0.4164290404939898,0.4220448515297369,0.4239532174661826,0.41875518993732264,0.41875518993732264,0.07697285105517604,2021,1,14,3,0.42219814027676217,0.4263245393285635,0.4239812020166044,0.423495656243176,51.34836327368225,0.00048554577342840854,0.0009929535055057492,-0.0005074077320773407,0.42219814027676217,0.4363729862098675,0.40802329434365686
2021-01-15,0.41133074960894483,0.4157787386378782,0.41992504375300893,0.4174174236195588,0.4174174236195588,0.09201246059844151,2021,1,15,4,0.4217486999859961,0.4269010840828386,0.42297138995552047,0.42304541678957475,49.536214468072046,-7.40268340542749e-05,0.0007795574375937444,-0.0008535842716480193,0.4217486999859961,0.4359317664477206,0.40756563352427166
2021-01-19,0.41597639288445915,0.43333932849069123,0.42669306007588975,0.43574705713672557,0.43574705713672557,0.12828500383616348,2021,1,19,1,0.4224688780116924,0.4271809074518991,0.4249368772141674,0.42398627903751185,52.42776841446675,0.0009505981766555482,0.0008137655854061052,0.000136832591249443,0.4224688780116924,0.4379670864861138,0.406970669537271
2021-01-20,0.44214846749076636,0.4644671295292049,0.45527103940606845,0.4679471791082155,0.4679471791082155,0.19814015400116472,2021,1,20,2,0.4250822038194184,0.4280092452533271,0.4315538467363287,0.4272426420057121,66.73982488832468,0.00431120473061658,0.0015132534144482004,0.0027979513161683796,0.4250822038194184,0.4503243168534564,0.3998400907853804
2021-01-21,0.4641342538390593,0.47473480888830666,0.4762039944308177,0.469405632130242,0.469405632130242,0.15872472985089803,2021,1,21,3,0.42762830636843585,0.4288776152596918,0.43737719833539224,0.430365826459381,70.6149523023417,0.007011371876011252,0.0026128771067608107,0.004398494769250441,0.42762830636843585,0.4594763072039761,0.3957803055328956
2021-01-22,0.46336765988686274,0.46685358979263736,0.4743853508134929,0.47269134408242064,0.47269134408242064,0.08553257965816549,2021,1,22,4,0.4306047360096697,0.4298033175526426,0.44281014383493505,0.43350104998701355,70.40909831715226,0.009309093847921501,0.0039521204549929495,0.005356973392928552,0.4306047360096697,0.4674890342292444,0.39372043779009497
2021-01-25,0.4716247368201449,0.47299440692823425,0.46954817568259694,0.47213815533691783,0.47213815533691783,0.14609774359638014,2021,1,25,0,0.43340464273798496,0.43086956896084416,0.4473221456044709,0.43636305779071016,74.91704990445461,0.01095908781376076,0.005353513926746512,0.005605573887014248,0.43340464273798496,0.4739824479036191,0.3928268375723508
2021-01-26,0.46110765328994535,0.4714847664462316,0.47523009935886246,0.4781195099049599,0.4781195099049599,0.0893225242879988,2021,1,26,1,0.43639515674157214,0.43197283533932007,0.45206020165070004,0.43945612831769165,75.28831425427609,0.012604073333008392,0.006803625807998889,0.005800447525009503,0.43639515674157214,0.48091324571357874,0.39187706776956555
2021-01-27,0.4590227529948709,0.45994801102908545,0.44965198254025435,0.4491346981905685,0.4491346981905685,0.22198907386694522,2021,1,27,2,0.43731214234041216,0.4325156505804616,0.45161012419529517,0.4401730594193863,61.119124135129034,0.01143706477590889,0.00773031360158089,0.0037067511743279994,0.43731214234041216,0.4820992479137759,0.3925250367670484
2021-01-28,0.44627204313633856,0.46285855642517637,0.46108730375222934,0.45997091985531113,0.45997091985531113,0.13184385428125087,2021,1,28,3,0.4390621280508597,0.43309293294655293,0.45289640045068225,0.44163956759982514,59.25573522645912,0.011256832850857101,0.008435617451436133,0.0028212153994209687,0.4390621280508597,0.48454856420618897,0.39357569189553043
2021-01-29,0.44700888659525645,0.44916277963710716,0.45005993354719104,0.4507943650105064,0.4507943650105064,0.11700760762056184,2021,1,29,4,0.4406751526581531,0.43345744769735434,0.4525730103829629,0.44231770074135707,53.41915614862122,0.010255309641605814,0.00879955588947007,0.001455753752135745,0.4406751526581531,0.4853777360226829,0.3959725692936233
2021-02-01,0.44945391852787103,0.4706251001719991,0.46390531006040764,0.4727919208063476,0.4727919208063476,0.11604625581201874,2021,2,1,0,0.4431808518493792,0.43433721702494976,0.45568361198656054,0.4445750503758008,65.21827555488679,0.011108561610759737,0.009261357033728004,0.001847204577031733,0.4431808518493792,0.48923354709685346,0.397128156601905
2021-02-02,0.4722491998062293,0.4816239395348496,0.48551132815801307,0.4815628427967097,0.4815628427967097,0.1781181538347769,2021,2,2,1,0.44652139551703146,0.4355491141778298,0.45966503211119886,0.4473148868514237,70.18202310037374,0.01235014525977518,0.009879114678937439,0.0024710305808377415,0.44652139551703146,0.4935730630801373,0.3994697279539256
2021-02-03,0.5219567363330879,0.5346072798798932,0.5208267164378,0.5293600750786904,0.5293600750786904,0.3486194433403278,2021,2,3,2,0.45203923616085334,0.4376020223760311,0.4703873464138899,0.4533923082015916,77.07151025554542,0.016995038212298308,0.011302299385609612,0.005692738826688696,0.45203923616085334,0.5100989152763163,0.39397955704539034
2021-02-04,0.5205987472465099,0.522098147384305,0.5290564557895019,0.5267784203106858,0.5267784203106858,0.13916491805400208,2021,2,4,3,0.4575223731745549,0.43974900960861435,0.4790628962441662,0.45882831650596895,77.9431344489034,0.020234579738197256,0.013088755456127142,0.007145824282070114,0.4575223731745549,0.5220480027703857,0.39299674357872416
2021-02-05,0.5209654805594801,0.52999592007589,0.5347468845355063,0.538724392364103,0.538724392364103,0.10984368789343785,2021,2,5,4,0.4627317562915539,0.4421840681855873,0.48824158795492567,0.4647465443473122,79.7467710435405,0.023495043607613453,0.015170013086424405,0.008325030521189047,0.4627317562915539,0.5357127485324823,0.3897507640506255
2021-02-08,0.5328306671838221,0.5369301627323297,0.539053801541479,0.5370178134326514,0.5370178134326514,0.0827409619064346,2021,2,8,0,0.46752120493154925,0.4443568714294056,0.49574562264380656,0.470099971686967,77.0377879490658,0.025645650956839572,0.01726514066050744,0.008380510296332133,0.46752120493154925,0.5468563851195833,0.38818602474351516
2021-02-09,0.5237872309217562,0.5308595022545325,0.5412769764614411,0.5338661926031053,0.5338661926031053,0.05020290069420693,2021,2,9,1,0.4728318423695117,0.44644954267128617,0.501610325714468,0.4748233954585328,70.83041023107405,0.02678693025593515,0.01916949857959298,0.007617431676342167,0.4728318423695117,0.5550958563585114,0.39056782838051196
2021-02-10,0.5289648278196479,0.5319274959618719,0.5360250517067109,0.5378459302187572,0.5378459302187572,0.07290559340364758,2021,2,10,2,0.47867959465038845,0.4484758960394349,0.5071850340997432,0.4794917313666976,71.2879233939048,0.027693302733045655,0.020874259410283518,0.006819043322762137,0.47867959465038845,0.562017893647502,0.3953412956532749
2021-02-11,0.5307160163954692,0.5298376819385884,0.5408622268376067,0.538016955576698,0.538016955576698,0.055360922897736205,2021,2,11,3,0.48440430087502484,0.450723264998203,0.5119284066346594,0.483826933160031,70.72060368184262,0.028101473474628436,0.022319702223152504,0.005781771251475932,0.48440430087502484,0.5675189977654483,0.40128960398460134
2021-02-12,0.5276563479946521,0.5320758190819463,0.5428372590394257,0.5407729147224449,0.5407729147224449,0.04704153224688253,2021,2,12,4,0.490505187114281,0.45277523388128416,0.5163660232635495,0.4880451540165061,71.4702080350602,0.028320869247043412,0.02351993562793069,0.004800933619112723,0.490505187114281,0.5712079550681424,0.40980241916041965
2021-02-16,0.5323185251960179,0.546533028319979,0.5500539908761608,0.54673753220782,0.54673753220782,0.07274844935802036,2021,2,16,1,0.49697119254369404,0.4547463340893899,0.5210385631011296,0.4923927375862331,71.46722027321039,0.028645825514896528,0.02454511360532386,0.004100711909572667,0.49697119254369404,0.5736393366536585,0.4203030484337295
2021-02-17,0.530877906129885,0.5402635994349917,0.5482047466841802,0.5488866379956506,0.5488866379956506,0.06693411966981264,2021,2,17,2,0.5026281715866403,0.45676832870814965,0.5253228823156713,0.49657747094989363,87.5050272266933,0.02874541136577763,0.025385173157414617,0.0033602382083630124,0.5026281715866403,0.5769352315449294,0.42832111162835124
2021-02-18,0.5343109161273856,0.5399586994703957,0.5498330290283742,0.5451617251458278,0.5451617251458278,0.0716207097364602,2021,2,18,3,0.5064888988885209,0.45870764468664815,0.5283750119818492,0.500176304594037,83.83986276215872,0.028198707387812272,0.02594788000349415,0.002250827384318123,0.5064888988885209,0.5812313178195709,0.4317464799574709
2021-02-19,0.5372449940962254,0.5392318706942522,0.5476914511084161,0.5397771454760671,0.5397771454760671,0.10266128063153418,2021,2,19,4,0.5100074745558121,0.46059633326997024,0.530129186365575,0.5031097002149281,86.44401445193733,0.027019486150646976,0.026162201232924717,0.0008572849177222591,0.5100074745558121,0.5840215128178172,0.435993436293807
2021-02-22,0.5199742247858721,0.526340383754413,0.5357021106054609,0.5276199884540952,0.5276199884540952,0.09435113374807036,2021,2,22,0,0.5127539067743958,0.46224811501959245,0.5297431559176551,0.504925277121533,74.4242436480584,0.024817878796122073,0.02589333674556419,-0.001075457949442117,0.5127539067743958,0.5849928656291215,0.4405149479196702
2021-02-23,0.5061001727788643,0.5232386644324125,0.5152654410169981,0.5296249246596585,0.5296249246596585,0.12207319215019274,2021,2,23,1,0.515628245240533,0.4641708010703043,0.5297249664933479,0.5067548806428757,72.78361737406283,0.02297008585047222,0.025308686566545797,-0.002338600716073575,0.515628245240533,0.5856018863458063,0.4456546041352596
2021-02-24,0.511657706340586,0.5294256549594046,0.5275403710199682,0.5377755352292389,0.5377755352292389,0.08333256301938419,2021,2,24,2,0.5186110465067468,0.46631550760715157,0.5309635155296388,0.5090527069085322,56.39196108381439,0.021910808621106614,0.024629110977457964,-0.00271830235635135,0.5186110465067468,0.5869186014480191,0.4503034915654745
2021-02-25,0.5201229111694281,0.5274809008025205,0.5218159151963915,0.5163814531880829,0.5163814531880829,0.13695565764783094,2021,2,25,3,0.5219733842566227,0.46798914881822656,0.5287201213232456,0.5095955770033138,43.85818932253547,0.019124544319931824,0.023528197645952736,-0.004403653326020912,0.5219733842566227,0.5819997496969627,0.4619470188162826
2021-02-26,0.5145290188307141,0.5196128072383002,0.5200380904749193,0.5182254894342739,0.5182254894342739,0.16053650825930615,2021,2,26,4,0.5248861127355707,0.46984524890683915,0.5271055625710961,0.5102348297759776,36.24953782793975,0.016870732795118526,0.022196704675785897,-0.005325971880667371,0.5248861127355707,0.5774320184457991,0.47234020702534235
2021-03-01,0.5165114709033767,0.5247252182187176,0.5302496062564028,0.5331956431120749,0.5331956431120749,0.0977713276823102,2021,3,1,0,0.5290061766406492,0.4719490524544731,0.528042498038939,0.5119356307638366,47.82342825171802,0.016106867275102354,0.020978737195649192,-0.004871869920546838,0.5290061766406492,0.5683563071568482,0.48965604612445024
2021-03-02,0.5230107575854077,0.5306089766663254,0.5388022935079715,0.5312946162947355,0.5312946162947355,0.07282239949713906,2021,3,2,1,0.5319313114150686,0.4740468201916701,0.5285428239244461,0.5133696296920514,48.5144317425122,0.015173194232394716,0.0198176286029983,-0.004644434370603585,0.5319313114150686,0.5610558056943908,0.5028068171357463
2021-03-03,0.5200436051565813,0.5253838482892667,0.517978102756349,0.5148224234421297,0.5148224234421297,0.1051386102920106,2021,3,3,2,0.5335942904473395,0.4759163987280568,0.5264319930810127,0.513477244043909,38.37717843233847,0.012954749037103697,0.018445052689819382,-0.0054903036527156855,0.5335942904473395,0.5526760713685902,0.5145125095260888
2021-03-04,0.5055582869060651,0.5256218021102848,0.5214691653387664,0.5223259137541886,0.5223259137541886,0.16372560800880007,2021,3,4,3,0.5332425823811144,0.47804930374406657,0.5258002885691937,0.5141327010594853,42.624786197960255,0.011667587509708421,0.01708955965379719,-0.005421972144088769,0.5332425823811144,0.5529034812580601,0.5135816835041688
2021-03-05,0.5219963596022348,0.5351380035912403,0.5303566640766881,0.5422582235201449,0.5422582235201449,0.17086179643375454,2021,3,5,4,0.5340165725415875,0.4805247965914717,0.5283322785616477,0.5162160730936083,50.601080612165234,0.012116205468039376,0.016094888816645628,-0.003978683348606252,0.5340165725415875,0.5538242380731033,0.5142089070100717
2021-03-08,0.5312512939845546,0.5386649281633269,0.5219246862681353,0.5139708237780193,0.5139708237780193,0.12022443867222526,2021,3,8,0,0.5327788941122832,0.4825409580418772,0.526122823979551,0.5160497583294905,38.768985344947616,0.010073065650060498,0.014890524183328603,-0.004817458533268105,0.5327788941122832,0.5543618488083703,0.5111959394161961
2021-03-09,0.5209654805594801,0.5219300535616614,0.5308377002152733,0.5235362945112856,0.5235362945112856,0.12483707859975413,2021,3,9,1,0.5321048181662149,0.48468888351669065,0.5257248963690486,0.516604316565179,41.731374045137024,0.0091205798038696,0.013736535307436803,-0.004615955503567203,0.5321048181662149,0.5539705968913649,0.510239039441065
2021-03-10,0.521546989701426,0.5209280039482864,0.5259223069969712,0.5243174991858777,0.5243174991858777,0.08520904779952118,2021,3,10,2,0.5316273834953535,0.4868090489037439,0.5255083737254839,0.5171756634259715,43.06803688819169,0.008332710299512325,0.012655770305851908,-0.0043230600063395835,0.5316273834953535,0.5537467455598557,0.5095080214308514
2021-03-11,0.5223069819781927,0.5376398445937076,0.5391830092556167,0.544347012778092,0.544347012778092,0.08248213641951913,2021,3,11,3,0.5319524376233203,0.4890800894350304,0.5284066258874236,0.5191883559705731,51.38486212137604,0.009218269916850486,0.011968270228051626,-0.0027500003112011402,0.5319524376233203,0.5546403420668526,0.509264533179788
2021-03-12,0.5259216933446824,0.5259580293101622,0.5307425195787079,0.5266275518720145,0.5266275518720145,0.12747155230585777,2021,3,12,4,0.5313829674380861,0.49111321635954347,0.5281329221927453,0.519739407518828,49.709058246852706,0.008393514673917357,0.011253319117224773,-0.0028598044433074156,0.5313829674380861,0.5540015899127999,0.5087643449633723
2021-03-15,0.5184212781131754,0.518310788799216,0.5293691785695549,0.528159772781228,0.528159772781228,0.08793595917952321,2021,3,15,0,0.5307523103410253,0.4933057343578752,0.5281370530525119,0.5203631382790057,49.56928370574107,0.007773914773506196,0.010557438248481057,-0.002783523474974861,0.5307523103410253,0.5529683462701332,0.5085362744119174
2021-03-16,0.5239359106970285,0.5369344346280499,0.5383739534489591,0.5368870482687539,0.5368870482687539,0.10582264907885858,2021,3,16,1,0.5302597861440719,0.4955899165836138,0.529483206162703,0.5215871316115797,49.73969067000278,0.007896074551123289,0.010025165509009505,-0.0021290909578862167,0.5302597861440719,0.5513940899553281,0.5091254823328156
2021-03-17,0.5229578648825639,0.5323922294322329,0.5329350395350789,0.5364042612183314,0.5364042612183314,0.08801915308603173,2021,3,17,2,0.529635667305206,0.4980229624191071,0.5305479838635688,0.5226846967676353,56.68547675330324,0.007863287095933535,0.009592789826394313,-0.0017295027304607778,0.529635667305206,0.5491272782730192,0.5101440563373927
2021-03-18,0.5179917727132097,0.5210928279248233,0.5259834605559646,0.5180108779235546,0.5180108779235546,0.09378726393729028,2021,3,18,3,0.5282781249440923,0.5000031147335331,0.5286191983343359,0.52233848796437,49.935473772109546,0.006280710369965914,0.008930373935108633,-0.002649663565142719,0.5282781249440923,0.5469827688759064,0.5095734810122783
2021-03-19,0.5117304106780032,0.5137092846805548,0.5205887920408538,0.5203511659885958,0.5203511659885958,0.1819265859993899,2021,3,19,4,0.5273068259697189,0.5020678244525719,0.5273471933580682,0.5221912789291274,45.82070596987271,0.005155914428940811,0.008175482033875069,-0.003019567604934258,0.5273068259697189,0.5455080021495312,0.5091056497899066
2021-03-22,0.5116610369155778,0.51532112763069,0.523440771037669,0.5188054870165165,0.5188054870165165,0.14863977962858543,2021,3,22,0,0.5268661008978399,0.5037531995924198,0.5260330846901372,0.5219404795281933,45.9269091196806,0.004092605161943874,0.00735890665948883,-0.003266301497544956,0.5268661008978399,0.5454580249484177,0.5082741768472622
2021-03-23,0.5149188943532492,0.5200386651391212,0.5279108752450332,0.5236234735224046,0.5236234735224046,0.09430491491112117,2021,3,23,1,0.5265660283409772,0.505401092250213,0.5256623752797168,0.5220651457499867,53.10643270380397,0.0035972295297300727,0.006606571233537079,-0.003009341703807006,0.5265660283409772,0.5451641943088249,0.5079678623731295
2021-03-24,0.5194356694880646,0.5219860892308305,0.5287046273650544,0.5209747430180549,0.5209747430180549,0.07461569037076751,2021,3,24,2,0.525725988730418,0.507267518233697,0.5249412010856149,0.521984375177251,49.50616444023212,0.0029568259083638804,0.005876622168502439,-0.002919796260138559,0.525725988730418,0.5436995484834745,0.5077524289773615
2021-03-25,0.5126423538304803,0.5156111880316038,0.5182262454744921,0.5207400751714955,0.5207400751714955,0.0991024301864468,2021,3,25,3,0.5259439198295885,0.5092645020451025,0.5242948740219042,0.5218922048064543,40.81253915192493,0.0024026692154499596,0.005181831577891944,-0.0027791623624419844,0.5259439198295885,0.5435421921650655,0.5083456474941116
2021-03-26,0.5106763894256834,0.5130137897321242,0.5193445975582862,0.5177862348921342,0.5177862348921342,0.1059982806592655,2021,3,26,4,0.5259219571024816,0.5111497701212658,0.5232935449250166,0.521588058886875,52.07873314302731,0.0017054860381415793,0.004486562469941871,-0.002781076431800292,0.5259219571024816,0.543561835113836,0.5082820790911271
2021-03-29,0.5070484152337804,0.5154661809046578,0.5198885005073228,0.5246259416251863,0.5246259416251863,0.08162246605226425,2021,3,29,0,0.5254934720281372,0.5132671851550231,0.523498529032735,0.521813087237861,50.61183994770904,0.0016854417948739542,0.003926338334928288,-0.0022408965400543338,0.5254934720281372,0.5428026500984771,0.5081842939577974
2021-03-30,0.5168782570826165,0.5195370074589936,0.5295459494075077,0.5244884708993229,0.5244884708993229,0.0637635074550984,2021,3,30,1,0.5251531647583666,0.5154086061006182,0.5236508277814408,0.5220112638053768,50.09670016425798,0.001639563976064018,0.0034689834631554343,-0.0018294194870914163,0.5251531647583666,0.5422484204110528,0.5080579091056804
2021-03-31,0.5173705808275635,0.5269689852987192,0.5338681701001167,0.528877281322706,0.528877281322706,0.10289237481628014,2021,3,31,2,0.5258559076523953,0.517271210584338,0.52445489755702,0.5225198576955493,39.369680578024,0.0019350398614706998,0.003162194742818488,-0.001227154881347788,0.5258559076523953,0.5423064380500865,0.5094053772547041
2021-04-01,0.5302005504409568,0.5433225140981788,0.5475146802704633,0.5520516632435667,0.5520516632435667,0.12499422264538135,2021,4,1,3,0.5273421951268642,0.518953300267045,0.5287005538164887,0.5247073988472543,66.25224505402281,0.003993154969234469,0.003328386788101684,0.000664768181132785,0.5273421951268642,0.5474210948092947,0.5072632954444337
2021-04-05,0.548370052944644,0.5744288897337749,0.5661191158064232,0.5814890735684101,0.5814890735684101,0.1680609349146338,2021,4,5,0,0.5293037376292775,0.5211949690958083,0.5368218645475535,0.5289134488265992,75.12631248179824,0.007908415720954354,0.004244392574672218,0.0036640231462821355,0.5293037376292775,0.5602449861031538,0.4983624891554012
2021-04-06,0.571353643875705,0.5745442704728098,0.5875959261898911,0.5812208980287069,0.5812208980287069,0.09301078747654395,2021,4,6,1,0.532666241341812,0.523365560174734,0.5436524850831156,0.532788074693422,72.69728828762281,0.010864410389693546,0.0055683961376764846,0.005296014252017062,0.532666241341812,0.5704513086895971,0.49488117399402676
2021-04-07,0.5725530671945751,0.5802598889507523,0.5911754251809116,0.589579367608107,0.589579367608107,0.08717797025355653,2021,4,7,2,0.5359683949966529,0.5257143844201578,0.5507181593177296,0.5369948371315468,75.19215931051383,0.013723322186182774,0.007199381347377743,0.00652394083880503,0.5359683949966529,0.5812029704563391,0.4907338195369668
2021-04-08,0.5896784344383781,0.5898205563833012,0.6021721948112941,0.5948633638483789,0.5948633638483789,0.09350070714820533,2021,4,8,3,0.539495688229778,0.5280492614990262,0.5575097292455218,0.541281394666127,91.57351896275271,0.016228334579394765,0.009005171993781149,0.007223162585613617,0.539495688229778,0.591413295855787,0.48757808060376906
2021-04-09,0.5826538024176828,0.5914802274251802,0.6008240018860451,0.6017164213553051,0.6017164213553051,0.06448452131150573,2021,4,9,4,0.5423641586586386,0.5311008959623209,0.5643107588008731,0.5457580633097698,91.9657804784129,0.018552695491103277,0.010914676693245575,0.007638018797857702,0.5423641586586386,0.6012782839265932,0.48345003339068404
2021-04-12,0.5858092644992121,0.5869577929319323,0.5956403896339013,0.5912926453959625,0.5912926453959625,0.11269076824950777,2021,4,12,0,0.545597413334836,0.533727330473134,0.5684618182770407,0.5491309953161545,84.25006119700525,0.019330822960886174,0.012597905946773695,0.006732917014112478,0.545597413334836,0.6078768000516284,0.48331802661804374
2021-04-13,0.5842298979082285,0.5875807645395948,0.6016316639762387,0.5954769227682608,0.5954769227682608,0.0756787236205988,2021,4,13,1,0.5489632708341877,0.5366209816282891,0.5726179881987669,0.5525640269792735,84.15517397894347,0.02005396121949332,0.014089117001317621,0.0059648442181757,0.5489632708341877,0.6144673788062394,0.48345916286213614
2021-04-14,0.5887532747184736,0.5878378759670372,0.5992861819382898,0.5913093757730674,0.5913093757730674,0.06139710300330003,2021,4,14,2,0.5516843872094034,0.5389913307276235,0.5754935862871208,0.5554340528158508,82.95733355570924,0.020059533471269986,0.015283200295308094,0.0047763331759618916,0.5516843872094034,0.6195550253555939,0.48381374906321284
2021-04-15,0.5893546021032767,0.5972673671942774,0.6050004194406695,0.6053307259605,0.6053307259605,0.09491500355885044,2021,4,15,3,0.5551307104465119,0.5414666883908993,0.5800839154676407,0.5591301026784175,85.10210693926054,0.02095381278922326,0.016417322794091128,0.004536489995132131,0.5551307104465119,0.6266369358144581,0.48362448507856565
2021-04-16,0.5979519990395257,0.597215616605692,0.611272150327264,0.6056995318686258,0.6056995318686258,0.07237869866242685,2021,4,16,4,0.5595151431437654,0.542993477526698,0.5840247795293307,0.5625796900258403,87.28070489728502,0.021445089503490444,0.017422876135970992,0.0040222133675194525,0.5595151431437654,0.6321820472114562,0.48684823907607455
2021-04-19,0.594310814888479,0.6011743850065531,0.6124261883511533,0.607255242361406,0.607255242361406,0.08204767935219678,2021,4,19,0,0.5638603469624058,0.5446030139677124,0.5875986968881115,0.5658889901988451,86.68394788698122,0.021709706689266417,0.01828024224663008,0.0034294644426363374,0.5638603469624058,0.6370579296653861,0.49066276425942557
2021-04-20,0.599567717799218,0.5982572471787952,0.6069414245649163,0.6043148534393484,0.6043148534393484,0.06857951026520367,2021,4,20,1,0.5681358152835474,0.5459148231892172,0.5901704132806095,0.5687353504388823,84.57898294332442,0.021435062841727137,0.01891120636564949,0.0025238564760776475,0.5681358152835474,0.6402336919464283,0.4960379386206665
2021-04-21,0.5920871142022841,0.5935502245988729,0.6024746924715332,0.6042008186525559,0.6042008186525559,0.0785442915114484,2021,4,21,2,0.572164682540055,0.5472584832936154,0.5923289371839858,0.5713624221584137,83.88331127935706,0.02096651502557212,0.019322268097634016,0.0016442469279381033,0.572164682540055,0.6427795663345024,0.5015497987456077
2021-04-22,0.5947238326205793,0.5963329163752152,0.6017540730734787,0.5956948602377155,0.5956948602377155,0.06544587312004879,2021,4,22,3,0.575900688401038,0.5484950566463076,0.5928467714999442,0.5731648249791028,72.61704957786772,0.01968194652084143,0.0193942037822755,0.0002877427385659312,0.575900688401038,0.6429274672938488,0.5088739095082273
2021-04-23,0.5914989967766247,0.603603689483389,0.609150954660765,0.611580303007179,0.611580303007179,0.10045202022536306,2021,4,23,4,0.5804426997928223,0.5499697441020761,0.595728853270288,0.5760104159441455,68.14233086689444,0.019718437326142535,0.01945905049104891,0.00025938683509362653,0.5804426997928223,0.6439499185594011,0.5169354810262434
2021-04-26,0.603545884769956,0.608693073099994,0.6212626974623434,0.6154158777461254,0.6154158777461254,0.0642349395919801,2021,4,26,0,0.5853241819355219,0.5515177225454646,0.5987576262665707,0.5789293390405884,69.7662521621964,0.01982828722598229,0.019532897838035586,0.0002953893879467026,0.5853241819355219,0.6433228310896214,0.5273255327814225
2021-04-27,0.6088556737752548,0.6074371753128517,0.6180095592768722,0.6088377549853641,0.6088377549853641,0.1157134801859846,2021,4,27,1,0.5895347726035307,0.552879019350723,0.6003084153002312,0.5811447772587199,61.36616633407202,0.019163638041511222,0.019459045878730714,-0.00029540783721949265,0.5895347726035307,0.6408178588845489,0.5382516863225125
2021-04-28,0.6323629447574841,0.6453199114588962,0.6420018715096623,0.6332426209380957,0.6332426209380957,0.24399848402214808,2021,4,28,2,0.5949724801054693,0.5546091211253285,0.6053752161675949,0.5850038767905256,68.48019016511589,0.020371339377069364,0.019641504578398444,0.0007298347986709197,0.5949724801054693,0.6398823719733209,0.5500625882376178
2021-04-29,0.6334153535885776,0.6400927723901789,0.6513261609873999,0.6499998202909394,0.6499998202909394,0.1507566023608582,2021,4,29,3,0.6010286070538811,0.5566313847712343,0.6122405398788786,0.5898183911238896,71.22476800876106,0.022422148754989046,0.020197633413716568,0.002224515341272479,0.6010286070538811,0.6407809104878738,0.5612763036198883
2021-04-30,0.6314857413524892,0.6370009614929737,0.6512853964804823,0.6433713588764997,0.6433713588764997,0.14885238627855168,2021,4,30,4,0.6055945918355277,0.5585955774458476,0.6170298966477434,0.5937852776240828,73.68339424166098,0.023244619023660595,0.020807030535705377,0.002437588487955219,0.6055945918355277,0.6425394155619923,0.568649768109063
2021-05-03,0.6309009016355516,0.6345485703204401,0.64528219056549,0.6383589647180956,0.6383589647180956,0.12410682097595696,2021,5,3,0,0.608438086393012,0.5605672138306883,0.6203112917354899,0.5970870322236393,69.35531945649386,0.023224259511850587,0.02129047633093442,0.0019337831809161654,0.608438086393012,0.6463134745809708,0.5705626982050532
2021-05-04,0.6200038285752523,0.6212186471201595,0.6205352318570732,0.6246394050525015,0.6246394050525015,0.13026317005758867,2021,5,4,1,0.6106090117442017,0.5625076021626564,0.6209771553227225,0.599127948729481,63.84967148963359,0.02184920659324141,0.02140222238339582,0.0004469842098455898,0.6106090117442017,0.6468582598397365,0.5743597636486668
2021-05-05,0.6195676686335871,0.6221877609449264,0.6340339129015999,0.625474220695011,0.625474220695011,0.06872741054344109,2021,5,5,2,0.612403754398547,0.5644245880833634,0.6216690115338437,0.6010795244306314,59.400431093292134,0.02058948710321229,0.021239675327359115,-0.0006501882241468256,0.612403754398547,0.6478136680307467,0.5769938407663473
2021-05-06,0.6136929044121937,0.6223558481751384,0.6309500262837928,0.6337254079885184,0.6337254079885184,0.06323661271387768,2021,5,6,3,0.6143468566055539,0.566343585538549,0.6235238417576398,0.6034977380275119,62.18265111118279,0.02002610373012781,0.020996961007912852,-0.0009708572777850435,0.6143468566055539,0.6499684913940098,0.578725221817098
2021-05-07,0.630002161833934,0.6334641284960918,0.6471518238095464,0.6395391637407841,0.6395391637407841,0.0755030920401919,2021,5,7,4,0.6162379937248278,0.568806739749603,0.6259877374473543,0.6061674732655321,63.53263103240801,0.019820264181822145,0.02076162164269471,-0.0009413574608725661,0.6162379937248278,0.6530329463559966,0.579443041093659
2021-05-10,0.6217054550232215,0.6208033568873006,0.6283638732076713,0.6204182403838285,0.6204182403838285,0.08813932206209962,2021,5,10,0,0.6176942734742211,0.5708505947685941,0.6251308917452734,0.6072230856446652,55.943863131236476,0.01790780610060816,0.020190858534277403,-0.0022830524336692436,0.6176942734742211,0.6525885939458188,0.5827999530026234
2021-05-11,0.5942711850110487,0.6023445218501401,0.6107792370049587,0.6093876177721318,0.6093876177721318,0.11635130013588338,2021,5,11,1,0.6183898082244147,0.5723744342617952,0.6227088495955593,0.6073834213578109,51.771703329713944,0.015325428237748406,0.019217772474971605,-0.0038923442372231984,0.6183898082244147,0.651948489242238,0.5848311272065914
2021-05-12,0.5843092039210753,0.5902705030294333,0.5927798987687303,0.5860254264717294,0.5860254264717294,0.1294034996903338,2021,5,12,2,0.6181256107593478,0.5734690504653351,0.617065246038047,0.6058013476625456,47.00144920050261,0.011263898375501458,0.017626997655077574,-0.006363099279576116,0.6181256107593478,0.6526512273934589,0.5835999941252367
2021-05-13,0.5841043074762513,0.5873800315877682,0.5970868225733199,0.593699948847291,0.593699948847291,0.09120825283552564,2021,5,13,3,0.6175440719036873,0.5750466009734384,0.6134705849317769,0.6049049477503045,44.15767094901736,0.008565637181472407,0.01581472556035654,-0.007249088378884133,0.6175440719036873,0.6533453556291279,0.5817427881782468
2021-05-14,0.594261252760627,0.6020610538808934,0.6108880012780855,0.6118686421717137,0.6118686421717137,0.09099564618555939,2021,5,14,4,0.6178525274188418,0.5768374555417889,0.6132241321994595,0.6054207769667052,48.94022093530387,0.007803355232754328,0.014212451494836098,-0.006409096262081771,0.6178525274188418,0.6533289571945733,0.5823760976431103
2021-05-17,0.600040223301308,0.6027862279566885,0.614858393546247,0.6136288790100166,0.6136288790100166,0.059650030966620755,2021,5,17,0,0.6181712092512723,0.5782648686515863,0.6132864009395451,0.606028784525469,51.473834396048034,0.0072576164140760735,0.012821484478684095,-0.005563868064608022,0.6181712092512723,0.6533601628823565,0.5829822556201881
2021-05-18,0.6091550025943462,0.6093160381152248,0.6176322088445911,0.6076005653915272,0.6076005653915272,0.04791044638152726,2021,5,18,1,0.6183354948488813,0.5801374634838564,0.6124116570090807,0.6061452127377697,41.10656774733714,0.006266444271311067,0.01151047643720949,-0.005244032165898423,0.6183354948488813,0.6532819103533787,0.5833890793443839
2021-05-19,0.5851980048639875,0.60061729816097,0.6041573909453748,0.609370833750531,0.609370833750531,0.05737606418872076,2021,5,19,2,0.6185939956037799,0.5818541542686414,0.6119438380462269,0.6063841476276038,34.273780107973394,0.005559690418623031,0.0103203192334922,-0.004760628814869168,0.6185939956037799,0.6531747520977099,0.5840132391098499
2021-05-20,0.6062255570323896,0.6149822133556653,0.6237271688932329,0.6252562832255566,0.6252562832255566,0.07809134690934638,2021,5,20,3,0.6200720667531721,0.583872929949435,0.6139919065353545,0.6077820835978226,43.45709320848456,0.006209822937531917,0.009498219974300143,-0.003288397036768226,0.6200720667531721,0.6530202180723774,0.5871239154339667
2021-05-21,0.6187647753789516,0.6178367296750189,0.6309609176680626,0.6215715769252815,0.6215715769252815,0.07346946321442768,2021,5,21,4,0.6205716304490771,0.5854174212323787,0.6151580096722664,0.6088035275480047,43.87791922880088,0.006354482124261707,0.008869472404292457,-0.0025149902800307503,0.6205716304490771,0.6532797669209292,0.5878634939772251
2021-05-24,0.6190984804899213,0.6341464517660518,0.6369912976547947,0.6422146963763117,0.6422146963763117,0.06612991190689677,2021,5,24,0,0.6219115713805864,0.5877291641224647,0.6193205768575041,0.6112784289426941,56.101311205928255,0.00804214791480995,0.008704007506395956,-0.0006618595915860066,0.6219115713805864,0.6559010034603223,0.5879221393008505
2021-05-25,0.6366104455475374,0.6388962790047875,0.6515675118872626,0.6430193302844126,0.6430193302844126,0.05500965973692238,2021,5,25,1,0.6236206501455388,0.5900263552725284,0.6229665389231823,0.6136296068198585,56.092110155740514,0.00933693210332387,0.008830592425781538,0.000506339677542331,0.6236206501455388,0.6582731533544255,0.5889681469366521
2021-05-26,0.6342430080822878,0.6422103009961903,0.6548053531847144,0.6512202258631754,0.6512202258631754,0.06895850472818701,2021,5,26,2,0.6245195303917928,0.5923130188244168,0.6273132599908735,0.6164140971193635,56.076769908051894,0.010899162871510049,0.00924430651492724,0.001654856356582808,0.6245195303917928,0.6611018828886419,0.5879371778949436
2021-05-27,0.6422076618529593,0.6412398818699533,0.6512309803508345,0.6408199394873996,0.6408199394873996,0.14802044721346633,2021,5,27,3,0.6240605363516158,0.5944013323897982,0.6293912106826467,0.6182219372947735,50.4311364085964,0.011169273387873213,0.009629299889516435,0.0015399734983567778,0.6240605363516158,0.6595095957118002,0.5886114769914315
2021-05-28,0.6372580573514706,0.6373305567065941,0.6531651936568006,0.643854199571418,0.643854199571418,0.07936698680914392,2021,5,28,4,0.6240846783863618,0.5969181988227554,0.6316162858963038,0.6201206233893397,58.847216971696675,0.0114956625069641,0.01000257241300597,0.0014930900939581302,0.6240846783863618,0.6595897252493924,0.5885796315233313
2021-06-01,0.6372712607023303,0.6405710928622054,0.6522100151771644,0.6499730114541995,0.6499730114541995,0.05652563758885571,2021,6,1,1,0.6246653807231669,0.5995106357320675,0.6344403975205954,0.6223319113941442,65.9112995283313,0.012108486126451212,0.01042375515569502,0.001684730970756193,0.6246653807231669,0.661508135949627,0.5878226254967068
2021-06-02,0.6416691065551519,0.6418991118517839,0.6519788350081805,0.647113102686857,0.647113102686857,0.04724489512945896,2021,6,2,2,0.6257890656048847,0.6020767880454744,0.6363900444692511,0.6241675551936045,78.53654704310357,0.01222248927564662,0.010783501979685339,0.0014389872959612807,0.6257890656048847,0.663974877526594,0.5876032536831753
2021-06-03,0.6283566925809632,0.6312671874582204,0.6447145332490132,0.6415239899660116,0.6415239899660116,0.05273569295902238,2021,6,3,3,0.6265915540684348,0.6044347983743464,0.6371798822379835,0.6254532170285976,72.78448548181488,0.011726665209385922,0.010972134625625456,0.0007545305837604668,0.6265915540684348,0.6654187042687542,0.5877644038681155
2021-06-04,0.6374430826871675,0.6458080876162648,0.6565916761773085,0.657332338889553,0.657332338889553,0.08787125280779434,2021,6,4,4,0.6277719006134865,0.6071619502917764,0.6402802601843788,0.6278146334627424,72.1583131544467,0.012465626721636425,0.01127083304482765,0.0011947936768087752,0.6277719006134865,0.6688804621127481,0.586663339114225
2021-06-07,0.6469590310596074,0.6504692993885335,0.664513111849941,0.6621368740381374,0.6621368740381374,0.0781745408158549,2021,6,7,0,0.6289017861283541,0.6099898862691093,0.6436428161618801,0.6303570216535124,72.96070142874468,0.013285794508367754,0.011673825337535672,0.0016119691708320824,0.6289017861283541,0.6725367329557574,0.5852668393009508
2021-06-08,0.6564022750946303,0.6592025902771548,0.6737480335085606,0.6677561684933914,0.6677561684933914,0.08376702008670653,2021,6,8,1,0.6312686825338323,0.6129892849411344,0.6473525626744203,0.6331273288268366,78.58464504795543,0.014225233847583674,0.012184107039545273,0.002041126808038401,0.6312686825338323,0.6779922577522949,0.5845451073153697
2021-06-09,0.662878360092543,0.6626652847875104,0.6802372997400257,0.6706227828226998,0.6706227828226998,0.06096264593597766,2021,6,9,2,0.6343304407863607,0.6159092217650847,0.6509325965433863,0.6359047698635673,78.80547502439384,0.015027826679819056,0.012752850967600031,0.0022749757122190253,0.6343304407863607,0.6830015523482458,0.5856593292244756
2021-06-10,0.6610643994297263,0.6686841880842905,0.6825046112808866,0.6807481948023687,0.6807481948023687,0.1123025300191346,2021,6,10,3,0.6390665792028927,0.6190344162431456,0.6555196116601528,0.6392265050442192,77.59146019233702,0.01629310661593364,0.013460902097266754,0.002832204518666885,0.6390665792028927,0.6863613537359334,0.5917718046698519
2021-06-11,0.6712775151256676,0.6699136831826066,0.683962914605408,0.6781766184939989,0.6781766184939989,0.08459895915179191,2021,6,11,4,0.643290412685228,0.6220204029865715,0.6590053050192061,0.6421116986330917,78.45995845317654,0.016893606386114368,0.014147442955036279,0.0027461634310780893,0.643290412685228,0.6885718209856337,0.5980090043848223
2021-06-14,0.6674678395647753,0.6703223875762303,0.6848637313443318,0.6825720741292901,0.6825720741292901,0.0721660920124606,2021,6,14,0,0.6468255842831069,0.6246308112042859,0.6626309618053728,0.645108763484662,74.25348074222633,0.01752219832071089,0.014822394028171202,0.0026998042925396887,0.6468255842831069,0.6928123116657731,0.6008388569004407
2021-06-15,0.6731014080389057,0.6732922846346187,0.6889531130054338,0.6804329998621604,0.6804329998621604,0.07046523881273051,2021,6,15,1,0.650165790325714,0.626609689730161,0.6653697368910324,0.6477253735866989,72.12947015854067,0.0176443633043335,0.015386787883403663,0.0022575754209298356,0.650165790325714,0.6957023535776071,0.6046292270738208
2021-06-16,0.6712874011181031,0.6710607399229276,0.6787650388550133,0.6781766184939989,0.6781766184939989,0.08957210600752441,2021,6,16,2,0.6536945929808377,0.6285488041394668,0.6673400263684118,0.6499810213576099,67.1502168561167,0.017359005010801898,0.01578123130888331,0.0015777737019185868,0.6536945929808377,0.696178664232789,0.6112105217288863
2021-06-17,0.6664997326090161,0.6754974728045053,0.6880454976496126,0.6826995133344526,0.6826995133344526,0.08698385113836996,2021,6,17,3,0.6573610269600337,0.6304112070539937,0.6697030243631874,0.6524046133558945,78.79838111131768,0.017298411007292902,0.01608466724856523,0.0012137437587276707,0.6573610269600337,0.6962430143553806,0.6184790395646869
2021-06-18,0.6677057113453302,0.6701740644561557,0.6818451454418255,0.6773115607670229,0.6773115607670229,0.21431674693338015,2021,6,18,4,0.659963790837107,0.6320601709923666,0.670873568425316,0.6542495724233856,72.28548248808744,0.01662399600193043,0.01619253299923827,0.000431463002692159,0.659963790837107,0.6967073233608562,0.6232202583133578
2021-06-21,0.6679336971334495,0.6744443186608482,0.6854569106686419,0.6832627805395901,0.6832627805395901,0.08929479298582929,2021,6,21,0,0.6630483510178224,0.6336910981760523,0.6727796010582812,0.6563986989505117,72.22346817463017,0.016380902107769435,0.016230206820944504,0.00015069528682493116,0.6630483510178224,0.6964250044339114,0.6296716976017335
2021-06-22,0.6726255719618239,0.6759819769774355,0.6915229765954689,0.6869139187966637,0.6869139187966637,0.0649282221462179,2021,6,22,1,0.6652833121388401,0.6356035236440662,0.6749541114795709,0.6586590856057822,76.29233478423068,0.016295025873788616,0.01624317063151333,5.1855242275286595e-05,0.6652833121388401,0.6987721252070551,0.631794499070625
2021-06-23,0.6732864399828866,0.6794496026266779,0.6930560783030972,0.6833063666923685,0.6833063666923685,0.05896599217977278,2021,6,23,2,0.6672976639592378,0.6373601125225484,0.6762390738200013,0.6604848101307146,78.34338777875193,0.015754263689286674,0.016145389243068,-0.00039112555378132546,0.6672976639592378,0.6999847648939724,0.6346105630245032
2021-06-24,0.6766136711829835,0.6777322873623032,0.6978694990665533,0.6888082534631612,0.6888082534631612,0.05545336057163457,2021,6,24,3,0.6691770653392372,0.6393100900763503,0.6781727937651028,0.6625828429701551,74.82288972430946,0.015589950794947627,0.016034301553443923,-0.00044435075849629663,0.6691770653392372,0.7022915387207442,0.6360625919577301
2021-06-25,0.6759759982377558,0.6775311984191665,0.6943614195460412,0.6868837907067509,0.6868837907067509,0.12270176833270169,2021,6,25,4,0.6714802579002047,0.6409411513712753,0.6795129471407408,0.664382913172866,70.44492924476037,0.015130033967874823,0.015853448036330105,-0.0007234140684552817,0.6714802579002047,0.7026403108257891,0.6403202049746203
2021-06-28,0.676260147829157,0.6764236764915521,0.6911647166794364,0.6857069712872932,0.6857069712872932,0.09786376535620858,2021,6,28,0,0.6735728964859985,0.6425413001596486,0.6804658739325181,0.665962473033194,66.00508383740035,0.014503400899324115,0.015583438608928909,-0.001080037709604794,0.6735728964859985,0.7024596984880154,0.6446860944839816
2021-06-29,0.6747567566760284,0.6742020402046565,0.6875151851357542,0.6803357960359024,0.6803357960359024,0.06477107810059068,2021,6,29,1,0.6750910357150837,0.6440029112331387,0.6804458619484234,0.6670271636259871,58.289958689307255,0.013418698322436251,0.01515049055163038,-0.0017317922291941283,0.6750910357150837,0.7018701010636293,0.648311970366538
2021-06-30,0.6673624176146922,0.6662911419816228,0.6828955521483455,0.675625145460403,0.675625145460403,0.07889555467226222,2021,6,30,2,0.676516637853761,0.6454291170735597,0.6797042132579587,0.6676640511692772,45.182227818573324,0.012040162088681527,0.014528424859040611,-0.0024882627703590836,0.676516637853761,0.6998367706826917,0.6531965050248304
2021-07-01,0.6620506659491303,0.6706586213685393,0.6835227041612926,0.6826827360184138,0.6826827360184138,0.04706926354905205,2021,7,1,3,0.6785745751563811,0.6469987554208768,0.680162447528798,0.6687765463432873,53.90787947161977,0.011385901185510638,0.013899920124334617,-0.0025140189388239784,0.6785745751563811,0.6951942785456846,0.6619548717670776
2021-07-02,0.6751995182931236,0.6863849000721844,0.6965709496418899,0.698444119185946,0.698444119185946,0.06574167367652362,2021,7,2,4,0.6806301641712007,0.6490537405998416,0.6829750123991284,0.6709741443316324,61.49811886262243,0.012000868067496007,0.013520109712966896,-0.0015192416454708896,0.6806301641712007,0.6963318323556242,0.6649284959867772
2021-07-06,0.6924470925276422,0.6932179489025367,0.7077206813538501,0.7054983837852216,0.7054983837852216,0.06661983157855816,2021,7,6,1,0.6827982396585549,0.6509321022154023,0.6864401464585274,0.6735314954022685,66.95087428533546,0.012908651056258824,0.013397817981625282,-0.000489166925366458,0.6827982396585549,0.6996785730512063,0.6659179062659035
2021-07-07,0.6983384435411566,0.6981977860821321,0.7169055991851885,0.7075536586444631,0.7075536586444631,0.045035634723287817,2021,7,7,2,0.6847881141661085,0.6527748578333692,0.6896883791025175,0.6760516556424311,69.92088749476397,0.013636723460086375,0.0134455990773175,0.00019112438276887474,0.6847881141661085,0.7034872090864371,0.6660890192457799
2021-07-08,0.6845205024711611,0.6941935958270856,0.7052119645241917,0.7015153202108346,0.7015153202108346,0.0593634741775358,2021,7,8,3,0.6863327410355152,0.6546284091378785,0.6915079085037971,0.6779378530178684,62.50224559222325,0.013570055485928711,0.013470490359039744,9.956512688896746e-05,0.6863327410355152,0.7052079103727427,0.6674575716982878
2021-07-09,0.6891099819433935,0.6929871940168989,0.7113545420855836,0.7041807207422316,0.7041807207422316,0.03776078978748578,2021,7,9,4,0.6875043673325083,0.6560471711339612,0.6934575719250946,0.679881769145599,68.52351661478352,0.01357580277949566,0.013491552843130928,8.424993636473206e-05,0.6875043673325083,0.7077772485836199,0.6672314860813967
2021-07-12,0.6949846932985171,0.6990555339587494,0.7158178952663685,0.7108158877186372,0.7108158877186372,0.046255812018746366,2021,7,12,0,0.6891363307937404,0.6572634924825151,0.6961280820471781,0.6821731853361944,68.81757382120689,0.01395489671098371,0.013584221616701486,0.00037067509428222525,0.6891363307937404,0.7114043400971319,0.6668683214903488
2021-07-13,0.7019102010635081,0.707441126816393,0.7228679726070943,0.7137027126117109,0.7137027126117109,0.04474907793420286,2021,7,13,1,0.6906928627178612,0.6586701195572193,0.6988318713647985,0.6845087058751216,68.48859934551933,0.014323165489676937,0.013732010391296576,0.0005911550983803606,0.6906928627178612,0.7152620644466373,0.6661236609890852
2021-07-14,0.7086506834928019,0.7137302736644959,0.731441042112122,0.7209983439139501,0.7209983439139501,0.05072979543542767,2021,7,14,2,0.6927211299204508,0.6603229071411364,0.7022420979108219,0.6872116420261458,74.7534258447341,0.015030455884676108,0.013991699489972484,0.001038756394703624,0.6927211299204508,0.7202441231686076,0.6651981366722939
2021-07-15,0.712605708253975,0.711086701973621,0.7226029217287269,0.7155265449996986,0.7155265449996986,0.04460117765596546,2021,7,15,3,0.6945886262457358,0.6621406499400806,0.7042858590014184,0.689309042246409,67.55362196100076,0.014976816755009392,0.014188722942979865,0.0007880938120295271,0.6945886262457358,0.723010227708669,0.6661670247828027
2021-07-16,0.7069292321936922,0.7083706069419782,0.7241223854108589,0.7194091324335882,0.7194091324335882,0.03660531886375611,2021,7,16,4,0.6964241072006926,0.664019348174852,0.7066125164525214,0.6915386785565704,70.83277641846652,0.01507383789595107,0.014365745933574108,0.0007080919623769621,0.6964241072006926,0.726316253699814,0.6665319607015712
2021-07-19,0.703720884017603,0.7022000579395634,0.7085909451084362,0.7020316216599629,0.7020316216599629,0.0867712444884037,2021,7,19,0,0.6976601102453396,0.6653854724482808,0.7059077634075125,0.6923159336012661,58.65904265929055,0.013591829806246403,0.014210962708108567,-0.0006191329018621645,0.6976601102453396,0.7262402569163481,0.6690799635743311
2021-07-20,0.6961114188882538,0.7071730521750884,0.7130195437596409,0.7144201675086931,0.7144201675086931,0.056146643125872385,2021,7,20,1,0.6992179795937947,0.666883092523639,0.7072173640384634,0.6939532842610755,66.82664169495496,0.01326407977738786,0.014021586121964427,-0.0007575063445765667,0.6992179795937947,0.7278903392948451,0.6705456198927443
2021-07-21,0.7012857380774238,0.7112333703933471,0.722626676096167,0.724471757956679,0.724471757956679,0.036078424122535376,2021,7,21,2,0.7010958715517954,0.6689641628750961,0.7098718861797273,0.6962139119422313,72.90646128635555,0.01365797423749604,0.01394886374507075,-0.00029088950757471047,0.7010958715517954,0.731256245857756,0.6709354972458349
2021-07-22,0.7135969111613132,0.7170825185747036,0.7348539409960684,0.7293534875346152,0.7293534875346152,0.03083720801249757,2021,7,22,3,0.7033982275939078,0.6713634802703458,0.7128690556189409,0.6986686953194449,72.34203807490894,0.014200360299496007,0.013999163055955803,0.0002011972435402038,0.7033982275939078,0.7348435464081198,0.6719529087796958
2021-07-23,0.7308445382621016,0.7520487827285885,0.750494199960553,0.7594446163899544,0.7594446163899544,0.0898586627966094,2021,7,23,4,0.7069300457402475,0.6748318640687101,0.7200345265067891,0.7031706153987418,75.67884222605439,0.016863911108047303,0.014572112666374103,0.002291798441673199,0.7069300457402475,0.7463353457347539,0.6675247457457412
2021-07-26,0.7506033396071938,0.7580116042091779,0.770553525915352,0.7717057833835799,0.7717057833835799,0.07448627762730978,2021,7,26,0,0.7111711453740889,0.678391980759436,0.72798395064168,0.7082472945087298,76.70025810822351,0.01973665613295017,0.015605021359689317,0.004131634773260853,0.7111711453740889,0.7588763789955195,0.6634659117526582
2021-07-27,0.7622405404434165,0.7599761818080846,0.7532102882028204,0.7526082959656951,0.7526082959656951,0.162819718804596,2021,7,27,1,0.714516211608009,0.6812067738353156,0.7317723114607593,0.7115332946166532,65.97399985307425,0.020239016844106117,0.016531820456572678,0.0037071963875334388,0.714516211608009,0.7640505126862046,0.6649819105298135
2021-07-28,0.7526650976927032,0.7577676710526378,0.7617085593247412,0.7498255279832086,0.7498255279832086,0.2207041901997578,2021,7,28,2,0.7179906982053743,0.6839307068147795,0.73454972938729,0.7143697563475091,67.53300425610783,0.02017997303978092,0.017261450973214326,0.0029185220665665923,0.7179906982053743,0.7671774080975844,0.6688039883131642
2021-07-29,0.7382498140329838,0.7411251432337628,0.7602672117507621,0.7508916922191046,0.7508916922191046,0.057071019864856125,2021,7,29,3,0.7217540255433094,0.686796529351331,0.7370638775152616,0.7170750849305902,67.15169883466017,0.019988792584671344,0.017806919295505732,0.0021818732891656124,0.7217540255433094,0.7687617779549071,0.6747462731317116
2021-07-30,0.7325032637322018,0.7320265459291813,0.7512671619101015,0.7420436763828203,0.7420436763828203,0.07865521672012646,2021,7,30,4,0.7247220725615298,0.6894499862039767,0.737830000417963,0.718924610223348,61.283105522885045,0.018905390194615013,0.01802661347532759,0.0008787767192874225,0.7247220725615298,0.768743909107682,0.6807002360153775
2021-08-02,0.732328111172373,0.7336690239092729,0.750283408843645,0.7471969611036904,0.7471969611036904,0.06102735230770653,2021,8,2,0,0.7271597146574169,0.6918887997615396,0.7392710712926903,0.7210188584367067,61.90699925821346,0.018252212855983663,0.018071733351458806,0.00018047950452485667,0.7271597146574169,0.7704479231962378,0.683871506118596
2021-08-03,0.7357347012515865,0.7357456530692227,0.7469793286217603,0.7491449067381054,0.7491449067381054,0.056054205451974,2021,8,3,1,0.7293420408050613,0.694440266357796,0.7407901228996773,0.7231022694219955,60.40140578109212,0.01768785347768176,0.017994957376703397,-0.00030710389902163793,0.7293420408050613,0.7724325507145979,0.6862515308955246
2021-08-04,0.7373834416049956,0.7370806138893464,0.7553517641435248,0.7474584847259235,0.7474584847259235,0.04433310840166018,2021,8,4,2,0.7313372821091342,0.6965451421247881,0.7418160247190997,0.7249064335185829,62.13991274369524,0.016909591200516827,0.017777884141466083,-0.0008682929409492557,0.7313372821091342,0.7738717619830471,0.6888028022352213
2021-08-05,0.7359230571622752,0.739796715513421,0.7566095966515887,0.753570597752301,0.753570597752301,0.0227858866159492,2021,8,5,3,0.7339400459862075,0.6987561674741459,0.7436244205703614,0.7270297049433027,62.77103526993764,0.01659471562705872,0.01754125043858461,-0.0009465348115258905,0.7339400459862075,0.7751407044204317,0.6927393875519834
2021-08-06,0.737684131730532,0.7406540678441382,0.7596450975129361,0.754214284762096,0.754214284762096,0.03061535759514148,2021,8,6,4,0.7364417241872008,0.7008160486521242,0.7452536304460129,0.7290433775224725,72.29798695117407,0.01621025292354039,0.01727505093557577,-0.0010647980120353784,0.7364417241872008,0.7760805067797796,0.696802941594622
2021-08-09,0.7420059955372145,0.7488382750992201,0.7622439572040391,0.7606918844434263,0.7606918844434263,0.025133803532967895,2021,8,9,0,0.7389355240234402,0.7032134875512448,0.747628746445615,0.731387711368469,70.82414823309296,0.016241035077145916,0.0170682477638898,-0.0008272126867438848,0.7389355240234402,0.778058442817329,0.6998126052295514
2021-08-10,0.7494766140174571,0.7503545014204581,0.7676675130423478,0.761325546638082,0.761325546638082,0.042049897856370345,2021,8,10,1,0.7413166657247587,0.7055629144925781,0.7497359464752253,0.7336053287958477,68.12187149766837,0.016130617679377623,0.016880721746987366,-0.0007501040676097422,0.7413166657247587,0.7797644014213803,0.7028689300281372
2021-08-11,0.7508214460111613,0.7523075093017892,0.7685071762222779,0.758596396329075,0.758596396329075,0.038213734389587826,2021,8,11,2,0.7431965683455151,0.7077353821900756,0.7510990926065868,0.7354565189834942,64.69041179099284,0.015642573623092626,0.01663309212220842,-0.000990518499115793,0.7431965683455151,0.7811346314906404,0.7052585052003897
2021-08-12,0.7470546714281379,0.7494744183853532,0.7646251727724014,0.7632902695885357,0.7632902695885357,0.03563472328782318,2021,8,12,3,0.7455847545749569,0.7100589255281092,0.7529746582961174,0.7375182782875713,52.593740672063745,0.0154563800085461,0.016397749699475956,-0.0009413696909298559,0.7455847545749569,0.78217844682857,0.7089910623213438
2021-08-13,0.7513137168898387,0.7511620611147949,0.7729602634915476,0.763400978416593,0.763400978416593,0.02608591157412115,2021,8,13,4,0.7477843468741071,0.7124964652971209,0.7545787075454213,0.7394355153341655,43.30072700793189,0.015143192211255818,0.01614683820183193,-0.0010036459905761116,0.7477843468741071,0.7830165316142017,0.7125521621340125
2021-08-16,0.7489512686787931,0.7532485525525184,0.76045591416137,0.7668207747858424,0.7668207747858424,0.05132139654837726,2021,8,16,0,0.7510238045304011,0.7146862340150466,0.7564621025054862,0.7414640530713268,65.3465286315672,0.014998049434159388,0.015917080448297424,-0.0009190310141380352,0.7510238045304011,0.7798806180189641,0.722166991041838
2021-08-17,0.7502134112183889,0.7514554902482904,0.7646829542174136,0.7559879863688264,0.7559879863688264,0.0662593246503545,2021,8,17,1,0.7531021954734076,0.7165632562616605,0.7563891615613846,0.7425398999822527,55.66869138361782,0.01384926157913191,0.015503516674464321,-0.0016542550953324107,0.7531021954734076,0.7762894069317176,0.7299149840150977
2021-08-18,0.7431062020844088,0.7486570030056742,0.7621912543258496,0.7510895733527191,0.7510895733527191,0.036965825791959776,2021,8,18,2,0.7544330862432098,0.718229924358847,0.755573840298513,0.7431732091208058,50.17003760994546,0.012400631177707289,0.014882939575112917,-0.0024823083974056283,0.7544330862432098,0.7733664623585161,0.7354997101279035
2021-08-19,0.732215783565809,0.7431061096177936,0.7549507137327389,0.7533928735379561,0.7533928735379561,0.05250459877427644,2021,8,19,3,0.7556350555433767,0.7198853261731522,0.7552383069507351,0.743930221299854,60.98818162069915,0.01130808565088115,0.014167968790266564,-0.0028598831393854135,0.7556350555433767,0.7704741691497217,0.7407959419370318
2021-08-20,0.7428914262554327,0.7507698509852019,0.762503922716967,0.7636087837819171,0.7636087837819171,0.039877612519758555,2021,8,20,4,0.7558432639129748,0.721542537952743,0.7565260726170708,0.7453878925948216,64.47113617647474,0.0111381800222492,0.013562011036663092,-0.0024238310144138915,0.7558432639129748,0.7710204435527079,0.7406660842732418
2021-08-23,0.7555496730082445,0.774255388798678,0.7780112959155723,0.7814623894551229,0.7814623894551229,0.0654181418178793,2021,8,23,0,0.756331094216552,0.7236082533719655,0.7603624290536942,0.7480600775474365,72.2538384434083,0.012302351506257692,0.013310079130582013,-0.0010077276243243213,0.756331094216552,0.7740666233221681,0.7385955651109358
2021-08-24,0.7723677418427972,0.7797304362602306,0.7957253981798647,0.79017288762661,0.79017288762661,0.03785322746138416,2021,8,24,1,0.7582093237995978,0.7257602696419119,0.7649486534495274,0.7511795449607086,76.8188270473388,0.013769108488818849,0.013401885002229382,0.0003672234865894665,0.7582093237995978,0.7814017025032138,0.7350169450959818
2021-08-25,0.7812194916191828,0.781744404357186,0.8031086893319728,0.7938709916396931,0.7938709916396931,0.027278357567410177,2021,8,25,2,0.760411596982422,0.7280290294774626,0.7693982439403222,0.7543418743443371,76.0941603131025,0.015056369595985108,0.01373278192098053,0.0013235876750045793,0.760411596982422,0.7881677794879751,0.7326554144768689
2021-08-26,0.7794716270100699,0.7805695802946837,0.800742825040565,0.7883255187161219,0.7883255187161219,0.03691036318762075,2021,8,26,3,0.7622832883072729,0.7302320074819052,0.7723101323673683,0.7568591813348396,70.76840984471269,0.015450951032528693,0.014076415743290164,0.0013745352892385286,0.7622832883072729,0.7922935349473074,0.7322730416672384
2021-08-27,0.7761278552758377,0.7929383401427877,0.8002567035365404,0.8046033106217738,0.8046033106217738,0.08146532200663703,2021,8,27,4,0.7654112700192205,0.7326700834276515,0.777278313637277,0.7603957835042422,73.88487653118703,0.016882530133034757,0.014637638621239082,0.002244891511795674,0.7654112700192205,0.7993262652966445,0.7314962747417965
2021-08-30,0.7932564936200788,0.8026852503623595,0.8177971487294191,0.8107656617183999,0.8107656617183999,0.04612639927528863,2021,8,30,0,0.768589705049956,0.735339165446679,0.7824302133420651,0.7641268855941798,75.36645456281316,0.018303327747885234,0.015370776446568315,0.0029325513013169196,0.768589705049956,0.8069420565442168,0.7302373535556953
2021-08-31,0.8010543212684003,0.8001965942232261,0.8205165546967323,0.8107154236481513,0.8107154236481513,0.09160573483328865,2021,8,31,1,0.7716682308954583,0.7378882183088503,0.7867817841583861,0.7675778884129925,77.4968127074818,0.019203895745393607,0.016137400306333375,0.0030664954390602316,0.7716682308954583,0.8132012695332241,0.7301351922576925
2021-09-01,0.7995045994381558,0.8048673056895269,0.8246943183775024,0.8132634634340207,0.8132634634340207,0.041079302280437414,2021,9,1,2,0.7749584798308632,0.7404152092015974,0.7908558886623298,0.7709620050812168,76.97549513478194,0.019893883581112992,0.0168886969612893,0.0030051866198236923,0.7749584798308632,0.8187792991246874,0.731137660537039
2021-09-02,0.8014837738020961,0.8016007623909895,0.8144420312904845,0.8023803296577645,0.8023803296577645,0.06890304212384799,2021,9,2,3,0.7773989664261364,0.7427966884609054,0.7926288795847043,0.7732892883831833,68.84891729883475,0.019339591201520956,0.01737887580933563,0.001960715392185324,0.7773989664261364,0.8216391049495301,0.7331588279027427
2021-09-03,0.7895657539494638,0.7953511503555932,0.8103526564279995,0.806108622110818,0.806108622110818,0.05623908079977075,2021,9,3,4,0.7799936832935724,0.7451426958338584,0.7947026861271834,0.7757203501407859,68.94158124572695,0.018982335986397536,0.017699567844748014,0.001282768141649522,0.7799936832935724,0.8245941684736809,0.7353931981134639
2021-09-07,0.7935538531706234,0.7982980068653056,0.817395989540763,0.8110975803301513,0.8110975803301513,0.03805659034396059,2021,9,7,1,0.7825139680879087,0.7476269716263265,0.7972249775430247,0.7783408857103685,78.15618219177301,0.018884091832656158,0.017936472642329643,0.0009476191903265152,0.7825139680879087,0.8282053166529779,0.7368226195228396
2021-09-08,0.7978095746656166,0.7964982070959141,0.8150776407828522,0.8068362091119307,0.8068362091119307,0.03951710559155489,2021,9,8,2,0.7847895012116012,0.7500495563828192,0.7987036285536256,0.7804516504067806,78.66826957627268,0.018251978146845094,0.017999573743232734,0.00025240440361236,0.7847895012116012,0.8305707500046775,0.7390082524185249
2021-09-09,0.7944393830130974,0.7972794102484466,0.8166685783244281,0.8070373692653464,0.8070373692653464,0.03633724960945083,2021,9,9,3,0.7872115498584147,0.7525835878474081,0.7999857425092749,0.7824209629148224,78.19686543905976,0.017564779594452462,0.01791261491347668,-0.00034783531902421796,0.7872115498584147,0.8322780399570601,0.7421450597597693
2021-09-10,0.7981400086761479,0.7995834783009057,0.7983632683347259,0.7869710220212534,0.7869710220212534,0.11998410072008947,2021,9,10,4,0.7883955874800506,0.7548105053786252,0.7979834778188101,0.7827580043301137,61.127486103613556,0.015225473488696406,0.017375186628520625,-0.002149713139824219,0.7883955874800506,0.8320376406391071,0.744753534320994
2021-09-13,0.7833209787063786,0.787532493436443,0.8020413200762933,0.7973243493465819,0.7973243493465819,0.0611937401207236,2021,9,13,0,0.79009175602655,0.7571033376451886,0.7978820734384673,0.783836992849852,58.136417460297956,0.01404508058861531,0.016709165420539563,-0.0026640848319242523,0.79009175602655,0.8322554454940394,0.7479280665590606
2021-09-14,0.7896648715968844,0.7910693264333252,0.8062768652020755,0.7969287882462119,0.7969287882462119,0.05537016666512604,2021,9,14,1,0.7915971566995685,0.7590730310263938,0.7977354141781203,0.7848067554718046,53.7886324068377,0.012928658706315765,0.015953064077694805,-0.0030244053713790395,0.7915971566995685,0.8323901416179472,0.7508041717811899
2021-09-15,0.7870083944102855,0.7966992894466193,0.801861129534041,0.8089987193181313,0.8089987193181313,0.06337526922472522,2021,9,15,2,0.7942476933470338,0.761143037737052,0.7994682303535067,0.7865987527937547,57.755265629545185,0.012869477559751985,0.015336346774106242,-0.0024668692143542566,0.7942476933470338,0.8320800539524607,0.756415332741607
2021-09-16,0.7960088702199295,0.7941842767656813,0.8097499318455652,0.8034164127426813,0.8034164127426813,0.06172987862933416,2021,9,16,3,0.7968640353165319,0.7630602928190163,0.8000756430287643,0.787844505382564,57.733462172595615,0.012231137646200319,0.014715304948525057,-0.002484167302324739,0.7968640353165319,0.8289269762314391,0.7648010944016248
2021-09-17,0.787269348925852,0.7879181638738225,0.7937401544554659,0.7839032005995953,0.7839032005995953,0.24544051173496267,2021,9,17,4,0.7983895516696138,0.7647080504267916,0.7975875749627384,0.7875525568801219,39.7325191739094,0.01003501808261642,0.01377924757534333,-0.0037442294927269096,0.7983895516696138,0.8239973226235798,0.7727817807156477
2021-09-20,0.7555608608325717,0.7557009964645053,0.7664879054203069,0.7674980231332769,0.7674980231332769,0.1293295495512151,2021,9,20,0,0.7985840136371818,0.7659743964746124,0.7929584131428211,0.7860670358618371,30.518331638531393,0.00689137728098399,0.012401673516471461,-0.005510296235487471,0.7985840136371818,0.8231161776765689,0.7740518495977947
2021-09-21,0.762941031733626,0.7652540694157739,0.7790823976119288,0.7717191878019498,0.7717191878019498,0.05173736608091994,2021,9,21,1,0.7980968535545232,0.7671924624762788,0.7896908400134562,0.7850042323018456,33.07719213499823,0.004686607711610669,0.010858660355499303,-0.006172052643888634,0.7980968535545232,0.8243847372865517,0.7718089698224947
2021-09-22,0.7625016006915226,0.7703427410497588,0.7829321416246264,0.780382820800857,0.780382820800857,0.06993834407150978,2021,9,22,2,0.7976073502132355,0.7685260646400617,0.7882588370576717,0.7846619055239946,36.45031177484741,0.003596931533677128,0.00940631459113487,-0.005809383057457741,0.7976073502132355,0.8248632772276228,0.7703514231988482
2021-09-23,0.772803848918193,0.774752820730107,0.7939781332413471,0.7863373665321592,0.7863373665321592,0.0477717898706797,2021,9,23,3,0.7972306689578588,0.7698328450924259,0.787963226207593,0.7847860137468217,43.108988132585566,0.003177212460771295,0.008160494165062154,-0.004983281704290859,0.7972306689578588,0.8249089742723227,0.7695523636433949
2021-09-24,0.7684192658907845,0.7790447969971421,0.7923056530887023,0.7917453217909333,0.7917453217909333,0.03703977593107847,2021,9,24,4,0.7974016591115994,0.7713572206282504,0.7885450870665683,0.7853015180463855,43.918218762159356,0.003243569020182857,0.007177109136086295,-0.003933540115903438,0.7974016591115994,0.8248899278407309,0.769913390382468
2021-09-27,0.772645236892499,0.7763847310422365,0.7899227786578171,0.7841546994066891,0.7841546994066891,0.055037391039091894,2021,9,27,0,0.7963792285508452,0.7726521319677125,0.7878696428112023,0.7852165685175191,38.83764043688992,0.002653074293683222,0.0062723021676056815,-0.0036192278739224596,0.7963792285508452,0.8242580423559807,0.7685004147457097
2021-09-28,0.756144392109334,0.7573095695685338,0.7572893971537902,0.7485012197283105,0.7485012197283105,0.16293988778066387,2021,9,28,1,0.7932660064513406,0.7735815239290795,0.7818129623369113,0.7824969130516518,30.820754211577935,-0.0006839507147404777,0.00488105159113645,-0.005565002305876927,0.7932660064513406,0.8275506522822628,0.7589813606204184
2021-09-29,0.7430678806471533,0.742753434300907,0.7474314230482126,0.7373498031233595,0.7373498031233595,0.08967378744881263,2021,9,29,2,0.7895977254251011,0.7740401166413728,0.7749724763040572,0.7791526826865931,28.62720656440466,-0.0041802063825359115,0.0030687999964019775,-0.0072490063789378886,0.7895977254251011,0.8309850852655648,0.7482103655846374
2021-09-30,0.7246658062064499,0.7308310018539501,0.7389331519262918,0.728931017014076,0.728931017014076,0.13106737782050454,2021,9,30,3,0.7853811031041038,0.7741293018225207,0.7678891748748293,0.7754325593034437,30.82984015915335,-0.0075433844286143525,0.0009463631113987118,-0.008489747540013064,0.7853811031041038,0.83328698377189,0.7374752224363176
2021-10-01,0.7195741698631046,0.7405944129299841,0.7414996434023458,0.7503686382690766,0.7503686382690766,0.09914864902339598,2021,10,1,4,0.7827805185346695,0.7745496048372101,0.7651937077047135,0.7735759725601572,35.54901311086432,-0.008382264855443688,-0.0009193624819697683,-0.007462902373473921,0.7827805185346695,0.8324165874457419,0.733144449623597
2021-10-04,0.7337488657376627,0.7315561759297451,0.726467915039126,0.732280418393807,0.732280418393807,0.11367060759283054,2021,10,4,0,0.779089108348819,0.774006320877287,0.7601301247338048,0.770517042621909,32.057875842377555,-0.010386917888104197,-0.0028128735631966543,-0.007574044324907542,0.779089108348819,0.8322745661259237,0.7259036505717142
2021-10-05,0.72251813382438,0.7425128171374954,0.7457317688238285,0.748454253972301,0.748454253972301,0.07945018071565246,2021,10,5,1,0.7759569420309264,0.7735412902890615,0.7583338369243426,0.7688827619811973,33.57109085869861,-0.010548925056854674,-0.004360083861928259,-0.006188841194926416,0.7759569420309264,0.828580799082733,0.7233330849791197
2021-10-06,0.7266516417203737,0.7457431416164547,0.7490392687500125,0.7563467138173174,0.7563467138173174,0.05928952403841709,2021,10,6,2,0.7734324672661957,0.7736160586460941,0.758028125677108,0.7679541658209099,37.3856564142621,-0.00992604014380194,-0.0054732751183029955,-0.004452765025498944,0.7734324672661957,0.8246443214257186,0.7222206131066728
2021-10-07,0.7546542637816187,0.7609218463534122,0.7767538849217561,0.7686279304412208,0.7686279304412208,0.05229199212431019,2021,10,7,3,0.7715119953249895,0.7739921066952542,0.759658864871587,0.7680040743113034,45.74125718237534,-0.008345209439716395,-0.006047661982585676,-0.0022975474571307183,0.7715119953249895,0.8202381612490008,0.7227858294009781
2021-10-08,0.7615466970866231,0.7619934593057368,0.7826438530737032,0.7744651154269956,0.7744651154269956,0.05540714173468538,2021,10,8,4,0.7708866999952766,0.774463575159412,0.7619367495724191,0.7684826699495028,52.06405281930795,-0.0065459203770836805,-0.006147313661485277,-0.0003986067155984036,0.7708866999952766,0.8190957970704393,0.7226776029201138
2021-10-11,0.7608461991881301,0.7649380084643658,0.7784093413376894,0.7663614706134244,0.7663614706134244,0.04459193388857562,2021,10,11,0,0.7693385560586187,0.7749499310440241,0.7626174758864199,0.7683255440727562,48.44842925881692,-0.00570806818633629,-0.00605946456645548,0.00035139638011918994,0.7693385560586187,0.8159345788131644,0.7227425333040729
2021-10-12,0.7597723134349672,0.7578930063634897,0.7610286568432862,0.7520484016582265,0.7520484016582265,0.07210138564073174,2021,10,12,1,0.7670945367292193,0.7750469598551147,0.7609914644666979,0.7671198298198281,42.05446597563222,-0.006128365353130216,-0.006073244723790428,-5.5120629339788264e-05,0.7670945367292193,0.8124008983612645,0.7217881750971742
2021-10-13,0.7472991977503922,0.7503446457351161,0.7659678588179635,0.7600078835950921,0.7600078835950921,0.04364906961481221,2021,10,13,2,0.7646449949430674,0.7752642193922545,0.7608401443326047,0.7665930189883661,42.6987882393211,-0.005752874655761353,-0.006009170710184613,0.0002562960544232598,0.7646449949430674,0.8054898115453223,0.7238001783408125
2021-10-14,0.7618506120546118,0.7707910857349957,0.7820296184328615,0.7835578775694741,0.7835578775694741,0.06697109473937199,2021,10,14,3,0.7636520681844071,0.7759862072491255,0.7643351802152,0.7678496751795593,47.937162605466774,-0.0035144949643592938,-0.00551023556101955,0.001995740596660256,0.7636520681844071,0.8013745358037198,0.7259296005650945
2021-10-15,0.7767060404510757,0.7744069817648593,0.7937605910978598,0.7853214403665121,0.7853214403665121,0.06615764320906628,2021,10,15,4,0.763722980172753,0.7766212241014097,0.7675638356230942,0.7691438800082224,50.30285455684748,-0.0015800443851282653,-0.0047241973258412935,0.003144152940713028,0.763722980172753,0.801610707479113,0.7258352528663929
2021-10-18,0.770186995000741,0.7796726997436916,0.7947735986128266,0.7939413866292114,0.7939413866292114,0.044499496214677255,2021,10,18,0,0.7650451483475498,0.7774157661387521,0.771621920393266,0.7709807323505179,63.720649273556596,0.0006411880427481531,-0.0036511202521234045,0.004292308294871558,0.7650451483475498,0.8052615838405178,0.7248287128545817
2021-10-19,0.7839190283824595,0.7869787357688519,0.807571940533504,0.7997183020240363,0.7997183020240363,0.03873138536341871,2021,10,19,1,0.766445104058654,0.7781962944903643,0.7759444406441538,0.773109441215223,69.46388715151288,0.00283499942893084,-0.002353896315912556,0.005188895744843396,0.766445104058654,0.8094896471108866,0.7234005610064214
2021-10-20,0.7900713405198241,0.7879066996351538,0.7995224461129897,0.790283489165676,0.790283489165676,0.05085920817888539,2021,10,20,2,0.7669401374768949,0.7787754533409162,0.7781504481090034,0.7743815929152565,69.02615033318207,0.0037688551937468118,-0.0011293460139806823,0.0048982012077274945,0.7669401374768949,0.8108780428387863,0.7230022321150036
2021-10-21,0.7766532006145017,0.7786888056871273,0.797652758479998,0.7927344324142789,0.7927344324142789,0.0365775875615866,2021,10,21,3,0.767259990771001,0.7794582140626203,0.7803941380021227,0.7757410625077767,64.89180942090783,0.004653075494345904,2.7138287684634914e-05,0.004625937206661269,0.767259990771001,0.8118802830386851,0.722639698503317
2021-10-22,0.764487330472907,0.7701779698126753,0.7672867972947024,0.7648694562537586,0.7648694562537586,0.10744030837208013,2021,10,22,4,0.7659161974941422,0.7794897977959246,0.7780057254254512,0.7749357583408125,60.71852381520971,0.0030699670846386917,0.0006357040470754464,0.0024342630375632454,0.7659161974941422,0.8090248177151561,0.7228075772731283
2021-10-25,0.7543072892369522,0.7546679096828423,0.7644178013597926,0.7658618458969055,0.7658618458969055,0.06538116674831995,2021,10,25,0,0.765001554818653,0.7795390151455309,0.7761374362672134,0.7742636166783009,56.36053636225052,0.0018738195889125286,0.0008833271554428628,0.000990492433469666,0.765001554818653,0.8072484630956,0.7227546465417058
2021-10-26,0.7661724758612942,0.76543795211226,0.7797621981141303,0.771890159515395,0.771890159515395,0.09854780414305656,2021,10,26,1,0.7661710018080072,0.779640402840122,0.775484009074626,0.7740878050366042,55.75783610823949,0.0013962040380217644,0.0009859025319586432,0.00041030150606312116,0.7661710018080072,0.8077848802404927,0.7245571233755218
2021-10-27,0.7615235020107884,0.8200134174443231,0.7858605778670715,0.8171896370206887,0.8171896370206887,0.20758728427357853,2021,10,27,2,0.7701629935028736,0.7808644358531592,0.7819002595278665,0.7772805333317216,64.45334378582399,0.004619726196144813,0.0017126672647958772,0.002907058931348936,0.7701629935028736,0.8153040947718297,0.7250218922339176
2021-10-28,0.8104016724984549,0.8088491607860857,0.8189087089949325,0.8151879798349267,0.8151879798349267,0.11777484031391836,2021,10,28,3,0.7744758416439163,0.7821464039828033,0.7870214472674142,0.780088492331959,62.40346818485876,0.0069329549354552045,0.002756724798927743,0.004176230136527462,0.7744758416439163,0.8195122612693058,0.7294394220185267
2021-10-29,0.7986455886382244,0.8166843119692665,0.8216485516046397,0.8295479072571427,0.8295479072571427,0.10176463519471995,2021,10,29,4,0.7784348050933195,0.783669504657187,0.7935639795735262,0.7837521526967874,68.53893832808296,0.00981182687673876,0.004167745214489947,0.0056440816622488135,0.7784348050933195,0.8282188291946523,0.7286507809919868
2021-11-01,0.8161244263695844,0.8152768212159429,0.8108591057965475,0.7993964082274241,0.7993964082274241,0.11710004529446022,2021,11,1,0,0.7817906045850005,0.7843852571460972,0.7944612762895106,0.7849109864397975,62.710608293891944,0.009550289849713067,0.005244254141534572,0.004306035708178496,0.7817906045850005,0.8273435040928228,0.7362377050771782
2021-11-02,0.7939497290147706,0.805526588410811,0.818075892022218,0.8134043607020488,0.8134043607020488,0.06569545483957442,2021,11,2,1,0.7850381099214878,0.7850240965710357,0.7973755969683627,0.7870216067555198,63.88346846170342,0.01035399021284289,0.006266201355796235,0.004087788857046654,0.7850381099214878,0.8298388573069396,0.740237362536036
2021-11-03,0.8036347767591578,0.8054606970562999,0.8208802603048997,0.8196203227665926,0.8196203227665926,0.05060962645935977,2021,11,3,2,0.7882017903689515,0.7856130452738356,0.8007978624757827,0.7894363264600437,60.30542042361068,0.011361536015738971,0.007285268287784783,0.004076267727954188,0.7882017903689515,0.8334061540271699,0.7429974267107332
2021-11-04,0.8097474590190921,0.8254983271836493,0.8316322593311203,0.832313991801458,0.832313991801458,0.08210314195653581,2021,11,4,3,0.7913860934369634,0.7863819052770709,0.8056464977566558,0.792612449818667,62.63930750406647,0.01303404793798879,0.008435024217825585,0.004599023720163206,0.7913860934369634,0.8396534812446832,0.7431187056292436
2021-11-05,0.8239784178211877,0.8295906318803561,0.8453450560162181,0.8360556819673196,0.8360556819673196,0.06226601713794474,2021,11,5,4,0.7944656217639796,0.7873365085420946,0.8103248337890656,0.7958304670148635,61.632485943597764,0.014494366774202128,0.009646892729100895,0.004847474045101233,0.7944656217639796,0.8459399918724002,0.742991251655559
2021-11-08,0.8282506732420323,0.8326478391037415,0.848526822321499,0.8367966733868021,0.8367966733868021,0.05292981207420896,2021,11,8,0,0.7979873819026485,0.7879803757973951,0.8143974244964097,0.7988650008201922,60.534570244204524,0.015532423676217544,0.010823998918524225,0.004708424757693319,0.7979873819026485,0.850981264222648,0.744993499582649
2021-11-09,0.8265721823953445,0.8283231643756384,0.8375607144533244,0.8361060273265598,0.8361060273265598,0.045941523927491894,2021,11,9,1,0.8021902631860651,0.7884871831095585,0.817737209547202,0.8016235953762194,63.6996269201296,0.01611361417098256,0.011881921969015892,0.004231692201966668,0.8021902631860651,0.8531371435250387,0.7512433828470916
2021-11-10,0.8150985365810335,0.8172577875999735,0.822726084792581,0.8185207044820485,0.8185207044820485,0.07289634963625774,2021,11,10,2,0.805115904230413,0.7886432887262365,0.8178577472294861,0.8028752330877623,57.069594613003446,0.014982514141723802,0.012502040403557475,0.002480473738166327,0.805115904230413,0.8524560387150403,0.7577757697457858
2021-11-11,0.8091328754171596,0.8159541078681093,0.8320368382240757,0.8193387428085194,0.8193387428085194,0.02554977306551058,2021,11,11,3,0.8069049474923652,0.7887647943137263,0.8180855927031836,0.8040947523263369,67.53368645334555,0.013990840376846725,0.012799800398215325,0.0011910399786313995,0.8069049474923652,0.8535135003322843,0.760296394652446
2021-11-12,0.8139205901842326,0.8249017121177913,0.8304017096726661,0.8387680549602877,0.8387680549602877,0.0467364879230179,2021,11,12,4,0.809577278222054,0.7894925488197769,0.8212675099735074,0.8066631451140369,70.97845824038617,0.014604364859470476,0.013160713290466357,0.0014436515690041188,0.809577278222054,0.8570952072412177,0.7620593492028904
2021-11-15,0.8282506732420323,0.8289725914115803,0.8453484757205176,0.8370414196929964,0.8370414196929964,0.04303898096708294,2021,11,15,0,0.8117322798752433,0.7901112047714204,0.8236942653149673,0.8089133876754413,69.222881806656,0.014780877639525958,0.013484746160278277,0.0012961314792476804,0.8117322798752433,0.8601649717815031,0.7632995879689836
2021-11-16,0.8227691151181658,0.8247237626098055,0.8432919620951818,0.834949311181876,0.834949311181876,0.04768859596417115,2021,11,16,1,0.8134938303331353,0.7905882393884548,0.8254258108329532,0.8108419746018438,57.033232827685765,0.01458383623110937,0.013704564174444496,0.0008792720566648746,0.8134938303331353,0.8626441486245107,0.7643435120417599
2021-11-17,0.8231557129319791,0.8233624452478772,0.8447400538971233,0.8348553796698572,0.8348553796698572,0.03861121638735083,2021,11,17,2,0.8157224248583443,0.7911486227996134,0.8268765137309384,0.8126207453476226,57.908229104438405,0.01425576838331577,0.013814805016218751,0.0004409633670970185,0.8157224248583443,0.8644819716708865,0.7669628780458022
2021-11-18,0.8226071725174802,0.8364417901204976,0.8477008583546173,0.8458994670499816,0.8458994670499816,0.09115279023118661,2021,11,18,3,0.8183806765901295,0.7919258647553061,0.8298031219338682,0.8150858358440937,56.75506500993855,0.014717286089774517,0.013995301230929905,0.0007219848588446119,0.8183806765901295,0.8676574966108166,0.7691038565694424
2021-11-19,0.8348589569556355,0.8380240066827217,0.8537447743875923,0.8408267027171982,0.8408267027171982,0.05929876780580693,2021,11,19,4,0.8221785389133014,0.793002978369225,0.8314990574389958,0.8169925667235829,71.58882282313374,0.014506490715412879,0.0140975391278265,0.00040895158758637827,0.8221785389133014,0.8654302426982083,0.7789268351283944
2021-11-22,0.8291874238915704,0.8307360800673503,0.8341511332944238,0.8215549645660671,0.8215549645660671,0.08167792865660328,2021,11,22,0,0.8249631948467595,0.7934875906736147,0.8299691969970068,0.8173305221193224,54.0263059270253,0.01263867487768433,0.013805766277798068,-0.0011670914001137376,0.8249631948467595,0.8591749339546068,0.7907514557389123
2021-11-23,0.8091726044188456,0.8106258211203262,0.819765280335087,0.8193991129828987,0.8193991129828987,0.05171887854614026,2021,11,23,1,0.8273386425201347,0.7939369971683484,0.8283430302256055,0.8174837510721799,49.8861583471858,0.01085927915342566,0.013216468852923588,-0.0023571896994979274,0.8273386425201347,0.851007238571469,0.8036700464688004
2021-11-24,0.8041304773370828,0.8060506735434695,0.8218695134524265,0.8191342097574349,0.8191342097574349,0.044037307845185385,2021,11,24,2,0.827435871156972,0.7941397069771345,0.8269262886151177,0.8176060072710877,42.222300309192775,0.009320281344030068,0.012437231351144884,-0.003116950007114816,0.827435871156972,0.8509443597542933,0.8039273825596508
2021-11-26,0.7953117028964278,0.7948237426373745,0.8034214597023437,0.792905410833286,0.792905410833286,0.046477662436102456,2021,11,26,4,0.8263217427068901,0.7939294869389467,0.8216923074179129,0.8157763334608802,29.876780796279462,0.005915973957032694,0.011132979872322448,-0.005217005915289754,0.8263217427068901,0.8540140335812477,0.7986294518325324
2021-11-29,0.7905734907826536,0.8051409179734316,0.8157472705541753,0.8150873964054379,0.8150873964054379,0.08938723065972767,2021,11,29,0,0.8255987171643048,0.7945531708550635,0.8206761672621475,0.815725301086403,41.563061153638444,0.004950866175744584,0.009896557133006875,-0.004945690957262291,0.8255987171643048,0.853688596241797,0.7975088380868125
2021-11-30,0.7981846740657681,0.803601545624611,0.8005693719276581,0.7905316150751012,0.7905316150751012,0.16016675756371265,2021,11,30,1,0.8251554775066886,0.7950138426938999,0.8160385438487557,0.8138591021226028,35.059652498067194,0.0021794417261529198,0.008353134051636084,-0.0061736923254831644,0.8251554775066886,0.8551981055847444,0.7951128494286328
2021-12-01,0.7900051915998509,0.8027488277733555,0.7967213955553538,0.7849391763955207,0.7849391763955207,0.09955537478854881,2021,12,1,2,0.8237322182913622,0.7952782424657714,0.8112540257790273,0.8117168854020782,38.05169130467086,-0.0004628596230509263,0.006589935316698683,-0.007052794939749609,0.8237322182913622,0.8584518666850173,0.7890125698977072
2021-12-02,0.7742213786410306,0.7907232896951275,0.7931996780093453,0.7994131922490247,0.7994131922490247,0.06615764320906628,2021,12,2,3,0.8227218617654838,0.7956588498947346,0.8094323590821039,0.8108055007240743,43.53840054464082,-0.0013731416419704434,0.004997319924964858,-0.006370461566935302,0.8227218617654838,0.8590826195695372,0.7863611039614303
2021-12-03,0.7918753689322193,0.7942699783773515,0.7943418388495145,0.7909909259530808,0.7909909259530808,0.09129144674203418,2021,12,3,4,0.8206557084730649,0.7957519210831531,0.8065952155237927,0.8093377544447414,33.31539748319854,-0.0027425389209487783,0.0034493481557821308,-0.006191887076730909,0.8206557084730649,0.8593432854366878,0.781968131509442
2021-12-06,0.7857858751398363,0.788590624866009,0.7909221957376058,0.7995472297271616,0.7995472297271616,0.07053918895184921,2021,12,6,0,0.818830285861057,0.7959079592418776,0.8055109100166187,0.8086125303915873,37.502517821437365,-0.003101620374968639,0.0021391544496319774,-0.005240774824600616,0.818830285861057,0.8579016813498447,0.7797588903722693
2021-12-07,0.8014871043770879,0.8146208544877873,0.825292576268635,0.8279788459904883,0.8279788459904883,0.07543838566846303,2021,12,7,1,0.8183893944912413,0.7967844421735538,0.8089675155510602,0.8100470722878022,48.0236449636993,-0.0010795567367419823,0.0014954122123571857,-0.0025749689490991677,0.8183893944912413,0.8568005869625235,0.779978202019959
2021-12-08,0.8172247320410342,0.820267212878637,0.8354734914754625,0.832565490608552,0.832565490608552,0.05559201708248213,2021,12,8,2,0.818212367655341,0.7984657275911586,0.8125979732522127,0.8117151032745245,49.36687147693626,0.000882869977688272,0.001372903765423403,-0.000490033787735131,0.818212367655341,0.8563111297865128,0.7801136055241692
2021-12-09,0.8161971307070013,0.8232239316661232,0.8377103044209211,0.8284449093693678,0.8284449093693678,0.05381721374363336,2021,12,9,3,0.818708577899707,0.8002876297160788,0.8150359634240828,0.8129543481704388,44.981891025362934,0.0020816152536440313,0.0015146460630675288,0.0005669691905765026,0.818708577899707,0.8570817725100198,0.7803353832893941
2021-12-10,0.8223032575494917,0.821872469989537,0.8365442804354413,0.8322603741279786,0.8322603741279786,0.06793244654791505,2021,12,10,4,0.8193546594656798,0.8023542168583567,0.8176858727631438,0.8143844241672936,47.51928401049945,0.0033014485958501316,0.0018720065696240494,0.0014294420262260822,0.8193546594656798,0.8582046827055482,0.7805046362258113
2021-12-13,0.8179681837836656,0.8163513480230642,0.8297626804759992,0.8190470307463159,0.8190470307463159,0.07934849927436427,2021,12,13,0,0.8183686082549814,0.8037277847079015,0.8178952816836318,0.8147298024324064,49.24731876125325,0.003165479251225345,0.0021307011059443085,0.0010347781452810364,0.8183686082549814,0.856129794741842,0.7806074217681207
2021-12-14,0.7936893758530221,0.7957796715988076,0.8017693210114565,0.8074196332363378,0.8074196332363378,0.08246364888473945,2021,12,14,1,0.8168875189321483,0.8052305690047521,0.8162836434609712,0.8141883084178829,46.59812152221285,0.002095335043088231,0.002123627893373093,-2.829285028486169e-05,0.8168875189321483,0.8538808124312292,0.7798942254330674
2021-12-15,0.7910195829747404,0.8094605560837412,0.8049171622184188,0.8234995373028133,0.8234995373028133,0.09402760188942605,2021,12,15,2,0.8163150302381952,0.8067314746713624,0.8173937809751007,0.8148780290760259,51.137476212193974,0.002515751899074825,0.0022020526945134393,0.0003136992045613858,0.8163150302381952,0.852476447479099,0.7801536129972914
2021-12-16,0.8155429172276385,0.8162788180898646,0.814346803063601,0.8065344722345881,0.8065344722345881,0.09458222793281632,2021,12,16,3,0.8148989848664318,0.8077352298397078,0.8157231180919449,0.814259987828512,53.73147842809973,0.0014631302634328103,0.0020542682082973136,-0.0005911379448645033,0.8148989848664318,0.8502115427282996,0.7795864270045639
2021-12-17,0.7801059759885898,0.7893065431677435,0.7986793564301431,0.7928852539140164,0.7928852539140164,0.16855085458629518,2021,12,17,4,0.8122482742096334,0.8082203763091637,0.8122096005261097,0.812676674205216,43.6233737600549,-0.00046707367910636677,0.0015499998308165777,-0.0020170735099229445,0.8122482742096334,0.8456712056479303,0.7788253427713365
2021-12-20,0.7666587992846294,0.7771132211111601,0.788223124433433,0.7901930445458796,0.7901930445458796,0.06160046588587644,2021,12,20,0,0.8097165913010675,0.8085349348915415,0.8088224380676128,0.8110112201563763,49.88879380471517,-0.0021887820887634968,0.0008022434469005629,-0.0029910255356640596,0.8097165913010675,0.8416629504733508,0.7777702321287843
2021-12-21,0.7829838901541475,0.7908356511004588,0.798319077324892,0.802390461761895,0.802390461761895,0.05829119716031466,2021,12,21,1,0.808758366160859,0.8092555147145108,0.8078329032513485,0.8103726454604888,55.49364927895914,-0.0025397422091403277,0.00013384631569238474,-0.002673588524832712,0.808758366160859,0.8403573935936213,0.7771593387280968
2021-12-22,0.7892618389814754,0.8080481407839626,0.813466368578136,0.8206865875859181,0.8206865875859181,0.0531609062589549,2021,12,22,2,0.80882273989101,0.8106282784330646,0.8098103931489746,0.8111366411734836,56.53948048759191,-0.0013262480245089803,-0.00015817255234788828,-0.001168075472161092,0.80882273989101,0.8405181393038087,0.7771273404782112
2021-12-23,0.809017217235604,0.8164179381753319,0.8337796432699087,0.8219840937096384,0.8219840937096384,0.0318078035884305,2021,12,23,3,0.80896523408862,0.8118678026353555,0.8116832701583075,0.8119401561761618,59.96380356832816,-0.0002568860178542298,-0.00017791524544915658,-7.897077240507324e-05,0.80896523408862,0.8408806844480203,0.7770497837292196
2021-12-27,0.8114887682107614,0.815454764131497,0.8358134427161898,0.8281632221223034,0.8281632221223034,0.029210304951886194,2021,12,27,0,0.8107281246530711,0.8127599095264122,0.8142186473835378,0.8131418647647648,59.34237326041983,0.0010767826187729757,7.302432739526987e-05,0.0010037582913777058,0.8107281246530711,0.8428031026823871,0.7786531466237551
2021-12-28,0.8175088816324354,0.8151119444999526,0.8268766676029946,0.8173270541020565,0.8173270541020565,0.05402057662620977,2021,12,28,1,0.8108401075379019,0.813400021801123,0.8146968638017714,0.8134518787897493,46.071078291822225,0.0012449850120220818,0.0003074164643206323,0.0009375685477014495,0.8108401075379019,0.842994707242723,0.7786855078330809
2021-12-29,0.8046558226757468,0.8072620064925432,0.8239464637201566,0.8177059384698171,0.8177059384698171,0.046616318946950015,2021,12,29,2,0.8121988237076376,0.8138753128379352,0.8151597983660861,0.8137669943216063,44.34345961145566,0.001392804044479834,0.0005244939803524727,0.0008683100641273613,0.8121988237076376,0.843008577515288,0.7813890698999872
2021-12-30,0.8047912462338895,0.8064627005226532,0.8256732988148969,0.8143397530684852,0.8143397530684852,0.02792542128469879,2021,12,30,3,0.813668852541286,0.8141677418588241,0.8150336375510706,0.813809420895449,44.59961622506093,0.0012242166556215572,0.0006644385154062896,0.0005597781402152676,0.813668852541286,0.841680767027166,0.7856569380554059
2021-12-31,0.7988042006639184,0.8018645123971204,0.8183240347403611,0.8054683079986921,0.8054683079986921,0.04789195884674758,2021,12,31,4,0.8139716083287694,0.8144714382354844,0.8135620483891661,0.8131915606808745,40.12456082028824,0.0003704877082916225,0.0006056483539833563,-0.0002351606456917338,0.8139716083287694,0.8414607900730956,0.7864824265844431
2022-01-03,0.7917431702165287,0.7964916674037006,0.8103356394899048,0.8081169312140503,0.8081169312140503,0.08447879017572402,2022,1,3,0,0.8148279085918178,0.8147790882114799,0.8127243380545329,0.8128156622018504,45.63094086354536,-9.132414731749527e-05,0.00046625385372318597,-0.0005575780010406812,0.8148279085918178,0.8402955857965674,0.7893602313870681
2022-01-04,0.7988471611163406,0.8034796317857943,0.8124679916867328,0.8037047452016541,0.8037047452016541,0.07391316404913986,2022,1,4,1,0.8150357843655425,0.8155557939904378,0.8113367083848593,0.8121407794610952,48.42415969320666,-0.0008040710762359238,0.000212188867731364,-0.0010162599439672878,0.8150357843655425,0.8400419883787733,0.7900295803523116
2022-01-05,0.789797070312575,0.7882379495491224,0.7696866886636822,0.7583550229205496,0.7583550229205496,0.19738216507519804,2022,1,5,2,0.8115545932120455,0.8154056575309108,0.8031856798518886,0.8081566493469807,27.863067340820564,-0.004970969495092126,-0.000824442804833334,-0.004146526690258792,0.8115545932120455,0.8464168354106187,0.7766923510134722
2022-01-06,0.74563059289614,0.7578336612936238,0.764519773814639,0.7576676491745467,0.7576676491745467,0.10220833602943216,2022,1,6,3,0.8078097011403452,0.8151212073240938,0.7961829059015283,0.804416723408282,31.328899585815748,-0.008233817506753671,-0.0023063177452174012,-0.00592749976153627,0.8078097011403452,0.8487329830700142,0.7668864192106762
2022-01-07,0.748323475117717,0.7483981775459985,0.7578945012521388,0.7540030997935412,0.7540030997935412,0.05764413344302604,2022,1,7,4,0.8040876106615539,0.8138574765795508,0.789693704961838,0.8006823809183012,33.91671474877178,-0.010988675956463245,-0.00404278938746657,-0.006945886568996675,0.8040876106615539,0.8503071227127585,0.7578680986103492
2022-01-10,0.7297806310173462,0.7509379382154139,0.7398883779962464,0.7645275061213064,0.7645275061213064,0.1255303611539919,2022,1,10,0,0.8007009672612202,0.8128442671052784,0.7858219820632947,0.7980042420444498,40.02968146245442,-0.012182259981155075,-0.005670683506204271,-0.006511576474950803,0.8007009672612202,0.848138606874049,0.7532633276483914
2022-01-11,0.7501440374559636,0.7620758449242785,0.7648597250553664,0.7742069647024314,0.7742069647024314,0.07656612529002321,2022,1,11,1,0.798458963959026,0.8117374482541843,0.7840350563154695,0.7962414807598558,38.833067847659436,-0.012206424444386244,-0.006977831693840666,-0.005228592750545578,0.798458963959026,0.8464806441444958,0.7504372837735563
2022-01-12,0.7724404395719309,0.778456435655731,0.7940835321991095,0.7851403365489364,0.7851403365489364,0.0772131890073118,2022,1,12,2,0.797344999124656,0.8114523268206145,0.7842050994283106,0.7954191737812691,35.04310883348204,-0.011214074352958514,-0.007825080225664235,-0.0033889941272942786,0.797344999124656,0.8455248426636863,0.7491651555856256
2022-01-13,0.7743303822808862,0.7809038495423559,0.779140179056941,0.7682624504918302,0.7682624504918302,0.0907275769312541,2022,1,13,3,0.7945831447841069,0.8105494886164101,0.7817523842073135,0.7934075646487181,30.015665672859328,-0.011655180441404567,-0.008591100268812301,-0.0030640801725922654,0.7945831447841069,0.8427830361708931,0.7463832533973206
2022-01-14,0.7456471268219913,0.7678178660910472,0.769526927965207,0.7726579597716171,0.7726579597716171,0.07806361560717687,2022,1,14,4,0.7928893191609583,0.8096102413565105,0.7803532419864372,0.7918705568800439,29.07448057665924,-0.011517314893606745,-0.00917634319377119,-0.002340971699835555,0.7928893191609583,0.8416979440916877,0.7440806942302288
2022-01-18,0.7396997111294508,0.7427072609095119,0.7567251595416131,0.7492153017276236,0.7492153017276236,0.09449903402630777,2022,1,18,1,0.7907058215516386,0.8079482675550338,0.7755627896389274,0.788710908350235,26.550749621037454,-0.01314811871130761,-0.009970698297278474,-0.003177420414029136,0.7907058215516386,0.8432773876452253,0.7381342554580519
2022-01-19,0.7419366217747891,0.7493525045465365,0.7559296941701337,0.7449337735901335,0.7449337735901335,0.0640593080115732,2022,1,19,2,0.7884428580038514,0.8061258293874901,0.7708506333237284,0.7854681576272646,25.60190028289854,-0.014617524303536245,-0.01090006349853003,-0.003717460805006215,0.7884428580038514,0.8448629044062632,0.7320228116014396
2022-01-20,0.7391314119466481,0.7461386743316079,0.7399155588666027,0.7305470373311777,0.7305470373311777,0.069300524121611,2022,1,20,3,0.7848506867823154,0.8040008366663776,0.7646500800941052,0.7813999264942212,23.840192912636084,-0.01674984640011601,-0.012070020078847226,-0.004679826321268782,0.7848506867823154,0.8464429270494023,0.7232584465152285
2022-01-21,0.7159891032573538,0.7253625929710862,0.7185441474408976,0.7076508624707212,0.7076508624707212,0.16169197918303585,2022,1,21,4,0.7791989005265556,0.8014317333692609,0.7558809696905077,0.7759370328628508,21.92061597786123,-0.020056063172343097,-0.013667228697546403,-0.0063888344747966945,0.7791989005265556,0.8473417329025092,0.711056068150602
2022-01-24,0.6698335654845429,0.6991115630354867,0.6821099923616858,0.7095284131156179,0.7095284131156179,0.22283025669942041,2022,1,24,0,0.7735761164968545,0.7992518875419321,0.7487498071405246,0.7710178758445372,21.573431964105552,-0.022268068704012545,-0.015387396698839633,-0.006880672005172912,0.7735761164968545,0.8453175479316701,0.7018346850620389
2022-01-25,0.6857463457083182,0.6896184482502289,0.6939126972335701,0.6851436571432219,0.6851436571432219,0.13436740277867648,2022,1,25,1,0.7664251382479005,0.7965679858286262,0.7389642456024781,0.7646568226074028,19.34531565019404,-0.025692577004924666,-0.01744843276005664,-0.008244144244868027,0.7664251382479005,0.8435651676461591,0.6892851088496419
2022-01-26,0.7000004004619931,0.7124875541482559,0.6991850586306942,0.7019377907313737,0.7019377907313737,0.15110786552167202,2022,1,26,2,0.7606556750793663,0.793831380544048,0.7332678679300005,0.7600109683943636,32.88583098214747,-0.026743100464363012,-0.019307366300917915,-0.007435734163445097,0.7606556750793663,0.8390167200348688,0.6822946301238637
2022-01-27,0.7050788202379112,0.7111852851967686,0.7113648079970989,0.701139808740743,0.701139808740743,0.10774535269594476,2022,1,27,3,0.7548273685929126,0.7911133483250029,0.7283250895931918,0.7556501417533547,32.86377740634133,-0.0273250521601629,-0.020910903472766914,-0.006414148687395985,0.7548273685929126,0.8326600855049613,0.6769946516808638
2022-01-28,0.6960849989699669,0.7161991195464702,0.709661734068415,0.7290919639123821,0.7290919639123821,0.10899326129357281,2022,1,28,4,0.7505649791351076,0.788996201379613,0.7284430702576826,0.7536828693206901,43.41756450120425,-0.02523979906300744,-0.02177668259081502,-0.0034631164721924193,0.7505649791351076,0.8238810275317648,0.6772489307384503
2022-01-31,0.723826560783106,0.7325022492058361,0.7339973696559139,0.7452456425716065,0.7452456425716065,0.12534548580619517,2022,1,31,0,0.7475538458637532,0.7872040066376481,0.7310280813829017,0.7530578895614987,45.05221724960963,-0.02202980817859701,-0.02182730770837142,-0.00020250047022558892,0.7475538458637532,0.8161717587835782,0.6789359329439282
2022-02-01,0.7478609481240344,0.7480372550970967,0.7495951032717045,0.7598637140128247,0.7598637140128247,0.20460154740666106,2022,2,1,1,0.745141185003692,0.7854832915769049,0.7354643325567359,0.7535620247060413,46.410457648660184,-0.018097692149305344,-0.021081384596558207,0.002983692447252863,0.745141185003692,0.8079394623387337,0.6823429076686502
2022-02-02,0.8405651769009135,0.8396721145994569,0.8243067496240244,0.8279788459904883,0.8279788459904883,0.3827566763109973,2022,2,2,2,0.7463548900431336,0.7852263344423708,0.749697334623467,0.7590743818382225,58.33518516063718,-0.009377047214755518,-0.01874051712019767,0.009363469905442151,0.7463548900431336,0.8146192957615639,0.6780904843247033
2022-02-03,0.7971586851529615,0.8200115056391396,0.8015144340653511,0.791862675830899,0.791862675830899,0.23106645344376553,2022,2,3,3,0.7480302726886511,0.7846324886676673,0.7561843101938411,0.7615031443561986,54.272118003340125,-0.005318834162357455,-0.016056180528629626,0.01073734636627217,0.7480302726886511,0.8191209566685714,0.6769395887087307
2022-02-04,0.7821050148533732,0.7898019644075142,0.7852827566183329,0.7943136190795018,0.7943136190795018,0.19545021769072202,2022,2,4,4,0.7498625711838989,0.7841307787895994,0.762050357714712,0.7639335498912581,53.94790594452007,-0.001883192176546089,-0.01322158285821292,0.011338390681666831,0.7498625711838989,0.82382995827702,0.6758951840907778
2022-02-07,0.7866779603997542,0.7852614205044771,0.7776785036184379,0.7669683239713406,0.7669683239713406,0.17412484632236713,2022,2,7,0,0.7505108323927888,0.7830874610738775,0.7628069679080394,0.7641583479712643,53.19103473357696,-0.001351380063224883,-0.010847542299215314,0.009496162235990431,0.7505108323927888,0.8248572988828946,0.676164365902683
2022-02-08,0.7555017761678882,0.7588297249790453,0.7652642019690683,0.7688123065730359,0.7688123065730359,0.1262698625451789,2022,2,8,1,0.7507250724153753,0.7826055989886724,0.7637308661641927,0.7645030856454695,54.330013749024566,-0.0007722194812768146,-0.008832477735627614,0.0080602582543508,0.7507250724153753,0.8252660466184679,0.6761840982122828
2022-02-09,0.7677832053667828,0.774245533113336,0.7890865419808033,0.783832805610077,0.783832805610077,0.10025790111017646,2022,2,9,2,0.7512063644607576,0.7819805071727653,0.7668234722327903,0.765934916753959,59.64041654153887,0.0008885554788313765,-0.006888271092735816,0.007776826571567193,0.7512063644607576,0.8265061650590757,0.6759065638624395
2022-02-10,0.758863694249198,0.7693374215902771,0.7732661876547029,0.7647185341705917,0.7647185341705917,0.12054797053086957,2022,2,10,3,0.7501852743418403,0.7814642455546752,0.7664996356078366,0.7658448143403762,60.46788176861477,0.0006548212674604148,-0.00537965262069657,0.006034473888156985,0.7501852743418403,0.8240884779276443,0.6762820707560364
2022-02-11,0.7539074814639954,0.7551785198851736,0.7408945393039974,0.7347279887447411,0.7347279887447411,0.14730867712444884,2022,2,11,4,0.7485085512544859,0.7804600218016594,0.7616116899365912,0.7635398642962551,54.19018547258698,-0.001928174359663859,-0.004689356968490028,0.002761182608826169,0.7485085512544859,0.8222062438562318,0.67481085865274
2022-02-14,0.7183251381583964,0.7346315914493946,0.7409863478265817,0.742573482833748,0.742573482833748,0.09177212264630571,2022,2,14,0,0.7470043274075924,0.779323227613354,0.7586827349976922,0.7619867990027361,60.105250275883954,-0.003304064005043905,-0.004412298375800804,0.0011082343707568987,0.7470043274075924,0.8198497864911561,0.6741588683240286
2022-02-15,0.7454587709113025,0.7460595058197195,0.7561982735306707,0.7501206196486431,0.7501206196486431,0.09078303953559314,2022,2,15,1,0.7470495933036434,0.7785058214872653,0.7573654864824538,0.7611078227542848,58.76333910213871,-0.0037423362718309594,-0.004278305955006835,0.000535969683175876,0.7470495933036434,0.8199019619868241,0.6741972246204627
2022-02-16,0.7385795409571578,0.7463627906385571,0.7513314768259522,0.7572418996342063,0.7572418996342063,0.08630905611891182,2022,2,16,2,0.7476649996058471,0.7776597148854062,0.757346473121185,0.7608214580787235,59.97424923710385,-0.0034749849575385072,-0.00411764175551317,0.000642656797974663,0.7476649996058471,0.8206499340642364,0.6746800651474578
2022-02-17,0.7367259041589247,0.7390682254444974,0.73350782844759,0.722513787507125,0.722513787507125,0.11107310895628622,2022,2,17,3,0.7472633371146445,0.7755504137157387,0.7519875984113297,0.7579838528511977,48.85799756527224,-0.005996254439868065,-0.00449336429238415,-0.0015028901474839155,0.7472633371146445,0.8207317482390887,0.6737949259902004
2022-02-18,0.716157700399739,0.7191888268620178,0.7206248369479211,0.7101688278111734,0.7101688278111734,0.11518658544476387,2022,2,18,4,0.747389235381667,0.7731024804597912,0.745553941395921,0.7544419991445293,43.82889143146964,-0.008888057748608236,-0.005372302983628967,-0.0035157547649792686,0.747389235381667,0.820579934780805,0.674198535982529
2022-02-22,0.6959858813225466,0.7065099458434375,0.7031792052662955,0.7030273842007788,0.7030273842007788,0.14776162172655088,2022,2,22,1,0.7470641839359251,0.7705941299564195,0.73901139413513,0.7506335091486959,39.730549224314636,-0.011622115013565915,-0.006622265389616357,-0.004999849623949558,0.7470641839359251,0.8210166460233008,0.6731117218485494
2022-02-23,0.7032120726047904,0.705509452043936,0.7015645677462152,0.690840045444398,0.690840045444398,0.090108244516135,2022,2,23,2,0.747349003350984,0.7677657233827478,0.7316004174134789,0.7462043636891182,18.94466244519174,-0.014603946275639323,-0.00821860156682095,-0.006385344708818373,0.747349003350984,0.8203349014129379,0.6743631052890301
2022-02-24,0.6630435804019505,0.7140005699552722,0.6829431628624791,0.7249612505690676,0.7249612505690676,0.16745084626690454,2022,2,24,3,0.7485001763428686,0.7658840077792028,0.7305790071297233,0.7446307997542997,34.71191528851533,-0.014051792624576342,-0.009385239778372028,-0.004666552846204314,0.7485001763428686,0.8191594782722761,0.6778408744134611
2022-02-25,0.719382483377424,0.7295060021980748,0.7305368532592171,0.7373397783082204,0.7373397783082204,0.08920235531193094,2022,2,25,4,0.7503101748212424,0.7644824106806406,0.731619125772569,0.7440907240916271,37.545617547768174,-0.012471598319058086,-0.01000251148650924,-0.0024690868325488464,0.7503101748212424,0.8176373863115176,0.6829829633309672
2022-02-28,0.7177899068272968,0.7311639658001521,0.7377451344151487,0.7398309281063711,0.7398309281063711,0.10510163522245125,2022,2,28,0,0.7508471230309419,0.7628090384967118,0.7328824799777695,0.7437751836482749,43.34463030957173,-0.010892703670505433,-0.010180549923308479,-0.0007121537471969537,0.7508471230309419,0.8176309290627661,0.6840633169991177
2022-03-01,0.7256900835737747,0.7342656323826995,0.7415063876303081,0.7349827598660744,0.7349827598660744,0.0818258289348407,2022,3,1,1,0.7503339788956653,0.7613780042493414,0.7332055999605857,0.7431238929977415,41.823877334450096,-0.009918293037155856,-0.010128098546077956,0.00020980550892209932,0.7503339788956653,0.817455862770295,0.6832120950210356
2022-03-02,0.7265375959600444,0.7309990956765937,0.7418735197413919,0.738895428450943,0.738895428450943,0.07871067932446549,2022,3,2,2,0.7492855646175712,0.7602982077400801,0.7340809581898714,0.7428106734016824,38.52305029095229,-0.008729715211810984,-0.009848421879224563,0.001118706667413578,0.7492855646175712,0.8164357353436614,0.682135393891481
2022-03-03,0.735592623151744,0.7382396424855746,0.7418633558091303,0.7359215385413037,0.7359215385413037,0.0593634741775358,2022,3,3,3,0.744682699245112,0.7592127776199884,0.7343641243977841,0.7423003671157284,41.98444362087366,-0.007936242717944353,-0.009465986046968522,0.001529743329024169,0.744682699245112,0.800841642953445,0.688523755536779
2022-03-04,0.7184375648892158,0.7216609887371206,0.7213144886460072,0.7212631465559844,0.7212631465559844,0.08092918349802644,2022,3,4,4,0.7411527227813662,0.7575902313158703,0.7323485893451995,0.7407420544816734,45.90235504323663,-0.008393465136473877,-0.009251481864869593,0.0008580167283957166,0.7411527227813662,0.7935760776277279,0.6887293679350046
2022-03-07,0.7086672174186535,0.7065313712463551,0.6941302937659926,0.6833264699671425,0.6833264699671425,0.14901877409156875,2022,3,7,0,0.7356033653257483,0.7548430289634948,0.7248067248254985,0.7364890482213378,34.76086124811566,-0.0116823233958393,-0.009737650171063535,-0.001944673224775765,0.7356033653257483,0.7878293437158368,0.6833773869356599
2022-03-08,0.6713072656189463,0.70219684083291,0.6903961126433191,0.6887848175240904,0.6887848175240904,0.1308640149379281,2022,3,8,1,0.7316941900033858,0.7521790434397837,0.7192648929329741,0.7329554015030231,34.05223263763649,-0.013690508570048943,-0.010528221850860617,-0.0031622867191883255,0.7316941900033858,0.7857087273111304,0.6776796526956411
2022-03-09,0.705336556519309,0.7216576727439921,0.7191355591248143,0.7329576667412414,0.7329576667412414,0.11703533892273135,2022,3,9,2,0.7299014580117962,0.7502749323321626,0.7213714735188614,0.7329555692984466,44.70594330300523,-0.01158409577958519,-0.010739396636605534,-0.0008446991429796567,0.7299014580117962,0.7810318849992599,0.6787710310243324
2022-03-10,0.7057495742514093,0.7173066414740846,0.7280621703057477,0.7250183484292073,0.7250183484292073,0.08009724443294108,2022,3,10,3,0.7269607351527526,0.7484287582187057,0.7219325311973762,0.7323676270118363,50.61821186391442,-0.010435095814460116,-0.010678536472176451,0.00024344065771633554,0.7269607351527526,0.771352105023783,0.6825693652817222
2022-03-11,0.7225148032493882,0.7216675284293341,0.7205530503521,0.710222438779091,0.710222438779091,0.09088472097688133,2022,3,11,4,0.7242359303831776,0.7462790882248911,0.72013097851764,0.7307272426982996,50.01307483268874,-0.01059626418065962,-0.010662082013873087,6.581783321346624e-05,0.7242359303831776,0.7654448924221151,0.68302696834424
2022-03-14,0.6998715323212941,0.7007431766881913,0.6941506760194514,0.6851805377340344,0.6851805377340344,0.10777308399811428,2022,3,14,0,0.7217585578326423,0.7436959039182021,0.7147539876278545,0.7273534127009466,45.996963195721314,-0.012599425073092085,-0.011049550625716886,-0.001549874447375199,0.7217585578326423,0.7661464201726169,0.6773706954926677
2022-03-15,0.6811601968110776,0.6973892177457502,0.6952044548399525,0.7047574929491686,0.7047574929491686,0.10794871557852118,2022,3,15,1,0.7198677583384133,0.7416816876172114,0.7132160653695951,0.7256796408674815,53.021512679735274,-0.012463575497886348,-0.011332355600150779,-0.0011312198977355692,0.7198677583384133,0.7637410536199932,0.6759944630568334
2022-03-16,0.7026932826835701,0.7188393686517849,0.7131052335270176,0.7317809009662796,0.7317809009662796,0.11611096218374761,2022,3,16,2,0.718950772404295,0.7401549670122561,0.7160721939229313,0.726131586059985,51.527643599676004,-0.010059392137053647,-0.011077762907531354,0.001018370770477707,0.718950772404295,0.7608855181293172,0.6770160266792727
2022-03-17,0.7180311025745596,0.7252241782758069,0.7370226997863827,0.7378828818885266,0.7378828818885266,0.0788400920679232,2022,3,17,3,0.7179828215170111,0.7388385297459936,0.7194276843791767,0.7270020524176548,50.125178522318826,-0.007574368038478108,-0.010377083933720704,0.002802715895242596,0.7179828215170111,0.7569874353788757,0.6789782076551465
2022-03-18,0.7217515927384532,0.7395560983500093,0.7384708935675777,0.7526418505977728,0.7526418505977728,0.18008707628881226,2022,3,18,4,0.7194892246715434,0.738724266299538,0.7245375561051146,0.7289012967272932,52.7947107613652,-0.004363740622178591,-0.009174415271412282,0.00481067464923369,0.7194892246715434,0.7614460776258154,0.6775323717172714
2022-03-21,0.7413352481319999,0.7439664746897826,0.7498890958622046,0.7504759674939032,0.7504759674939032,0.09103262125511874,2022,3,21,0,0.72150458165568,0.7385804326659252,0.728528080934159,0.7304994204877828,53.41987520783816,-0.00197133955362383,-0.007733800127854591,0.0057624605742307615,0.72150458165568,0.7654036724730477,0.6776054908383122
2022-03-22,0.7390388431083881,0.7697922993752959,0.7627283110676704,0.7759503705801999,0.7759503705801999,0.10556382359194313,2022,3,22,1,0.725150730974651,0.7390193780816584,0.7358238178027807,0.7338661575316655,57.46837893526128,0.0019576602711152136,-0.0057955080480606306,0.007753168319175844,0.725150730974651,0.7743782742662745,0.6759231876830275
2022-03-23,0.7564748261198653,0.7600684231119684,0.7740582333218828,0.7640546902415271,0.7640546902415271,0.08488551594087687,2022,3,23,2,0.7288114632145074,0.7390099217640628,0.7401670289472033,0.7361023451398033,55.47336146826685,0.004064683807399994,-0.0038234696769685063,0.0078881534843685,0.7288114632145074,0.7781847844410366,0.6794381419879783
2022-03-24,0.7573603559623392,0.7691099826977675,0.7731940883225046,0.7828872744339479,0.7828872744339479,0.06289459332045369,2022,3,24,3,0.7317077644077515,0.7391835279586929,0.7467393744067026,0.7395678954578881,61.79748435068532,0.007171478948814425,-0.0016244799518119201,0.008795958900626346,0.7317077644077515,0.7866159002099431,0.67679962860556
2022-03-25,0.7737587525230922,0.7728215415035502,0.7844804382410207,0.7842921164880569,0.7842921164880569,0.05700631349312726,2022,3,25,4,0.7340553813167434,0.7391665635574755,0.7525167193422956,0.7428808007193822,72.47246350855193,0.009635918622913353,0.0006275997631331343,0.009008318859780219,0.7340553813167434,0.793780998569652,0.6743297640638348
2022-03-28,0.7666911666582588,0.7729335996570249,0.7853551686869085,0.7871654296737692,0.7871654296737692,0.07782327765504107,2022,3,28,0,0.7364221063951132,0.7395446231411144,0.7578472901625224,0.7461611436048924,72.15200836200717,0.011686146557630006,0.002839309122032509,0.008846837435597497,0.7364221063951132,0.8006900520535325,0.6721541607366939
2022-03-29,0.7830533630408287,0.7873446882431154,0.8034111937908286,0.7958826803461562,0.7958826803461562,0.10048899529492239,2022,3,29,1,0.7394671024191173,0.740009117552605,0.7636988886523122,0.7498442204005416,66.86071939837002,0.013854668251770619,0.005042380947980131,0.008812287303790488,0.7394671024191173,0.809002856352142,0.6699313484860926
2022-03-30,0.7811335773226222,0.7828486036992403,0.8012628648442914,0.7918224692813511,0.7918224692813511,0.06521477893530286,2022,3,30,2,0.7421134544606377,0.7408612609036795,0.7680255933644721,0.7529537203176385,68.28013286990232,0.01507187304683355,0.007048279367750815,0.008023593679082735,0.7421134544606377,0.8154805834146179,0.6687463255066575
2022-03-31,0.7783482319953245,0.7773373440105411,0.783933217566938,0.7717393447212193,0.7717393447212193,0.10436213383126428,2022,3,31,3,0.7439043447696335,0.7413973723263012,0.7685969397270486,0.754345248051237,66.35996498180283,0.014251691675811529,0.008488961829362958,0.00576272984644857,0.7439043447696335,0.8183753945187814,0.6694332950204857
2022-04-01,0.762233885901717,0.7661664421811835,0.7783447136854615,0.7787834772163645,0.7787834772163645,0.07646444384873499,2022,4,1,4,0.7467803613026526,0.742362101124005,0.7701640993407894,0.7561554872486539,77.52821370744506,0.014008612092135553,0.009592891881917478,0.004415720210218075,0.7467803613026526,0.8220087189776093,0.6715520036276958
2022-04-04,0.7676163197698793,0.7865617776507812,0.7921288822507495,0.7985146268289052,0.7985146268289052,0.05610966805631303,2022,4,4,0,0.7525397691457406,0.7441793764111688,0.7745257189543456,0.7592932012916355,77.54857620387726,0.015232517662710165,0.010720817038076015,0.00451170062463415,0.7525397691457406,0.8248960875656565,0.6801834507258248
2022-04-05,0.7846327362400962,0.7835704551894752,0.7929379448560241,0.7812176431489287,0.7812176431489287,0.05694160712139839,2022,4,5,1,0.7571614104269826,0.7456131610118351,0.7755552457535123,0.7609172340218053,65.40656499354978,0.014638011731706979,0.011504255976802208,0.003133755754904771,0.7571614104269826,0.8239664844716114,0.6903563363823538
2022-04-06,0.7566267836038594,0.7589048655151852,0.7621715451354634,0.7551530634373252,0.7551530634373252,0.07689890091605733,2022,4,6,2,0.7582711802617867,0.7470133491377172,0.7724164484740988,0.7604902584229549,54.78655326036909,0.011926190051143926,0.011588642791670552,0.0003375472594733739,0.7582711802617867,0.824113800562839,0.6924285599607345
2022-04-07,0.7398185941534585,0.7447510004278751,0.7515599103537096,0.7503854155851155,0.7503854155851155,0.05782900879082279,2022,4,7,3,0.7595395336195823,0.7479823016347918,0.7690270587988706,0.7597417515460779,49.33794631498584,0.00928530725279264,0.01112797568389497,-0.0018426684311023296,0.7595395336195823,0.8236392924390006,0.695439774800164
2022-04-08,0.7373867721799874,0.7351820331238574,0.744049124738922,0.7339266271508795,0.7339266271508795,0.043898651334337825,2022,4,8,4,0.7607247430381716,0.7486380380029947,0.7636269923914873,0.7578295201093965,45.520054131062246,0.005797472282090821,0.010061875003534141,-0.0042644027214433205,0.7607247430381716,0.8217897667774291,0.6996597192989141
2022-04-11,0.7152489820897141,0.7133557708063603,0.7159367826800556,0.7056693622042287,0.7056693622042287,0.07973673750473742,2022,4,11,0,0.7617491842616813,0.7481695859688315,0.7547104339011399,0.7539658047090138,31.257153521354766,0.000744629192126145,0.008198425841252544,-0.007453796649126399,0.7617491842616813,0.8179736025337223,0.7055247659896402
2022-04-12,0.7121001216836147,0.7099560406108558,0.7020574266795852,0.696134066499809,0.696134066499809,0.07426442720995369,2022,4,12,1,0.7613180129392132,0.7471873544473955,0.7456986850701659,0.7496819722490726,31.655684464236174,-0.003983287178906725,0.0057620832372206904,-0.009745370416127415,0.7613180129392132,0.8194814892229593,0.7031545366554671
2022-04-13,0.6870084882479142,0.6983022959013481,0.707921934011251,0.7089517414921105,0.7089517414921105,0.058263465858145146,2022,4,13,2,0.7601765549655048,0.7461691149969812,0.7400453091350805,0.7466649181189272,29.36056041932399,-0.006619608983846725,0.003285744793007207,-0.009905353776853932,0.7601765549655048,0.8215861877589151,0.6987669221720946
2022-04-14,0.7003771188916545,0.6986616163893546,0.6988995235196145,0.6886137921661495,0.6886137921661495,0.07648293138351467,2022,4,14,3,0.757713100479386,0.7433818139204945,0.7321327680629373,0.7423648347150178,25.84434159219674,-0.01023206665208054,0.0005821825039896578,-0.010814249156070198,0.757713100479386,0.826408887907517,0.689017313051255
2022-04-18,0.6789695705848693,0.6854883227730489,0.6952755139837656,0.6933613367435855,0.6933613367435855,0.03689187565284107,2022,4,18,0,0.7547490747866766,0.7414117871387482,0.7261679324753446,0.7387349459763932,26.539545386670156,-0.012567013501048607,-0.002047656697017995,-0.010519356804030612,0.7547490747866766,0.8292375072389251,0.6802606423344282
2022-04-19,0.6833772429555729,0.6999372321396128,0.7012110260703095,0.7105946779349432,0.7105946779349432,0.07295181224059677,2022,4,19,1,0.7527550103087286,0.739737408315857,0.7237720471614367,0.7366504816770265,29.540931025608018,-0.012878434515589787,-0.004213812260732354,-0.008664622254857434,0.7527550103087286,0.8298159249101392,0.675694095707318
2022-04-20,0.7045700154333823,0.7066598247773855,0.7042197607769312,0.6952690691228908,0.6952690691228908,0.07244340503415572,2022,4,20,2,0.7487209452358632,0.7383034232188881,0.719386973617045,0.7335851918582016,28.02618959194494,-0.014198218241156635,-0.0062106934568172106,-0.007987524784339424,0.7487209452358632,0.8290472032903013,0.668394687181425
2022-04-21,0.691789654205827,0.6960064749809043,0.6821647144290941,0.6730870768451769,0.6730870768451769,0.10732938316340207,2022,4,21,3,0.7441725645660456,0.736388918624331,0.712263912575219,0.7291038500053849,27.76098094954891,-0.016839937430165874,-0.008336542251486945,-0.00850339517867893,0.7441725645660456,0.8308905766686414,0.6574545524634499
2022-04-22,0.6630435804019505,0.6639969757615274,0.6447077414307325,0.6373900043084576,0.6373900043084576,0.1824442369732208,2022,4,22,4,0.7368977010597711,0.7334600625982985,0.700744849764948,0.7223102318056126,21.772441746555288,-0.021565382040664605,-0.010982310209322478,-0.010583071831342127,0.7368977010597711,0.8337592716738604,0.6400361304456819
2022-04-25,0.6262321161504723,0.6496650095403035,0.6421837277130544,0.6617714410276805,0.6617714410276805,0.1274992836080273,2022,4,25,0,0.7307716672867522,0.7314011207354403,0.6947489407284453,0.7178258769331731,23.198455347980428,-0.023076936204727838,-0.01340123540840355,-0.009675700796324288,0.7307716672867522,0.8304685097437895,0.631074824829715
2022-04-26,0.6481749420463432,0.6461842056201588,0.6448528715056443,0.6366657969105759,0.6366657969105759,0.1962359379188582,2022,4,26,1,0.7232466856485927,0.729439876898757,0.685813072448773,0.7118140191537214,22.509445451537033,-0.026000946704948458,-0.015921177667712533,-0.010079769037235925,0.7232466856485927,0.8276301772961476,0.6188631940010378
2022-04-27,0.5928173559857721,0.6115739393687203,0.6038055557223105,0.6065880188291107,0.6065880188291107,0.255599412096394,2022,4,27,2,0.7137819525727404,0.7267201676186643,0.6736246026611327,0.7040195006111577,22.171017592020704,-0.030394897950025035,-0.018815921724175035,-0.01157897622585,0.7137819525727404,0.8245659735419391,0.6029979316035416
2022-04-28,0.6109372501036212,0.6309457932295938,0.6175363551449529,0.6360321347159201,0.6360321347159201,0.1379817158281029,2022,4,28,3,0.7059924358444688,0.7244383979200097,0.6678411460541769,0.6989833994337327,30.392199990833944,-0.031142253379555784,-0.021281188055251185,-0.0098610653243046,0.7059924358444688,0.8155738424467265,0.5964110292422111
2022-04-29,0.613996918504438,0.621198883010022,0.6144776709999848,0.6062259117773888,0.6062259117773888,0.12367236390863459,2022,4,29,4,0.6977167641972774,0.7214180781628734,0.6583618792423633,0.6921124744221516,29.061951405561686,-0.03375059517978829,-0.023775069480158607,-0.009975525699629683,0.6977167641972774,0.8113175153713605,0.5841160130231942
2022-05-02,0.58973459824166,0.6105158540861764,0.6056768478288899,0.620914438558183,0.620914438558183,0.10789325297418215,2022,5,2,0,0.6898233122643682,0.7193860911838946,0.6526007345217202,0.6868385458396354,35.45630030807639,-0.03423781131791526,-0.02586761784770994,-0.008370193470205317,0.6898233122643682,0.8016314413966239,0.5780151831321125
2022-05-03,0.6086243574121437,0.6234403361465085,0.6276193906643064,0.6274356176867297,0.6274356176867297,0.06600049916343906,2022,5,3,1,0.6812693618072595,0.7177314269814058,0.6487291780855677,0.6824383289394201,38.08832733408732,-0.0337091508538524,-0.027435924448938435,-0.006273226404913963,0.6812693618072595,0.783862113649066,0.578676609965453
2022-05-04,0.6168087366162927,0.6487750180804032,0.6215788467453127,0.657245166583996,0.657245166583996,0.12153705364158215,2022,5,4,2,0.6750707379790128,0.7168157826290701,0.650039330162249,0.6805721687649443,41.53344902276365,-0.03053283860269529,-0.028055307279689808,-0.0024775313230054816,0.6750707379790128,0.7666235294630216,0.5835179464950041
2022-05-05,0.6314592685679323,0.6361851546666215,0.6177988157502823,0.6181618053711713,0.6181618053711713,0.16709958310609072,2022,5,5,3,0.6682211750757052,0.7153622178276055,0.6451350955790063,0.6759491788839241,39.131247523198915,-0.03081408330491786,-0.028607062484735418,-0.0022070208201824433,0.6682211750757052,0.7549162939280052,0.5815260562234053
2022-05-06,0.6003904226884267,0.611564030943925,0.6107316194922083,0.6108762525285668,0.6108762525285668,0.13114132795962322,2022,5,6,4,0.6612457169228777,0.7130805178667956,0.6398645043404771,0.6711289621168606,37.373754688448784,-0.031264457776383425,-0.02913854154306502,-0.002125916233318405,0.6612457169228777,0.7423765983825099,0.5801148354632455
2022-05-09,0.5857497701209387,0.5988037202093947,0.5999116206997788,0.5936026980820993,0.5936026980820993,0.12749003984063745,2022,5,9,0,0.6542295204694387,0.7102057762622731,0.6327473033776498,0.6653862758920635,32.09388258188905,-0.03263897251441361,-0.029838627737334738,-0.0028003447770788732,0.6542295204694387,0.733135283961605,0.5753237569772724
2022-05-10,0.6038366426450708,0.6062406753350287,0.6055667306310004,0.6036644139286538,0.6036644139286538,0.11195126685832077,2022,5,10,1,0.6491292730556599,0.7074824459787188,0.6282730126931889,0.6608142861169961,35.74990507583502,-0.03254127342380719,-0.03037915687462923,-0.002162116549177962,0.6491292730556599,0.7272177382615213,0.5710408078497986
2022-05-11,0.5884393812420774,0.6061088003319632,0.6073799285561905,0.5994834692206525,0.5994834692206525,0.1366506133239663,2022,5,11,2,0.6442967431917022,0.7047724601658103,0.6238438521589525,0.6562712626431929,37.870868882850395,-0.03242741048424036,-0.03078880759655146,-0.001638602887688901,0.6442967431917022,0.7220991626175639,0.5664943237658404
2022-05-12,0.5767262049679993,0.594146839664731,0.5833366266966686,0.5941190464701613,0.5941190464701613,0.1595844002181529,2022,5,12,3,0.6385551084406047,0.7018769325261947,0.6192708051299077,0.6516673947785239,42.077354010493664,-0.032396589648616136,-0.031110364006964396,-0.0012862256416517406,0.6385551084406047,0.7131501319464262,0.5639600849347832
2022-05-13,0.5959397436073148,0.6154305053014489,0.6097594308730945,0.6166128540848527,0.6166128540848527,0.10538819201153624,2022,5,13,4,0.6349550615365398,0.6994907588370657,0.6188618895845146,0.6490707621345483,41.674190537974496,-0.030208872550033683,-0.030930065715578256,0.000721193165544573,0.6349550615365398,0.706254824925622,0.5636552981474576
2022-05-16,0.5994983440367925,0.6056901809211125,0.6120369607351523,0.605059170817566,0.605059170817566,0.07554931087714109,2022,5,16,0,0.6305399532402388,0.6971666793222973,0.6167383943895994,0.6458106442592163,43.86623106766573,-0.029072249869616873,-0.030558502546385983,0.00148625267676911,0.6305399532402388,0.6974097795012094,0.5636701269792682
2022-05-17,0.6116807018462527,0.6097775083319107,0.6188525945707837,0.6178600684938286,0.6178600684938286,0.06766437729360977,2022,5,17,1,0.6259032227681832,0.695857351292831,0.616910959636404,0.6437402312395579,52.34475294505712,-0.02682927160315396,-0.02981265635773958,0.002983384754585622,0.6259032227681832,0.6812718630405408,0.5705345824958257
2022-05-18,0.5985302304727496,0.5996788721056127,0.5971275870802375,0.5890228059649353,0.5890228059649353,0.09727216424325899,2022,5,18,2,0.6205909096102853,0.693862111061648,0.612620474456178,0.6396870886266229,40.19661426017494,-0.02706661417044498,-0.029263447920280662,0.002196833749835682,0.6205909096102853,0.6677103348770217,0.5734714843435489
2022-05-19,0.576085194839496,0.5857810636566784,0.5857467295882286,0.5779217347192246,0.5779217347192246,0.10286464351411062,2022,5,19,3,0.6158326425039877,0.6907613924212076,0.607282206804339,0.635111877226075,43.59794862560804,-0.027829670421736008,-0.028976692420571732,0.001147021998835724,0.6158326425039877,0.6597419507664158,0.5719233342415596
2022-05-20,0.5777009202074721,0.5789414223946592,0.5579063865941989,0.5683160507308487,0.5683160507308487,0.14166073524925818,2022,5,20,4,0.6123789448251074,0.6876273464672402,0.6012874135622635,0.6301640382264285,37.82290743241615,-0.028876624664165074,-0.0289566788692904,8.005420512532599e-05,0.6123789448251074,0.6598689460220963,0.5648889436281184
2022-05-23,0.5646065597709813,0.5753518301671466,0.5768150398404728,0.5840975371731545,0.5840975371731545,0.11380002033628825,2022,5,23,0,0.608495249632381,0.6851048484351216,0.5986428171947081,0.6267517048150749,40.3792779542791,-0.028108887620366785,-0.028787120619505675,0.0006782329991388905,0.608495249632381,0.6514670484278996,0.5655234508368624
2022-05-24,0.5399808301619409,0.5383649659300495,0.5295901404173415,0.5456043056467027,0.5456043056467027,0.24703968349340455,2022,5,24,1,0.6039421750691873,0.6823133237933751,0.5904830461873227,0.6207407863581585,26.136617790551256,-0.030257740170835823,-0.02908124452977171,-0.0011764956410641146,0.6039421750691873,0.6531855340712499,0.5546988160671248
2022-05-25,0.5318162692006492,0.5393518793203171,0.543209469717332,0.5450242544199645,0.5450242544199645,0.14311200672946267,2022,5,25,2,0.60086398684873,0.679118659022791,0.5834893859154214,0.6151321543627367,31.286451278433944,-0.031642768447315284,-0.029593549313280426,-0.0020492191340348576,0.60086398684873,0.6566702889972629,0.5450576847001971
2022-05-26,0.5378199015627414,0.5552432852523559,0.5518895970426452,0.5614964539781323,0.5614964539781323,0.1079302280437415,2022,5,26,3,0.5971372028118407,0.6757129700830279,0.5801058579250693,0.6111591395194327,37.93260130625385,-0.03105328159436338,-0.02988549576949702,-0.0011677858248663603,0.5971372028118407,0.6530099088730295,0.5412644967506519
2022-05-27,0.5625216594759068,0.5810377695177247,0.5795056060749069,0.5916916397440589,0.5916916397440589,0.10624786237879111,2022,5,27,4,0.596410489210174,0.6727891452401387,0.5818882858972215,0.6097171024990345,49.56071995834149,-0.027828816601813022,-0.029474159935960222,0.0016453433341472,0.596410489210174,0.6521634100506066,0.5406575683697414
2022-05-31,0.5842662434686532,0.6045431241807915,0.6000544188490946,0.6000065164651185,0.6000065164651185,0.20505449200876308,2022,5,31,1,0.5953650931055209,0.6697364385574854,0.5846757059845903,0.6089977998298556,49.152380774208076,-0.02432209384526529,-0.02844374671782124,0.004121652872555948,0.5953650931055209,0.6499553846728795,0.5407748015381623
2022-06-01,0.5965080956563871,0.6109081169552226,0.6067034457790348,0.600663661537779,0.600663661537779,0.1002671448775663,2022,6,1,2,0.5940264952980734,0.6667401924383631,0.5871353914543116,0.6083804562526647,50.27801807463422,-0.021245064798353086,-0.02700401033392761,0.005758945535574524,0.5940264952980734,0.6465806159385774,0.5414723746575694
2022-06-02,0.5915948433236067,0.6141977469494577,0.6050547811813822,0.6248640413783599,0.6248640413783599,0.09491500355885044,2022,6,2,3,0.5924074390377915,0.6637184658543263,0.5929397991349344,0.6096014625582717,56.65225648796822,-0.016661663423337303,-0.02493554095180955,0.008273877528472248,0.5924074390377915,0.6383390153065396,0.5464758627690434
2022-06-03,0.6035194648516691,0.6040882463957726,0.6075022832644954,0.6035269499083524,0.6035269499083524,0.08373004501714718,2022,6,3,4,0.5916756962646506,0.6605079110476627,0.5945685915616141,0.6091514986582777,47.15437521045084,-0.014582907096663544,-0.022865014180780352,0.008282107084116808,0.5916756962646506,0.6363281984166709,0.5470231941126302
2022-06-06,0.6084756776368714,0.6240896642959755,0.6269483535792857,0.6199320737301751,0.6199320737301751,0.0778787402593801,2022,6,6,0,0.592128487324731,0.6572488070335873,0.5984706657413927,0.6099500597747145,53.16738990803325,-0.011479394033321766,-0.020587890151288635,0.00910849611796687,0.592128487324731,0.63777340833537,0.546483566314092
2022-06-07,0.6012429309371838,0.6132131475027052,0.6174113013857396,0.6214006052118364,0.6214006052118364,0.09002505060962646,2022,6,7,1,0.5935183826812179,0.653990976808063,0.6019983487368457,0.6107982483256125,50.79224602408032,-0.008799899588766813,-0.01823029203878427,0.009430392450017457,0.5935183826812179,0.6410079422496565,0.5460288231127793
2022-06-08,0.6093612074793453,0.619128892428761,0.6280935805956758,0.6214575957829848,0.6214575957829848,0.07213836071029109,2022,6,8,2,0.5944080417739344,0.6506768201302472,0.6049920790516363,0.6115878296187511,58.33075160874686,-0.006595750567114811,-0.01590338374445038,0.009307633177335569,0.5944080417739344,0.6433425943833927,0.545473489164476
2022-06-09,0.6058257492594328,0.6171774931007565,0.6156538113274082,0.6059006920220416,0.6059006920220416,0.07490224715985247,2022,6,9,3,0.5947289029140038,0.646877180363765,0.6051318656624679,0.6111665601671431,57.02547997203615,-0.006034694504675198,-0.013929645896495344,0.007894951391820147,0.5947289029140038,0.6438872220026522,0.5455705838253554
2022-06-10,0.5822986137763604,0.5851844485908202,0.5884185724317268,0.5824949212744226,0.5824949212744226,0.11271849955167729,2022,6,10,4,0.5941476966542169,0.6426906294036263,0.6016492588335378,0.6090427350639787,53.3295462425763,-0.007393476230440843,-0.012622411963284445,0.005228935732843602,0.5941476966542169,0.6436103012672475,0.5446850920411862
2022-06-13,0.5470417614850749,0.556978703334088,0.5593684291580141,0.5519779422953133,0.5519779422953133,0.13782457178247567,2022,6,13,0,0.5909159510647399,0.6382954013551082,0.5940075178276571,0.6048157133774109,42.9457239080723,-0.010808195549753763,-0.012259568680578311,0.001451373130824548,0.5909159510647399,0.6425947775443149,0.5392371245851649
2022-06-14,0.5433675557403115,0.5519618562431146,0.557763588444883,0.5541069381028082,0.5541069381028082,0.08570821123857239,2022,6,14,1,0.588368339429002,0.6338018705728371,0.5878689671007573,0.6010595078015144,52.22237330190035,-0.013190540700757092,-0.012445763084614068,-0.000744777616143024,0.588368339429002,0.642094539103154,0.5346421397548501
2022-06-15,0.5566468952545134,0.5757309147652907,0.5697750788416904,0.5755412870435694,0.5755412870435694,0.12135217829378542,2022,6,15,2,0.5862524003564891,0.6293424037771304,0.5859724009381131,0.5991692692268519,57.19230673070821,-0.013196868288738783,-0.012595984125439011,-0.0006008841632997725,0.5862524003564891,0.6383981954653066,0.5341066052476715
2022-06-16,0.5516906824693111,0.5574533518216761,0.5539598030824127,0.5503652479369467,0.5503652479369467,0.1311598154944029,2022,6,16,3,0.5843195224550898,0.6247253558728908,0.5804943773994721,0.5955541565387108,47.479966903080765,-0.015059779139238727,-0.013088743128198955,-0.001971036011039772,0.5843195224550898,0.6388444872301645,0.529794557680015
2022-06-17,0.5410216480634009,0.5571830555308999,0.552845135848977,0.558609729668488,0.558609729668488,0.1690685055601261,2022,6,17,4,0.5833539222025529,0.620794489197514,0.5771275085177822,0.5928175323261017,41.683936233402385,-0.01569002380831952,-0.013608999264223069,-0.002081024544096451,0.5833539222025529,0.6390278413595943,0.5276800030455114
2022-06-21,0.5619500759760987,0.5797522519351028,0.5777617608406886,0.5864344456349648,0.5864344456349648,0.14824229763082242,2022,6,21,1,0.5842598419477587,0.617515469798511,0.5785593449973487,0.5923447110897212,46.893032940265556,-0.013785366092372464,-0.013644272629852948,-0.00014109346251951586,0.5842598419477587,0.6394913514280142,0.5290283324675032
2022-06-22,0.5716047718733894,0.5869808796276299,0.5874891811059828,0.5865618379011934,0.5865618379011934,0.07850731644188905,2022,6,22,2,0.5843830569841606,0.6145681740135174,0.5797904977517864,0.5919163501127932,46.76391103212793,-0.012125852361006828,-0.013340588576083725,0.0012147362150768965,0.5843830569841606,0.6396240362260178,0.5291420777423034
2022-06-23,0.5834137418281797,0.5832034294673363,0.589560733271896,0.5909238394878367,0.5909238394878367,0.08214936079348498,2022,6,23,3,0.5866490336762173,0.6122732635591894,0.5815033195573326,0.5918428308072409,41.431205249780476,-0.010339511249908284,-0.012740373110848637,0.0024008618609403527,0.5866490336762173,0.6388253234399867,0.534472743912448
2022-06-24,0.5877289510931627,0.6190728106125702,0.6070603595689217,0.6301748464553716,0.6301748464553716,0.1487599486046533,2022,6,24,4,0.5909065632779876,0.6109540791583007,0.5889912467724155,0.5946822393737691,56.16965761620826,-0.005690992601353528,-0.011330497008949615,0.005639504407596087,0.5909065632779876,0.6426764544014484,0.5391366721545269
2022-06-27,0.6229643264623792,0.6231106947858664,0.6233617500336073,0.6173303156873966,0.6173303156873966,0.11972527523317403,2022,6,27,0,0.5936982563634509,0.6091216506422065,0.5933511035285665,0.59635987465626,49.38752963614649,-0.003008771127693488,-0.00966615183269839,0.006657380705004903,0.5936982563634509,0.6448079771087303,0.5425885356181714
2022-06-28,0.6058885213464282,0.613924134665553,0.5991807829805273,0.5901661176912493,0.5901661176912493,0.09842763516698866,2022,6,28,1,0.5936219802608104,0.6071526971527085,0.5928611057074408,0.5959010778440369,43.44073329776287,-0.003039972136596125,-0.008340915893477938,0.005300943756881813,0.5936219802608104,0.6447488606500679,0.5424950998715529
2022-06-29,0.5781172156482943,0.5862886479328745,0.5931300207403365,0.5880538455552974,0.5880538455552974,0.05403906416098945,2022,6,29,2,0.5930243467153195,0.6050465473289427,0.5921215272224956,0.5953198013782044,43.04522157971774,-0.0031982741557088357,-0.0073123875459241185,0.004114113390215283,0.5930243467153195,0.6441164174186117,0.5419322760120272
2022-06-30,0.5672201359797113,0.5708973372746582,0.56427667023134,0.5687149914344493,0.5687149914344493,0.14378680174892078,2022,6,30,3,0.5914269132101528,0.6022089535989328,0.5885205217166423,0.593349074715704,42.377842282239236,-0.004828552999061708,-0.0068156206365516375,0.0019870676374899292,0.5914269132101528,0.6435016535636705,0.5393521728566352
2022-07-01,0.5529297356656115,0.5608540840667942,0.5628829877604296,0.5667603402380683,0.5667603402380683,0.11135042197798134,2022,7,1,4,0.5885217281531383,0.5996387790212363,0.5851728014891694,0.5913795388284717,46.463828665897665,-0.006206737339302326,-0.006693843977101775,0.00048710663779944884,0.5885217281531383,0.6392066050556328,0.5378368512506438
2022-07-05,0.5474944553525916,0.5888471706628142,0.5570667234142685,0.598987271046298,0.598987271046298,0.13616993741969477,2022,7,5,1,0.5882947442100355,0.5981567829052588,0.5872981044979584,0.5919430745483107,60.484241226061215,-0.0046449700503523594,-0.006284069191751893,0.0016390991413995333,0.5882947442100355,0.6387367589040679,0.537852729516003
2022-07-06,0.5909604414788172,0.6040058080377775,0.5978652778053217,0.6078821989940959,0.6078821989940959,0.10129320305783826,2022,7,6,2,0.5876922504732316,0.5975666267989714,0.5904648882665949,0.5931237504331837,61.64186664123297,-0.002658862166588727,-0.005559027786719259,0.0029001656201305325,0.5876922504732316,0.63681373856157,0.5385707623848932
2022-07-07,0.603621913074081,0.6271452629660341,0.6201884887980651,0.6353247046340771,0.6353247046340771,0.11669331952930737,2022,7,7,3,0.5883884554443436,0.5970376920710995,0.5973663984769768,0.5962497470406573,62.61442442054914,0.00111665143631956,-0.004223891942111495,0.005340543378431055,0.5883884554443436,0.6398600138554569,0.5369168970332303
2022-07-08,0.6138118865604572,0.6309227131263277,0.6336497706510384,0.6411082719463722,0.6411082719463722,0.10235623630766955,2022,7,8,4,0.5893709892525131,0.5971265415718153,0.6040959174722684,0.599572600737377,70.85355854835879,0.0045233167348914805,-0.0024744502067109006,0.006997766941602381,0.5893709892525131,0.6441447437255854,0.5345972347794408
2022-07-11,0.6210809920371372,0.6201078553464383,0.6249509199347896,0.6166597661963662,0.6166597661963662,0.09143010325288173,2022,7,11,0,0.5899089429612292,0.5973279765191605,0.6060288172759758,0.600838316697302,62.41573589978235,0.005190500578673762,-0.000941460049633968,0.00613196062830773,0.5899089429612292,0.6455703975258813,0.5342474883965771
2022-07-12,0.6091100794816611,0.6138780140136111,0.6139405666678457,0.6054413878496236,0.6054413878496236,0.08335105055416386,2022,7,12,1,0.5910562662899894,0.5967161615818345,0.6059384435180755,0.6011792849308073,54.37605711465139,0.004759158587268164,0.00019866367774645842,0.004560494909521705,0.5910562662899894,0.6470194127167608,0.5350931198632181
2022-07-13,0.5813585854181003,0.5961278587882151,0.5949588282899232,0.5875877821764177,0.5875877821764177,0.14800195967868665,2022,7,13,2,0.5928367582840445,0.596343398989815,0.6031152648501281,0.6001725069490007,50.21838272121778,0.002942757901127413,0.0007474825224226495,0.0021952753787047637,0.5928367582840445,0.6457476312914362,0.5399258852766528
2022-07-14,0.5693777406122027,0.575233179582005,0.5779792961855592,0.5825787676212446,0.5825787676212446,0.11753450236178256,2022,7,14,3,0.5942603497599663,0.5955766855710763,0.5999558037379923,0.5988692669987965,48.2285456019193,0.001086536739195787,0.0008152933657772771,0.0002712433734185099,0.5942603497599663,0.6442342533471733,0.5442864461727593
2022-07-15,0.5834996495164566,0.5885037511199882,0.594955456175942,0.5914770215277775,0.5914770215277775,0.1266118819386029,2022,7,15,4,0.5950571364841768,0.5948575136478973,0.5986513757056515,0.5983216932602025,40.57025490196076,0.00032968244544906433,0.0007181711817116345,-0.0003884887362625702,0.5950571364841768,0.644276845125868,0.5458374278424856
2022-07-18,0.5866518338892641,0.5937743936452756,0.5778059518505227,0.5723192712245051,0.5723192712245051,0.12210092345236226,2022,7,18,0,0.5961548376485546,0.5931589957407075,0.594600282708552,0.5963955879242249,39.359262989795354,-0.0017953052156728377,0.00021547590223474006,-0.002010781117907578,0.5961548376485546,0.6420444083519979,0.5502652669451112
2022-07-19,0.575351675347286,0.5938402849997866,0.585964271731716,0.603902461378444,0.603902461378444,0.11118542073007276,2022,7,19,1,0.5984194742340525,0.592873808860853,0.5960313871193046,0.5969516526245373,53.18085182171427,-0.0009202655052327202,-1.1672379258752014e-05,-0.0009085931259739682,0.5984194742340525,0.6408474175704229,0.5559915308976822
2022-07-20,0.5907489433585631,0.6038608075032631,0.6047284679661511,0.6044388661023462,0.6044388661023462,0.09171712223033618,2022,7,20,2,0.5993196952574216,0.5927450611323285,0.597324845424388,0.5975062610303009,53.822086541155244,-0.00018141560591289352,-4.562102458958032e-05,-0.0001357945813233132,0.5993196952574216,0.6414398329463992,0.557199557568444
2022-07-21,0.5975554623670072,0.5964772642589946,0.5955503487517104,0.6067187839930082,0.6067187839930082,0.09397121490834806,2022,7,21,3,0.6003275425620123,0.5930073828505468,0.5987700667426372,0.5981886701386496,59.63157130705188,0.000581396603987594,7.978250112585455e-05,0.0005016141028617394,0.6003275425620123,0.6421257343158124,0.5585293508082121
2022-07-22,0.5758803050029557,0.5830946345675367,0.5662482691316257,0.5619256300606373,0.5619256300606373,0.17340984091476322,2022,7,22,4,0.5988776320906523,0.5921726071731864,0.5931016918684834,0.5955025190217598,48.993297680340056,-0.002400827153276386,-0.0004163394297545935,-0.0019844877235217924,0.5988776320906523,0.6439340981976026,0.5538211659837019
2022-07-25,0.5565180271138146,0.5659543254183543,0.5622371123565466,0.5609197823546248,0.5609197823546248,0.09869524223292445,2022,7,25,0,0.5954148788856151,0.5914013334358659,0.5881506288663514,0.5929408348241942,40.88880487611346,-0.004790205957842852,-0.0012911127353722454,-0.003499093222470607,0.5954148788856151,0.6409858159309081,0.549843941840322
2022-07-26,0.546936035553941,0.5472317931145163,0.5469402243370891,0.5423453958257018,0.5423453958257018,0.13722650003235318,2022,7,26,1,0.5916656328925303,0.5903658604229767,0.5811036699370207,0.5891930245280096,35.008816169858974,-0.008089354590988918,-0.00265076110649558,-0.005438593484493338,0.5916656328925303,0.6417588527128318,0.5415724130722287
2022-07-27,0.5612759979958926,0.5911374143860677,0.571823134987606,0.597062754645392,0.597062754645392,0.15963339218531905,2022,7,27,2,0.5920104647402373,0.5899748584341874,0.5835589137383086,0.5897759674996675,42.21873151676642,-0.006217053761358948,-0.0033640196374682537,-0.0028530341238906945,0.5920104647402373,0.6421551457073548,0.5418657837731199
2022-07-28,0.5824225389208417,0.5931151109239915,0.5951491895630543,0.6037012475805327,0.6037012475805327,0.07565006794169032,2022,7,28,3,0.592792834841499,0.5899476999694467,0.5866577343294199,0.5908074697278798,42.41895782999792,-0.004149735398459864,-0.003521162789666576,-0.0006285726087932879,0.592792834841499,0.6431653427938248,0.5424203268891733
2022-07-29,0.5863875025407199,0.6076184935534192,0.6045245162578419,0.6174476697273623,0.6174476697273623,0.1127748865327553,2022,7,29,4,0.5952294687561448,0.5899394519941175,0.5913946474675649,0.5927808178759896,50.16692010110103,-0.0013861704084247028,-0.0030941643134182015,0.0017079939049934986,0.5952294687561448,0.6454122400524008,0.5450466974598888
2022-08-01,0.6004631270258438,0.6090688351125779,0.6144504901296286,0.6096692446691385,0.6096692446691385,0.0735813127998447,2022,8,1,0,0.5973749139776983,0.5903523807682015,0.5942061239601146,0.5940318124532599,50.90893416692903,0.00017431150685476293,-0.002440469149363609,0.002614780656218372,0.5973749139776983,0.6460801113378497,0.5486697166175468
2022-08-02,0.5931940215491638,0.6088051312534686,0.6115270848636878,0.6124855739892646,0.6124855739892646,0.05072517355173275,2022,8,2,1,0.5980498291248467,0.5910436575536023,0.5970183470415223,0.5953987577522233,55.72271077451073,0.0016195892892990615,-0.0016284574616310748,0.0032480467509301363,0.5980498291248467,0.6472209681320993,0.5488786901175942
2022-08-03,0.6058158170090113,0.6242313949843831,0.6243764708000321,0.6317975723344392,0.6317975723344392,0.08488921344783279,2022,8,3,2,0.5992455977918638,0.5923132879856741,0.6023689970865864,0.5980949662397949,60.61491627734444,0.0042740308467915655,-0.0004479597999465468,0.004721990646738112,0.5992455977918638,0.6505408048090167,0.547950390774711
2022-08-04,0.6187680993456597,0.6247588027026016,0.6349822927643387,0.6324010997336201,0.6324010997336201,0.0407728713914643,2022,8,4,3,0.5990994175468409,0.5932793592368835,0.6069893205707455,0.6006361613134115,59.15350528270659,0.00635315925733404,0.0009122640115095705,0.00544089524582447,0.5990994175468409,0.6499766686603674,0.5482221664333145
2022-08-05,0.6097147308331721,0.6205396530281913,0.628183675866802,0.6280424710446458,0.6280424710446458,0.040116563906785856,2022,8,5,4,0.5984461275017546,0.5949281225448424,0.6102282667974994,0.6026662583305399,63.34725249358409,0.0075620084669595355,0.0022422129025995636,0.005319795564359972,0.5984461275017546,0.6473494057780087,0.5495428492255006
2022-08-08,0.6241868919908142,0.6337245163620726,0.6357981471878937,0.627506012676248,0.627506012676248,0.04679703459942134,2022,8,8,0,0.5989884398257488,0.5965777577099679,0.6128863815480761,0.6045062401339257,56.64150339052908,0.008380141414150333,0.0034697986049097174,0.004910342809240615,0.5989884398257488,0.6489708129565874,0.5490060666949101
2022-08-09,0.616719498353024,0.6161886217582838,0.6271638765335545,0.6232144597236188,0.6232144597236188,0.039231935367578415,2022,8,9,1,0.5998770934194484,0.5978121178248778,0.6144753166520057,0.6058920341776067,55.17369383494806,0.00858328247439899,0.004492495378807572,0.004090787095591418,0.5998770934194484,0.6509623557101173,0.5487918311287795
2022-08-10,0.6272927390782219,0.6397895403107947,0.6462000242425081,0.6443369933274026,0.6443369933274026,0.0626773647867925,2022,8,10,2,0.6027145539769977,0.5988650248965446,0.619069420755913,0.6087398089294435,59.390695620089964,0.01032961182646952,0.005659918668339961,0.004669693158129559,0.6027145539769977,0.6571218406240326,0.5483072673299628
2022-08-11,0.6437474051747962,0.6434812822669864,0.6474917750502738,0.6387713634845619,0.6387713634845619,0.044996810900250504,2022,8,11,3,0.6055241837701636,0.5996403218369335,0.6221004888680127,0.6109643685261189,73.85511964425976,0.011136120341893818,0.0067551590030507334,0.004380961338843085,0.6055241837701636,0.6613387059694648,0.5497096615708624
2022-08-12,0.6376677973748488,0.645524975638328,0.6532705926145632,0.6577481172592501,0.6577481172592501,0.04245246392619776,2022,8,12,4,0.6088377385567372,0.6007820109513629,0.6275847393897416,0.6144298313952398,77.04120513262941,0.013154907994501808,0.008035108801340948,0.00511979919316086,0.6088377385567372,0.6688516190128161,0.5488238581006583
2022-08-15,0.6446064622327137,0.6495463589551618,0.6612249607874472,0.6592903629836028,0.6592903629836028,0.039697359055656724,2022,8,15,0,0.6131862931446921,0.6014705373834677,0.632462527634951,0.6177528337351185,86.09270936581657,0.014709693899832565,0.009370025821039272,0.005339668078793294,0.6131862931446921,0.6746450222841179,0.5517275640052662
2022-08-16,0.6453333800494936,0.6493353681796614,0.660987036390501,0.6568093385840208,0.6568093385840208,0.0401650936855825,2022,8,16,1,0.6158316370049709,0.602536185156981,0.6362081908578848,0.6206459081683705,77.21443548306304,0.015562282689514317,0.010608477194734282,0.004953805494780035,0.6158316370049709,0.6800981982842711,0.5515650757256707
2022-08-17,0.6361478656875852,0.6422287598048577,0.6519108352419714,0.6421241444675237,0.6421241444675237,0.049237851378707904,2022,8,17,2,0.6177159009232298,0.602980026571728,0.63711833756706,0.6222368886349744,66.3062151394422,0.01488144893208565,0.011463071542204557,0.003418377389881093,0.6177159009232298,0.682780886216428,0.5526509156300317
2022-08-18,0.6315220869129139,0.6391962412380651,0.6474917750502738,0.6457451546346846,0.6457451546346846,0.040284338284911396,2022,8,18,3,0.6196672194553137,0.603466917560185,0.6384455401928485,0.6239782416719899,63.13823949417677,0.014467298520858596,0.012063916937935366,0.00240338158292323,0.6196672194553137,0.6856775026746179,0.5536569362360094
2022-08-19,0.6291431047760168,0.6280550185360719,0.6347103412898205,0.6273719282591773,0.6273719282591773,0.06124458084136771,2022,8,19,4,0.6229395343652406,0.6035852042097088,0.6367419075876682,0.6242296258636334,57.48299319727891,0.012512281724034846,0.012153589895155264,0.00035869182887958255,0.6229395343652406,0.6831296866902724,0.5627493820402089
2022-08-22,0.604229842134314,0.6049815077017797,0.6143144905972102,0.6069199441464239,0.6069199441464239,0.05721892014309352,2022,8,22,0,0.6252395424548306,0.6036055892521965,0.6321539132120922,0.6229474272179142,47.952634839144565,0.00920648599417806,0.011564169114959824,-0.002357683120781764,0.6252395424548306,0.6785764763599627,0.5719026085496985
2022-08-23,0.5924671103406673,0.6012238216516236,0.6117990363382062,0.604908255439961,0.604908255439961,0.03445475638051044,2022,8,23,1,0.6283676854355436,0.6040538559355073,0.6279622735548412,0.6216111922713992,38.66591369931391,0.006351081283442084,0.010521551548656275,-0.004170470265214192,0.6283676854355436,0.6663681053184204,0.5903672655526667
2022-08-24,0.5933261673985848,0.5998196534838602,0.6082637283570196,0.6044388661023462,0.6044388661023462,0.04212939425592294,2022,8,24,2,0.6287364910083912,0.6051030744116479,0.6243432877929189,0.6203391681107285,38.20032658732546,0.004004119682190388,0.009218065175363098,-0.00521394549317271,0.6287364910083912,0.6655833174244707,0.5918896645923117
2022-08-25,0.5979519990395257,0.6134198136430321,0.6168979990113588,0.6245555520001176,0.6245555520001176,0.036691748088851096,2022,8,25,3,0.6297792062293706,0.6065120466895941,0.6243759438247957,0.6206514928432759,48.70128897077143,0.0037244509815197446,0.008119342336594428,-0.004394891355074683,0.6297792062293706,0.664776928462943,0.5947814839957981
2022-08-26,0.6023134398573688,0.6056407376836104,0.5908592826965593,0.5816399956515772,0.5816399956515772,0.11445031937216332,2022,8,26,4,0.6279888225255813,0.6066340208617543,0.6178011825673775,0.6177617523105575,37.01595095154914,3.943025681996115e-05,0.0065033599206395344,-0.006463929663819573,0.6279888225255813,0.6688201830059606,0.587157462045202
2022-08-29,0.5690737793862282,0.5750518613414375,0.5812732124751818,0.5752026092253566,0.5752026092253566,0.062164797885026025,2022,8,29,0,0.6262654907533921,0.6071307680875225,0.6112475558993743,0.6146092231931353,36.5716374236103,-0.0033616672937609726,0.004530354477759433,-0.007892021771520406,0.6262654907533921,0.6728557086729725,0.5796752728338117
2022-08-30,0.5707258503146291,0.5711623530276692,0.5744066434017543,0.5723192712245051,0.5723192712245051,0.06291400523197235,2022,8,30,1,0.6242571756151541,0.6074049589186429,0.6052585890263175,0.6114766341584219,27.56892086104955,-0.006218045132104444,0.002380674555786658,-0.008598719687891103,0.6242571756151541,0.6764717568193481,0.5720425944109602
2022-08-31,0.5746908073262236,0.5737992861398554,0.5761062976261384,0.567223030719279,0.567223030719279,0.08764015862304841,2022,8,31,2,0.6210284485343962,0.6070207306203291,0.5994069646713884,0.6081985894592261,27.649768156623793,-0.008791624787837682,0.00014621468706179025,-0.008937839474899472,0.6210284485343962,0.6789535623664057,0.5631033347023867
2022-09-01,0.5586326779021675,0.5701734750927647,0.57025948029564,0.5766108241771344,0.5766108241771344,0.07324946155054954,2022,9,1,3,0.6182389347565719,0.6068217103458479,0.5958998661338109,0.605858754993886,23.039209504209836,-0.009958888860075121,-0.0018748060223655924,-0.00808408283770953,0.6182389347565719,0.6791542768307265,0.5573235926824173
2022-09-02,0.5727743984409948,0.5731730446860861,0.5698515292887034,0.564071403184171,0.564071403184171,0.06323707490224717,2022,9,2,4,0.6150403813635481,0.6062846616197746,0.5910031795261739,0.6027633956005738,20.514957619810815,-0.01176021607439992,-0.0038518880327724583,-0.007908328041627463,0.6150403813635481,0.680347948510796,0.5497328142163002
2022-09-06,0.5515948887885986,0.554747158622397,0.5588378039077784,0.5560247489417482,0.5560247489417482,0.06299211506641647,2022,9,6,1,0.6114663181768232,0.6048016596695021,0.5856218825131853,0.599301273625846,19.831398655391624,-0.0136793911126607,-0.005817388648750107,-0.007862002463910592,0.6114663181768232,0.6815506229062066,0.5413820134474397
2022-09-07,0.5491167823959975,0.5686571960320734,0.5663502483850889,0.5761414348395196,0.5761414348395196,0.07418677956387906,2022,9,7,2,0.6091126669326182,0.6039778820525445,0.5841633521018521,0.597585730012044,30.870924149653078,-0.013422377910191852,-0.007338386501038456,-0.006083991409153396,0.6091126669326182,0.6806817450453554,0.5375435888198811
2022-09-08,0.5585005320527467,0.5659543254183543,0.5693756329044926,0.5690335056278307,0.5690335056278307,0.0680558508425694,2022,9,8,3,0.6053474925476395,0.6035552298112763,0.5818356834135412,0.5954707504280282,28.201217949463086,-0.013635067014487023,-0.00859772260372817,-0.005037344410758853,0.6053474925476395,0.6770371551834924,0.5336578299117867
2022-09-09,0.5642497587084327,0.5753155652005467,0.5825649632829477,0.5848586385729727,0.5848586385729727,0.06838955084534254,2022,9,9,4,0.6026518563020601,0.6034913256716298,0.5823007534380691,0.5946846680683945,37.74168205980448,-0.012383914630325399,-0.009354961009047615,-0.0030289536212777836,0.6026518563020601,0.673093314796508,0.5322103978076121
2022-09-12,0.5770697960714044,0.5795347148749571,0.5888876769976568,0.5854621659721537,0.5854621659721537,0.05914578345550512,2022,9,12,0,0.5990375587377053,0.6038262691623838,0.5827871245971591,0.5940015197649692,43.013109732838984,-0.011214395167810087,-0.00972684784080011,-0.001487547327009977,0.5990375587377053,0.6648412862755728,0.5332338311998377
2022-09-13,0.5565841231675179,0.5579774896937878,0.548571878795264,0.5414736459478838,0.5414736459478838,0.1205341048797848,2022,9,13,1,0.5931467228859193,0.6033205352765801,0.5764312048049629,0.5901105661488888,33.77915735354145,-0.013679361343925889,-0.010517350541425267,-0.0031620108025006213,0.5931467228859193,0.6573130935590143,0.5289803522128242
2022-09-14,0.5337855641804379,0.5364202051807336,0.5451725703464958,0.545228794176611,0.545228794176611,0.07015927011212689,2022,9,14,2,0.5875676956655489,0.6022453657391864,0.5716308339390626,0.5867859904472386,35.10963029497185,-0.015155156508176004,-0.011444911734775416,-0.003710244773400588,0.5875676956655489,0.6477043351760909,0.5274310561550068
2022-09-15,0.5309440021835885,0.5371453792565287,0.5370822026411932,0.5320188303981792,0.5320188303981792,0.09039896100054537,2022,9,15,3,0.5820624299620817,0.600728098367268,0.5655366795481575,0.5827291637769378,25.891008380602997,-0.01719248422878039,-0.012594426233576412,-0.004598057995203979,0.5820624299620817,0.6413229334015005,0.5228019265226629
2022-09-16,0.5174630967995539,0.5227738782225981,0.5271902490483618,0.53020829513957,0.53020829513957,0.26623945055046633,2022,9,16,4,0.5762855869873259,0.598625770177378,0.5601015434852978,0.5788387290630588,32.94798476907188,-0.01873718557776094,-0.013822978102413319,-0.004914207475347621,0.5762855869873259,0.6318155847672994,0.5207555892073524
2022-09-19,0.5146215348027046,0.5227079407210654,0.5306915367505933,0.5316835254776352,0.5316835254776352,0.059172128192566155,2022,9,19,0,0.5715011668482488,0.5964372752480032,0.5557295407148882,0.5753457510196941,35.080479458825366,-0.01961621030480587,-0.01498162454289183,-0.004634585761914041,0.5715011668482488,0.624948089282191,0.5180542444143066
2022-09-20,0.5168683248321948,0.5171043803965976,0.5221932656286723,0.5181383171287169,0.5181383171287169,0.07887568057237407,2022,9,20,1,0.5670620854973635,0.5944668462666503,0.549946275547785,0.5711081633240661,32.69067480901691,-0.02116188777628114,-0.016217677189569693,-0.004944210586711448,0.5670620854973635,0.6228204349575307,0.5113037360371963
2022-09-21,0.5126390298637724,0.5192139585300185,0.5145107945413714,0.5059341943507357,0.5059341943507357,0.0908699309490576,2022,9,21,2,0.5621133824429022,0.5924767023966724,0.5431751861328543,0.5662804619186342,31.270510225727662,-0.023105275785779922,-0.017595196908811738,-0.005510078876968184,0.5621133824429022,0.6211980007053041,0.5030287641805004
2022-09-22,0.4942019116945356,0.5072816703977193,0.5105676375325015,0.509689295640529,0.509689295640529,0.06626255996894093,2022,9,22,3,0.5573759039198113,0.5909187326659547,0.5380235106724965,0.5620885236758116,28.82004646770045,-0.024065013003315094,-0.018889160127712412,-0.005175852875602682,0.5573759039198113,0.6173586677637289,0.49739314007589364
2022-09-23,0.49823297136811734,0.4969315592730541,0.5010495602787164,0.5003014954771119,0.5003014954771119,0.086526284652573,2022,9,23,4,0.5511632010936611,0.589273187223072,0.5322201237193604,0.5575117067722043,29.406683060473682,-0.025291583052843847,-0.020169644712738702,-0.005121938340105145,0.5511632010936611,0.6074754999409331,0.4948509022463892
2022-09-26,0.48865097980824374,0.4991070683155763,0.5035650145377204,0.4978874931693793,0.4978874931693793,0.0716479788502602,2022,9,26,0,0.5469755759695512,0.5874013966559041,0.5269381805578249,0.5530950983571802,30.516862836501303,-0.02615691779935525,-0.021367099330062013,-0.0047898184692932375,0.5469755759695512,0.6061298759363374,0.4878212760027649
2022-09-27,0.4972417684607791,0.49923889717161996,0.49649444616566535,0.49305947514279025,0.49305947514279025,0.07990774720144941,2022,9,27,1,0.5428684192654228,0.5858162007342697,0.521726072032435,0.5486480151561142,18.978489010404246,-0.026921943123679126,-0.022478068088785438,-0.0044438750348936885,0.5428684192654228,0.6050974597356324,0.48063937879521323
2022-09-28,0.484752065984083,0.5054358027158392,0.4996218575288505,0.5108292277636122,0.5108292277636122,0.08171952560985754,2022,9,28,2,0.5397939170923782,0.5839547360619731,0.5200496344526161,0.5458466234974103,29.87015041079262,-0.025796989044794216,-0.023141852279987194,-0.002655136764807022,0.5397939170923782,0.6019723697122993,0.4776154644724572
2022-09-29,0.49321070878719747,0.4915917028076956,0.49091958710830214,0.49305947514279025,0.49305947514279025,0.06926123811020418,2022,9,29,3,0.5360857393135537,0.581727148242782,0.5158973022511044,0.541936464360031,18.67279498973518,-0.02603916210892654,-0.023721314245775064,-0.0023178478631514753,0.5360857393135537,0.600192558065222,0.4719789205618855
2022-09-30,0.4828357033568403,0.49287063455108204,0.487588278425743,0.4800507251622699,0.4800507251622699,0.08939555005037852,2022,9,30,4,0.5312577343628104,0.5791937870661672,0.5103824442374376,0.5373523355305672,16.835459119790286,-0.026969891293129544,-0.02437102965524596,-0.0025988616378835837,0.5312577343628104,0.5970363865890496,0.4654790821365713
2022-10-03,0.4794654654463351,0.4960086188396824,0.4943188955570705,0.5011732520604918,0.5011732520604918,0.08275020567382443,2022,10,3,0,0.5281128268066266,0.5779787395061643,0.5089656454409843,0.5346724034216728,35.18976753534214,-0.025706757980688444,-0.02463817532033446,-0.0010685826603539852,0.5281128268066266,0.5932975489663944,0.46292810464685885
2022-10-04,0.5047091092322997,0.5141378059237692,0.5216493626796357,0.5220275564800767,0.5220275564800767,0.07230890821863359,2022,10,4,1,0.5264129671835429,0.5772008949886733,0.5109751702162293,0.5337357480926657,42.425573024174035,-0.022760577876436372,-0.024262655831554843,0.0015020779551184714,0.5264129671835429,0.5902930236666859,0.46253291070039987
2022-10-05,0.5023962165408222,0.514269634779813,0.5128111403169873,0.5207534795898653,0.5207534795898653,0.053334226897514346,2022,10,5,2,0.5236435694210603,0.5767690566639567,0.512479525504481,0.5327740985739396,46.011394962974116,-0.0202945730694587,-0.023469039279135614,0.0031744662096769155,0.5236435694210603,0.5830952051427917,0.4641919336993289
2022-10-06,0.5077489131322734,0.5207961750922426,0.5247767196538857,0.5208875707124979,0.5208875707124979,0.04723657573880811,2022,10,6,3,0.5212362726752937,0.5752455529852988,0.5137730709210989,0.5318936150286476,46.660261732833334,-0.01812054410754871,-0.022399340244818235,0.004278796137269527,0.5212362726752937,0.5767156351161968,0.46575691023439064
2022-10-07,0.5021318851922782,0.5055676249794514,0.5092078801599096,0.5029837336746052,0.5029837336746052,0.08002283210545288,2022,10,7,4,0.5171425274303754,0.5732312027071802,0.5121131728831768,0.5297521423357556,40.79965877896107,-0.017638969452578812,-0.02144726608637035,0.0038082966337915393,0.5171425274303754,0.5643163004849707,0.46996875437578
2022-10-10,0.4968452317882606,0.4961404476957263,0.5000977607116781,0.4972169436783489,0.4972169436783489,0.044341889980680525,2022,10,10,0,0.512730266315685,0.5708265881861999,0.5098214453132033,0.5273421276203921,42.941170002662005,-0.01752068230718884,-0.02066194933053405,0.003141267023345211,0.512730266315685,0.5480053597191982,0.4774551729121718
2022-10-11,0.4862719910630629,0.4969974967745868,0.4958825978393547,0.4927912996030871,0.4927912996030871,0.0678571098436879,2022,10,11,1,0.5102961489984452,0.5684890292848789,0.5072014228962624,0.5247828070265177,45.31996351288876,-0.01758138413025534,-0.020045836290478312,0.0024644521602229727,0.5102961489984452,0.5438989684230109,0.47669332957387955
2022-10-12,0.4864041369124838,0.49388586902779086,0.4987380033390863,0.49446769009456804,0.49446769009456804,0.048101792366496886,2022,10,12,2,0.5077580937943431,0.5661286716069849,0.5052423870806171,0.5225372428093362,44.49831044587064,-0.01729485572871914,-0.01949564017812648,0.002200784449407342,0.5077580937943431,0.5377225496706555,0.47779363791803076
2022-10-13,0.4709407728475033,0.4997003673883059,0.4824213159863813,0.5039225056442727,0.5039225056442727,0.1195967868664553,2022,10,13,3,0.5063532775566477,0.5635711702731816,0.5050393283981025,0.5211583733897018,51.30814240101727,-0.01611904499159933,-0.01882032114082105,0.0027012761492217208,0.5063532775566477,0.5340795111858446,0.47862704392745076
2022-10-14,0.5019666648828707,0.5047106286400441,0.4943868953232797,0.4869574405760475,0.4869574405760475,0.07251180891284051,2022,10,14,4,0.5041907348284715,0.5606622970900301,0.5022574995024017,0.5186249709590608,46.42700883016532,-0.016367471456659066,-0.018329751203988654,0.001962279747329588,0.5041907348284715,0.5308074646515756,0.4775740050053675
2022-10-17,0.49466449155448794,0.507874969470449,0.5112474856250213,0.5110974569478112,0.5110974569478112,0.07568611863451069,2022,10,17,0,0.5031614314019803,0.5583233968080935,0.5036174929555416,0.5180673773285979,55.23550827522738,-0.014449884373056276,-0.01755377783780218,0.003103893464745905,0.5031614314019803,0.5267178537808733,0.4796050090230874
2022-10-18,0.523873138610033,0.5240264534241802,0.5189979088882133,0.5151878497470247,0.5151878497470247,0.06782383228108449,2022,10,18,1,0.5030139080328958,0.556077033549509,0.505397547846539,0.5178540789892221,51.374210057705355,-0.01245653114268308,-0.016534328498778363,0.004077797356095283,0.5030139080328958,0.5262096031275537,0.47981821293823784
2022-10-19,0.5024622663365397,0.5071432095554186,0.5120973127372135,0.5078117449956324,0.5078117449956324,0.06765374696111146,2022,10,19,2,0.5031077855651406,0.5537689792549493,0.5057689627925533,0.5171102023971044,54.97739070659014,-0.011341239604551023,-0.015495710719932896,0.004154471115381872,0.5031077855651406,0.5263683516731642,0.479847219457117
2022-10-20,0.5032552802070231,0.5159836801980809,0.5143748425992714,0.5094210664563302,0.5094210664563302,0.08406790471524575,2022,10,20,3,0.5030943741059307,0.5510706607175279,0.5063308248946728,0.5165406367718619,60.73529360582438,-0.010209811877189057,-0.01443853095138413,0.0042287190741950725,0.5030943741059307,0.5263392664155435,0.4798494817963179
2022-10-21,0.4876597240346358,0.5068861442749978,0.5025452627947913,0.5157913771462056,0.5157913771462056,0.10192501455893363,2022,10,21,4,0.5038688681893853,0.5486110609907607,0.5077862944718318,0.5164851360588503,55.98901427967816,-0.008698841587018502,-0.013290593078511003,0.004591751491492501,0.5038688681893853,0.5277455722344733,0.47999216414429724
2022-10-24,0.5116477740901646,0.5166429101799117,0.5166183997726923,0.5257826510643081,0.5257826510643081,0.08201440178959338,2022,10,24,0,0.5052636260841318,0.5459717516668618,0.5105549647168282,0.5171738408740694,51.68877394174073,-0.006618876157241216,-0.011956249694257046,0.0053373735370158305,0.5052636260841318,0.5308658084431237,0.47966144372513986
2022-10-25,0.5196438436416106,0.529827773513793,0.5351105969422907,0.5389255458119568,0.5389255458119568,0.10618408038380123,2022,10,25,1,0.5075569296175901,0.543564455323429,0.5149196695006941,0.5187850782768758,57.384200301438995,-0.003865408776181689,-0.010338081510641976,0.0064726727344602865,0.5075569296175901,0.5365487233383973,0.478565135896783
2022-10-26,0.4764256615463614,0.4865814415559574,0.47766230455395625,0.4711323143364673,0.4711323143364673,0.29842717297861915,2022,10,26,2,0.5055720839462329,0.5398509148384779,0.5081831533215824,0.5152552439109196,36.95499006223139,-0.007072090589337221,-0.009684883326381025,0.0026127927370438037,0.5055720839462329,0.5387533783164711,0.4723907895759947
2022-10-27,0.46023534001489846,0.46436492706107235,0.459510011034767,0.4562459533609926,0.4562459533609926,0.21769303297251827,2022,10,27,3,0.503731407857143,0.5361333510163473,0.500192814866107,0.5108841853516657,37.54911666635109,-0.010691370485558682,-0.009886180758216557,-0.0008051897273421253,0.503731407857143,0.5433040776300693,0.4641587380842167
2022-10-28,0.4484726016129685,0.475506156355497,0.46238579878795744,0.4829341168076171,0.4829341168076171,0.13292953476118727,2022,10,28,4,0.5038755774394104,0.532877130259806,0.49753763054941624,0.5088138099039584,46.5766675035896,-0.01127617935454217,-0.010164180477481681,-0.0011119988770604897,0.5038755774394104,0.5431045109110485,0.46464664396777217
2022-10-31,0.46994952368217907,0.47214399642806226,0.4763705469475736,0.47005945124416737,0.47005945124416737,0.10599227221046209,2022,10,31,0,0.5023198873985941,0.5297308807195057,0.4933102183486088,0.5059431166698999,44.76367080069056,-0.012632898321291108,-0.010657924046243567,-0.001974974275047541,0.5023198873985941,0.5443665862479691,0.4602731885492191
2022-11-01,0.46869392995174325,0.47092441634697335,0.4495160305981543,0.4421642866436766,0.4421642866436766,0.1677032011166471,2022,11,1,1,0.4983267239067741,0.5264357675694508,0.4854416134709269,0.5012187588901796,39.250271203149694,-0.015777145419252736,-0.011681768320845401,-0.004095377098407335,0.4983267239067741,0.5471206842485803,0.44953276356496796
2022-11-02,0.43776721503834964,0.4388522494721704,0.4262647744058126,0.41916420910055796,0.41916420910055796,0.16924228838705502,2022,11,2,2,0.4932472603823087,0.5227208866426627,0.47524508972163937,0.4951406440909484,33.498697114984566,-0.01989555436930901,-0.013324525530538124,-0.006571028838770886,0.4932472603823087,0.5522865257710081,0.4342079949936093
2022-11-03,0.40760038006089955,0.4075381990542023,0.4020616642574974,0.39515828385142693,0.39515828385142693,0.19215204148602805,2022,11,3,3,0.48696079603925524,0.5185352749976443,0.46292404266468357,0.4877345433324653,32.60482857359665,-0.024810500667781732,-0.015621720557986846,-0.009188780109794886,0.48696079603925524,0.5589605525545951,0.4149610395239154
2022-11-04,0.40208246976832457,0.40872483675425153,0.4049850695234382,0.41668313105648025,0.41668313105648025,0.15361893493312134,2022,11,4,4,0.48264576590834896,0.5143778265787716,0.4558100562634215,0.48247147575646643,31.930185021018715,-0.026661419493044902,-0.017829660344998458,-0.008831759148046445,0.48264576590834896,0.5606925257401133,0.4045990060765846
2022-11-07,0.4141755893145163,0.42329410414575885,0.425924823165085,0.4297590104178415,0.4297590104178415,0.09227082389698746,2022,11,7,0,0.47927286924532364,0.5113402068740969,0.4518022030564092,0.47856684869434607,34.193556423595,-0.026764645637936846,-0.019616657403586136,-0.00714798823435071,0.47927286924532364,0.5604365381565136,0.3981092003341337
2022-11-08,0.4262027185395439,0.43295199676053187,0.430615889220236,0.43150246994010566,0.43150246994010566,0.10739408953513094,2022,11,8,1,0.4762084277621745,0.5084662040883918,0.4486791671923625,0.47508059841625416,35.58034379865289,-0.026401431223891658,-0.020973612167647242,-0.005427819056244416,0.4762084277621745,0.5598143549333409,0.3926025005910081
2022-11-09,0.4221385844059757,0.42691991519284944,0.4286442835213335,0.4213770579604368,0.4213770579604368,0.09154981004058013,2022,11,9,2,0.47255389615546795,0.5054473598231105,0.44447884269514315,0.47110255838248993,33.88167091206118,-0.026623715687346783,-0.022103632871587155,-0.004520082815759628,0.47255389615546795,0.5591360554388697,0.3859717368720662
2022-11-10,0.44721700788253266,0.4602776523897275,0.4578103568103829,0.466773685647493,0.466773685647493,0.16377737310618315,2022,11,10,3,0.47069645515562897,0.5034383729216748,0.4479088185339662,0.4707819011428605,42.14822419698249,-0.022873082608894313,-0.022257522819048588,-0.0006155597898457252,0.47069645515562897,0.5560300462280355,0.3853628640832224
2022-11-11,0.4628786601086235,0.4788023721889674,0.4748748988204338,0.48393995780806764,0.48393995780806764,0.10922943955038317,2022,11,11,4,0.47054558101723,0.5015849555942934,0.4534520707299818,0.47175657200694987,43.44813561389246,-0.018304501276968088,-0.02146691851063249,0.003162417233664401,0.47054558101723,0.5557687170417239,0.385322444992736
2022-11-14,0.4680992108506538,0.47761572789648643,0.4813539467307018,0.4792460376096732,0.4792460376096732,0.07965400578659837,2022,11,14,0,0.468953010050323,0.4998884482828035,0.4574203733268574,0.47231134723678125,40.4012116214869,-0.014890973909923833,-0.02015172959049076,0.005260755680566928,0.468953010050323,0.5521518036884897,0.38575421641215635
2022-11-15,0.48904745700620883,0.49897519331251083,0.4943188955570705,0.49728401270913203,0.49728401270913203,0.11506179458500107,2022,11,15,1,0.4680578181984284,0.4987136335581512,0.4635532409241304,0.4741611743088072,55.00770222926155,-0.010607933384676804,-0.01824297034932797,0.007635036964651166,0.4680578181984284,0.5495293430132655,0.3865862933835913
2022-11-16,0.484752065984083,0.4952175072623546,0.5003152960565487,0.4990944943232456,0.4990944943232456,0.08191919098547804,2022,11,16,2,0.4676219556648092,0.49717269474782566,0.46902112606245583,0.4760080869024693,58.637464916212544,-0.00698696084001349,-0.015991768447465075,0.009004807607451586,0.4676219556648092,0.5482872752663311,0.38695663606328723
2022-11-17,0.47920112748950744,0.4927783405077448,0.4948627917074903,0.49580878237106685,0.49580878237106685,0.06878610846636654,2022,11,17,3,0.4669413414605459,0.4957082002826904,0.4731423039560883,0.4774748050853284,52.86566745912405,-0.004332501129240107,-0.013659914983820083,0.009327413854579976,0.4669413414605459,0.5463414770939715,0.38754120582712026
2022-11-18,0.49129429990196877,0.4906687689667555,0.49241528962437714,0.49111490911160616,0.49111490911160616,0.08335058836579437,2022,11,18,4,0.46570751805881605,0.49383332569346305,0.4759073201338603,0.47848518316134897,54.863689181290006,-0.0025778630274886916,-0.011443504592553805,0.008865641565065113,0.46570751805881605,0.5426400261300741,0.38877500998755804
2022-11-21,0.48171226208410917,0.4877680792560066,0.4851407695440129,0.4779049453331743,0.4779049453331743,0.05435751194756935,2022,11,21,0,0.46331363277225923,0.4916821812806835,0.47621464708760086,0.4784422025814842,58.85676342413978,-0.0022275554938833153,-0.009600314772819708,0.007372759278936393,0.46331363277225923,0.5351885873184331,0.39143867822608536
2022-11-22,0.4724607045347669,0.4800417229726255,0.47657455304481794,0.4879632882820599,0.4879632882820599,0.055152475943095365,2022,11,22,1,0.4607655198957644,0.49061197412736696,0.4780221303482869,0.4791474681889342,68.21732662736983,-0.0011253378406473336,-0.007905319386385234,0.0067799815457379,0.4607655198957644,0.5245069873881953,0.3970240524033335
2022-11-23,0.480258426450549,0.4900688313153373,0.49649444616566535,0.49795456220016243,0.49795456220016243,0.049144027139701056,2022,11,23,2,0.4621066322889492,0.489666489487838,0.4810886583254985,0.48054058626384,79.40160811623903,0.0005480720616585222,-0.006214641096776483,0.006762713158435005,0.4621066322889492,0.5278633009720817,0.39634996360581676
2022-11-25,0.4876927456283527,0.4892184208151653,0.497786203772048,0.4897737631906115,0.4897737631906115,0.007541989813368337,2022,11,25,4,0.4637830227804301,0.48882158814368665,0.48242482830474664,0.48122452529545273,72.63288398272611,0.0012003030092939126,-0.004731652275562404,0.0059319552848563165,0.4637830227804301,0.5306113643660888,0.39695468119477134
2022-11-28,0.4793332733389282,0.48190082166486103,0.4866364720600878,0.4807212679477384,0.4807212679477384,0.060262430556197476,2022,11,28,0,0.46367238033743624,0.48783184759985,0.48216274209597615,0.4811872469733998,66.18398073390287,0.0009754951225763309,-0.003590222795934657,0.004565717918510988,0.46367238033743624,0.5303744268578919,0.39697033381698055
2022-11-29,0.47140335270745554,0.4724077002871716,0.4764385467137828,0.47528977616646406,0.47528977616646406,0.06139710300330003,2022,11,29,1,0.46393389658355105,0.48670397261362663,0.48110536272220505,0.48075039728399716,63.587179657692886,0.0003549654382078993,-0.0028011851491061457,0.003156150587314045,0.46393389658355105,0.5307822334816874,0.39708555968541476
2022-11-30,0.4655880828643357,0.5057653913370279,0.4783421526464762,0.5155901700538561,0.5155901700538561,0.15230077370333053,2022,11,30,2,0.46760519075406004,0.4866530096721294,0.48641071769630523,0.4833311211928756,74.6232026501516,0.003079596503429649,-0.0016250288185989867,0.004704625322028636,0.46760519075406004,0.5374187957437956,0.3977915857643245
2022-12-01,0.5070880979774806,0.5132807568449086,0.5191338540316963,0.514450237930773,0.514450237930773,0.0685679555559664,2022,12,1,3,0.47236949219557084,0.48682333054373017,0.4907244900400695,0.48563624095123836,66.21067776902623,0.005088249088831154,-0.00028237323711295865,0.005370622325944112,0.47236949219557084,0.5412632635507605,0.4034757208403812
2022-12-02,0.4936732886471496,0.5037876947991041,0.5089359286853914,0.5114327551627932,0.5114327551627932,0.05493339865595622,2022,12,2,4,0.47818321576113904,0.48685819973417543,0.493910376982027,0.487547093855798,60.343093095176435,0.006363283126229025,0.001046758035555438,0.005316525090673587,0.47818321576113904,0.5387655666921648,0.41760086483011327
2022-12-05,0.4966139682914194,0.5077431406144052,0.5101937068045201,0.5049954223810683,0.5049954223810683,0.060174614765994026,2022,12,5,0,0.4825988303273685,0.4869520782722546,0.4956157685818795,0.4888395626354476,59.561772471884915,0.006776205946431912,0.002192647617730733,0.004583558328701179,0.4825988303273685,0.53685015944185,0.42834750121288695
2022-12-06,0.49565574071981217,0.49759078925488487,0.4925512891567954,0.48782915022049356,0.48782915022049356,0.06443645372107856,2022,12,6,1,0.4855023373175011,0.48675091141327687,0.4944178272955124,0.48876471727137694,46.46615488344023,0.005653110024135488,0.0028847400990116845,0.0027683699251238036,0.4855023373175011,0.5337275425574022,0.4372771320776
2022-12-07,0.47649171134207885,0.4784727308283253,0.48075568883956926,0.4733451631963461,0.4733451631963461,0.09110610920586795,2022,12,7,2,0.48759447198031314,0.486356625174348,0.49117587897256376,0.4876225280806339,41.20879312080017,0.003553350891929874,0.0030184622575953226,0.0005348886343345513,0.48759447198031314,0.5291211410368789,0.44606780292374737
2022-12-08,0.46935479797280594,0.46897966219008913,0.47242738993870376,0.4652984553094277,0.4652984553094277,0.0862314084728372,2022,12,8,3,0.48979054184776266,0.48544600972526425,0.4871947368705428,0.4859688930605445,39.91129663078769,0.001225843809998295,0.0026599385680759176,-0.0014340947580776227,0.48979054184776266,0.5195514032408871,0.4600296804546382
2022-12-09,0.457525970125456,0.4598820735275527,0.4671244279669237,0.4593975808961007,0.4593975808961007,0.06909392592044813,2022,12,9,4,0.48942173661019306,0.4847727718403305,0.48291825133601324,0.4840006477150302,39.59523693566237,-0.00108239637901697,0.0019114715786573405,-0.0029938679576743104,0.48942173661019306,0.5205356299245405,0.4583078432958457
2022-12-12,0.4521732206677351,0.45582774123724756,0.459510011034767,0.46268329284827936,0.46268329284827936,0.09449394995424334,2022,12,12,0,0.48835890336220367,0.4844254231940507,0.4798051807994388,0.4824215843915672,44.65881059874577,-0.0026164035921283912,0.0010058965445001941,-0.0036223001366285854,0.48835890336220367,0.5216381220470534,0.45507968467735394
2022-12-13,0.4850824999946142,0.4948879186411659,0.4831691638451104,0.4780390297502449,0.4780390297502449,0.12873101561272313,2022,12,13,1,0.48829855296923225,0.4839627387478457,0.47953346525340895,0.4820969507144322,46.64245703241374,-0.0025634854610232516,0.00029202014339550493,-0.0028555056044187567,0.48829855296923225,0.5216516495919677,0.45494545634649675
2022-12-14,0.4683635488074817,0.47787943175559566,0.47337918950574204,0.47441802628864604,0.47441802628864604,0.0902048418853588,2022,12,14,2,0.48715525364820794,0.4830105481440171,0.47874647464344544,0.48152814149770734,41.678511149461066,-0.0027816668542618994,-0.00032271725613597596,-0.0024589495981259236,0.48715525364820794,0.5207780087107835,0.45353249858563244
2022-12-15,0.45514698138027515,0.4568495615531917,0.4495160305981543,0.4468581599031374,0.4468581599031374,0.09873637699780924,2022,12,15,3,0.4845434369272025,0.4815326417502826,0.47384058006801344,0.4789599947129244,36.65553696922355,-0.005119414644910947,-0.0012820567338909703,-0.0038373579110199765,0.4845434369272025,0.5221416016086425,0.4469452722457624
2022-12-16,0.43968357105730854,0.4418188239449986,0.4466606250984227,0.44457829565697116,0.44457829565697116,0.19203695658202458,2022,12,16,4,0.4819819125914977,0.48000645624917204,0.46933869015862234,0.4764132021902612,38.26729969566806,-0.0070745120316388355,-0.0024405477934405437,-0.004633964238198292,0.4819819125914977,0.5231587604822647,0.4408050647007306
2022-12-19,0.4375689202689556,0.43819296675088626,0.43928413256321225,0.43311179140080347,0.43311179140080347,0.07434068829091983,2022,12,19,0,0.4790817567059576,0.478609017403696,0.4637653211189579,0.473205690279931,36.824458129133376,-0.009440369160973072,-0.0038405120669470494,-0.005599857094026023,0.4790817567059576,0.5253997419523188,0.43276377145959644
2022-12-20,0.4233611499344108,0.428831726968694,0.43326734301165853,0.436330427616637,0.436330427616637,0.0695168282785332,2022,12,20,1,0.47700303082013074,0.47739128708246176,0.45954456827244705,0.4704741893419092,17.775329817590887,-0.010929621069462159,-0.005258333867450071,-0.005671287202012087,0.47700303082013074,0.5271193357093702,0.42688672593089133
2022-12-21,0.42996943364801404,0.43631415009553487,0.43918216010836614,0.44048789615219563,0.44048789615219563,0.061935090265388563,2022,12,21,2,0.47462926121363747,0.4763452190134439,0.4566127725616391,0.46825298243896746,20.649270135360865,-0.011640209877328334,-0.006534709069425724,-0.005105500807902609,0.47462926121363747,0.5270061167855599,0.42225240564171507
2022-12-22,0.4246827868522804,0.4248762745609612,0.4257888712229851,0.42714384125113125,0.42714384125113125,0.07727835756741017,2022,12,22,3,0.471088725166186,0.4749987420365752,0.45207909082156095,0.4652078608694981,19.085083752123452,-0.013128770047937166,-0.007853521265128012,-0.005275248782809154,0.471088725166186,0.5263220651758254,0.4158553851565466
2022-12-23,0.41602595501231115,0.4309412985096832,0.4304119375119268,0.43753743547606516,0.43753743547606516,0.050281472717020555,2022,12,23,4,0.46847690878045867,0.4736710406332111,0.44984191307610005,0.46315819972924377,25.955998351624316,-0.013316286653143716,-0.008946074342731154,-0.004370212310412562,0.46847690878045867,0.5249170129957157,0.41203680456520164
2022-12-27,0.4271939214468821,0.42698585269438216,0.42983406187425316,0.42493099239125254,0.42493099239125254,0.039447315147761626,2022,12,27,1,0.4656873950026343,0.47243051166951516,0.44600946373996964,0.4603265547412444,26.82804757435059,-0.014317091001274762,-0.010020277674439877,-0.0042968133268348856,0.4656873950026343,0.5250200881092761,0.40635470189599243
2022-12-28,0.4152329411418277,0.4205252498834854,0.421913666390006,0.41507380959578255,0.41507380959578255,0.050580046403712296,2022,12,28,2,0.46267659667410027,0.47051003872247454,0.4412501323331717,0.45697449954528424,27.774913609916936,-0.015724367212112567,-0.011161095581974414,-0.004563271630138152,0.46267659667410027,0.525938760323859,0.39941443302434154
2022-12-29,0.4121270411881504,0.42609586123448184,0.42612877487339423,0.4317706454798088,0.4317706454798088,0.05243388395374419,2022,12,29,3,0.4584856204453979,0.46884169463713027,0.43979174974034657,0.45510754739228604,38.00382725895128,-0.015315797651939467,-0.011992035995967425,-0.003323761655972042,0.4584856204453979,0.5179817987344277,0.39898944215636806
2022-12-30,0.4143408096239238,0.42256893666239526,0.42640072634791265,0.43029546208067737,0.43029546208067737,0.056637949362642236,2022,12,30,4,0.45427788165289307,0.4672913689788311,0.43833078240808976,0.45326961514698166,39.24677416629361,-0.014938832738891905,-0.012581395344552321,-0.002357437394339584,0.45427788165289307,0.5088046933111565,0.39975106999462967
2023-01-03,0.4306302554110906,0.4405003573889056,0.43992996037677684,0.43679981695425163,0.43679981695425163,0.06379354969911538,2023,1,3,1,0.45054623474246613,0.46583894398878956,0.4380952492613454,0.45204963009566834,40.65826223490224,-0.013954380834322933,-0.012855992442506445,-0.0010983883918164877,0.45054623474246613,0.49841199452316043,0.40268047496177184
2023-01-04,0.4384280301931425,0.4384566706099956,0.4316356885534835,0.430161324019111,0.430161324019111,0.09294839204666255,2023,1,4,2,0.44680452982436814,0.4641263429262477,0.43687464537792475,0.4504282740899974,31.55989231595433,-0.013553628712072663,-0.01299551969641969,-0.000558109015652973,0.44680452982436814,0.48798115961381844,0.40562790003491783
2023-01-05,0.4189996628585814,0.41848160925159705,0.4232053696074534,0.417152520394095,0.417152520394095,0.07487497804605245,2023,1,5,3,0.4432706983330482,0.4619537403128435,0.43384047230348943,0.4479634034458565,29.431570069961026,-0.014122931142367068,-0.013221001985609167,-0.000901929156757901,0.4432706983330482,0.4816597274081389,0.40488166925795754
2023-01-06,0.4143077880302069,0.42019565466986497,0.4164747524761259,0.42647329846566284,0.42647329846566284,0.09094295671143732,2023,1,6,4,0.4409271050965141,0.45970469536591757,0.4327070609438238,0.446371543817694,41.57428897228758,-0.013664482873870232,-0.01330969816326138,-0.0003547847106088516,0.4409271050965141,0.47725308245833065,0.4046011277346976
2023-01-09,0.4264339820363851,0.4357537999962765,0.4369386029349452,0.4307648514182921,0.4307648514182921,0.07423068745898079,2023,1,9,0,0.4392004249019573,0.45889734610755406,0.43240825947835737,0.44521549252884945,44.38386035493382,-0.012807233050492084,-0.013209205140707522,0.000401972090215438,0.4392004249019573,0.473895090645048,0.40450575915886666
2023-01-10,0.4100784864535008,0.42682102871784533,0.4241571691744917,0.43371526515548875,0.43371526515548875,0.07357853966962774,2023,1,10,1,0.4379163091149267,0.45844673234344396,0.4326093372748391,0.44436362383452643,50.263609009923734,-0.011754286559687355,-0.012918221424503488,0.0011639348648161338,0.4379163091149267,0.4713413296753903,0.4044912885544631
2023-01-11,0.43215013423208454,0.44643350633456214,0.4448249713416202,0.4539660891148264,0.4539660891148264,0.08810604449949622,2023,1,11,2,0.4374804489282541,0.4578673717895881,0.43589499140406784,0.4450749175589931,56.705779560180254,-0.009179926154925244,-0.012170562370587841,0.002990636215662597,0.4374804489282541,0.4697531177305923,0.4052077801259159
2023-01-12,0.44761354455505115,0.447554259272532,0.4504678369638094,0.45161915583787704,0.45161915583787704,0.073109880662963,2023,1,12,3,0.43615945523263566,0.45749856588146237,0.4383140936246539,0.4455596759500215,54.29163791362373,-0.007245582325367594,-0.011185566361543792,0.003939984036176198,0.43615945523263566,0.4631769877006098,0.40914192276466155
2023-01-13,0.4418511079402217,0.4499275346726306,0.45291533904692266,0.45758709928198726,0.45758709928198726,0.054051543246965726,2023,1,13,4,0.4353179088823027,0.4578070221342286,0.4412791714180898,0.4464505961968338,62.445189778959836,-0.005171424778743994,-0.009982738044983834,0.00481131326623984,0.4353179088823027,0.45802200173469804,0.4126138160299074
2023-01-17,0.4501246725413693,0.44986159717109786,0.45230343633167674,0.453295546329358,0.453295546329358,0.07394921474196023,2023,1,17,1,0.43563977820361377,0.45848964887880456,0.44312784448136183,0.44695762953998375,56.780172817219885,-0.003829785058621915,-0.008752147447711451,0.004922362389089536,0.43563977820361377,0.45919913777199034,0.4120804186352372
2023-01-18,0.45118201776039696,0.4539356935715406,0.4561107025859987,0.45074739925449714,0.45074739925449714,0.05872380547415904,2023,1,18,2,0.4359482333834901,0.45960143118686597,0.44430008367722884,0.4472383532225403,62.16045705137078,-0.002938269545311456,-0.007589371867231453,0.004651102321919997,0.4359482333834901,0.4601530458155384,0.4117434209514418
2023-01-19,0.44093915817946067,0.4592887810472547,0.4559746962549635,0.46503027976972455,0.46503027976972455,0.10062626524066148,2023,1,19,3,0.43754415780193606,0.4605683741611309,0.4474893446145359,0.4485562737075169,72.58946742076428,-0.001066929092981006,-0.006284883312381364,0.005217954219400358,0.43754415780193606,0.46495785784229304,0.4101304577615791
2023-01-20,0.4710729186969242,0.49238276164557016,0.4867724783911231,0.5010391139989254,0.5010391139989254,0.21615995415091374,2023,1,20,4,0.44077959212105056,0.4619939762327525,0.45572777067367276,0.45244389150688047,76.66495921475251,0.0032838791667922917,-0.004371130816546632,0.007655009983338924,0.44077959212105056,0.4802242972659988,0.4013348869761023
2023-01-23,0.49208726090618266,0.5054358027158392,0.5060805231856598,0.5139808485931583,0.5139808485931583,0.11488061674416025,2023,1,23,0,0.4444542397430986,0.4636435438058135,0.4646897826612859,0.4570021846243826,79.60150853889947,0.007687598036903331,-0.00195938504585664,0.00964698308275997,0.4444542397430986,0.4957094952651562,0.39319898422104105
2023-01-24,0.4948627797155983,0.5033921093444976,0.5057405719449322,0.5005697246613108,0.5005697246613108,0.09454247973304,2023,1,24,1,0.44812553391360754,0.4652273971398311,0.4702097737382128,0.4602294098123032,71.50610452118381,0.009980363925909619,0.0004285647484966121,0.009551799177413008,0.44812553391360754,0.5044300827107311,0.391820985116484
2023-01-25,0.4793332733389282,0.48117564758906595,0.4823669542456685,0.48393995780806764,0.48393995780806764,0.11122516892984904,2023,1,25,2,0.45044566003020775,0.46557072258304255,0.4723221097489597,0.46198574670087833,66.99153101838462,0.010336363048081387,0.0024101244084135673,0.00792623863966782,0.45044566003020775,0.5087034644748202,0.3921878555855953
2023-01-26,0.48647023296618724,0.4909983575879442,0.49295919257341386,0.5002344800908244,0.5002344800908244,0.08137334652110814,2023,1,26,3,0.45421083441518634,0.4658966130286977,0.47661632057078507,0.4648189862112447,75.71607608351067,0.01179733435954039,0.004287566398638932,0.007509767960901458,0.45421083441518634,0.5151953251513746,0.3932263436789981
2023-01-27,0.49155863785879667,0.5066224404158886,0.5075762257017347,0.5106280676101964,0.5106280676101964,0.10207152827206256,2023,1,27,4,0.458988547315907,0.46652425362870814,0.48184889703838685,0.46821225150005596,75.87628795408627,0.013636645538330883,0.006157382226577322,0.00747926331175356,0.458988547315907,0.5220013784279816,0.39597571620383243
2023-01-30,0.48954311132614764,0.49231023830480203,0.4977182040058388,0.49212070317312284,0.49212070317312284,0.08055527310710753,2023,1,30,0,0.4620060502005727,0.4664209874379879,0.48342917490526927,0.4699832479202831,67.34925309425554,0.013445926984986145,0.007615091178259087,0.005830835806727058,0.4620060502005727,0.5253102436275031,0.3987018567736423
2023-01-31,0.4836947670230413,0.49561309271696097,0.49955385776264133,0.5049954223810683,0.5049954223810683,0.07104204989785637,2023,1,31,1,0.46574104821559226,0.46653900599914444,0.48674705913231525,0.4725767423247857,69.08438616079243,0.01417031680752956,0.008926136304113182,0.005244180503416377,0.46574104821559226,0.529975437789914,0.4015066586412706
2023-02-01,0.4961183205797643,0.5106438237327224,0.5038369660122388,0.5154560789312236,0.5154560789312236,0.0899261422985552,2023,2,1,2,0.4696738613144409,0.46693195193034753,0.4911638314090704,0.4757529894808181,67.37400283243676,0.015410841928252261,0.010223077428940998,0.005187764499311263,0.4696738613144409,0.5360435101381338,0.403304212490748
2023-02-02,0.5427067405855186,0.5543516324996755,0.5590417556160876,0.5648760907367677,0.5648760907367677,0.18342684944676052,2023,2,2,3,0.47640959965032376,0.4684071755628508,0.5025041789979469,0.4823547006849625,75.27685944835144,0.02014947831298436,0.01220835760574967,0.007941120707234689,0.47640959965032376,0.5525234192939595,0.40029578000668803
2023-02-03,0.5210315766131834,0.549077667388828,0.5370142504653024,0.5408701654876367,0.5408701654876367,0.1381360867435132,2023,2,3,4,0.4825954819050008,0.4696664799659401,0.5084066384578991,0.4866891795592347,67.20221043730575,0.021717458898664443,0.014110177864332626,0.007607281034331817,0.4825954819050008,0.5585410297655661,0.4066499340444355
2023-02-06,0.5155797161163258,0.527190794254585,0.5296037308525199,0.52913543204727,0.52913543204727,0.08613804642219983,2023,2,6,0,0.4877285885840812,0.47048992284124425,0.5115956836254947,0.48983334641020027,65.19752065620412,0.021762337215294414,0.015640609734524986,0.006121727480769428,0.4877285885840812,0.5615505528536265,0.41390662431453584
2023-02-07,0.5218245376173973,0.5533627545647711,0.53870026666419,0.5597798502315418,0.5597798502315418,0.12387942429816695,2023,2,7,1,0.4941793385247436,0.4717264286018718,0.5190086323341173,0.4950145689154848,69.63768262619891,0.023994063418632527,0.017311300471346495,0.006682762947286033,0.4941793385247436,0.5695734118616556,0.41878526518783166
2023-02-08,0.5156127839680289,0.5198073037497698,0.5040749447981201,0.5058671253199525,0.5058671253199525,0.30786367291853467,2023,2,8,2,0.4977869315329668,0.4720482958444586,0.5169868620242458,0.4958184619824824,56.43626744604808,0.021168400041763402,0.018082720385429876,0.0030856796563335266,0.4977869315329668,0.5677051853705862,0.4278686776953474
2023-02-09,0.5014049673754981,0.5002277751065245,0.4728352933553221,0.4754238672890966,0.4754238672890966,0.41995636941792,2023,2,9,3,0.4988598204416803,0.47194234783128586,0.5105925551419151,0.4943077512644538,45.89070603350206,0.01628480387746134,0.01772313708383617,-0.0014383332063748304,0.4988598204416803,0.5665704884086218,0.4311491524747388
2023-02-10,0.4696851857253512,0.4765609190524809,0.47739035307943795,0.4714005435206662,0.4714005435206662,0.19591841450901729,2023,2,10,4,0.49984888982581976,0.47186456317836983,0.5045630148924922,0.4926109210612103,42.967887354689374,0.01195209383128193,0.016568928433325324,-0.0046168346020433945,0.49984888982581976,0.5651905110829082,0.43450726856873134
2023-02-13,0.46486116504755565,0.4655515647611217,0.4741270441630879,0.4723393154903336,0.4723393154903336,0.16722252521237554,2023,2,13,0,0.5005865006362371,0.47099954608709943,0.4996055226767755,0.4911093206485527,45.13744640477139,0.008496202028222766,0.014954383152304813,-0.006458181124082047,0.5005865006362371,0.5642303978032805,0.4369426034691936
2023-02-14,0.46254827896436196,0.4643979221815654,0.4646089737079196,0.47200401727535146,0.47200401727535146,0.16443321840249212,2023,2,14,1,0.5015219241835368,0.47015062167399096,0.49535913723040254,0.4896941129912786,47.82182372553622,0.005665024239123961,0.013096511369668645,-0.007431487130544683,0.5015219241835368,0.562743034187327,0.4403008141797466
2023-02-15,0.46307690201174795,0.4786704905934702,0.47623460180409044,0.4864209822076496,0.4864209822076496,0.1387882345328662,2023,2,15,2,0.5033056033311943,0.4696503862148881,0.4939840364576713,0.4894516588591579,47.46179695183895,0.004532377598513382,0.011383684615437593,-0.006851307016924211,0.5033056033311943,0.5602256235141078,0.44638558314828086
2023-02-16,0.4683635488074817,0.48223041028604985,0.48038175811158784,0.4775696471181923,0.4775696471181923,0.13267625553470572,2023,2,16,3,0.5039325716986178,0.46910187070963055,0.4914587457900591,0.48857150984130865,43.8909559679933,0.002887235948750455,0.009684394882100166,-0.006797158933349711,0.5039325716986178,0.5593334050107962,0.44853173838643945
2023-02-17,0.46525764885380444,0.4681885506127612,0.4700478332328644,0.469590008262057,0.469590008262057,0.1116605503739104,2023,2,17,4,0.5023601164117744,0.4687370878704618,0.48809432463190494,0.48716547268729005,45.667870199012064,0.0009288519446148946,0.007933286294603112,-0.007004434349988218,0.5023601164117744,0.5598525155960872,0.44486771722746155
2023-02-21,0.453164476441343,0.4527952292628865,0.460189859127287,0.45255792780754434,0.45255792780754434,0.09905251384254166,2023,2,21,1,0.4992889703724937,0.4683213431626858,0.4826271866589264,0.48460195084434593,40.076142131979715,-0.001974764185419531,0.005951676198598584,-0.007926440384018116,0.4992889703724937,0.5606028541652114,0.43797508657977596
2023-02-22,0.4445340579113772,0.4458402138542641,0.4525074424289211,0.4508815373160634,0.4508815373160634,0.10609580240522828,2023,2,22,2,0.49680456100523135,0.4680330048028185,0.47774324060617823,0.48210414243484356,37.35889178060711,-0.004360901828665331,0.0038891605931458016,-0.008250062421811134,0.49680456100523135,0.5618151789036369,0.4317939431068258
2023-02-23,0.44582927491095964,0.4443239282011411,0.4466606250984227,0.4459864569642531,0.4459864569642531,0.11780118505097939,2023,2,23,3,0.49490688596304055,0.46776478232418156,0.4728575815843436,0.479428758325911,21.812398555256152,-0.006571176741567375,0.0017970931262031662,-0.00836826986777054,0.49490688596304055,0.5636095486853043,0.4262042232407767
2023-02-24,0.42930856562695147,0.43113906486725984,0.43884220886763853,0.4344528769717403,0.4344528769717403,0.11258723805474158,2023,2,24,4,0.4916178058070864,0.46720017400665076,0.4669491654900969,0.47609721155893536,23.1835055913986,-0.009148046068838456,-0.00039193471280515825,-0.008756111356033297,0.4916178058070864,0.5653601857350596,0.4178754258791132
2023-02-27,0.4323483695269253,0.4332486430006808,0.4439411715407911,0.4394820484461831,0.4394820484461831,0.07297168634048493,2023,2,27,0,0.48806050484888575,0.46642903438056954,0.4627234551756486,0.4733849772542871,26.61769570293508,-0.010661522078638463,-0.0024458521859718196,-0.008215669892666644,0.48806050484888575,0.5647469720245843,0.41137403767318714
2023-02-28,0.42871384652586203,0.43984107466762146,0.4433292688255452,0.44082319436717776,0.44082319436717776,0.10912683373235596,2023,2,28,1,0.4854956294085884,0.4657571377421402,0.4593541842820377,0.47097299333672343,13.377390296485515,-0.011618809054685708,-0.004280443559714598,-0.0073383654949711104,0.4854956294085884,0.5649903154251007,0.4060009433920761
2023-03-01,0.4328110022531472,0.43819296675088626,0.44557281920034925,0.4422313556744598,0.4422313556744598,0.08960861888871427,2023,3,1,2,0.48235742607325804,0.46566460165756657,0.45671990295779497,0.4688439831395187,21.04943707769246,-0.012124080181723729,-0.005849170884116425,-0.006274909297607304,0.48235742607325804,0.5635482517157209,0.4011666004307952
2023-03-02,0.4308284973142151,0.4466313188391603,0.4450289230499294,0.45430134039087466,0.45430134039087466,0.0757646906573243,2023,3,2,3,0.47929968914624055,0.46585906255224463,0.456347816409038,0.4677667503433229,38.461535643843554,-0.011418933934284892,-0.006963123494150118,-0.004455810440134773,0.47929968914624055,0.5598457091020214,0.39875366919045974
2023-03-03,0.4498603345845414,0.45737696927141025,0.4646769734741288,0.46576784464704246,0.46576784464704246,0.10771993233562271,2023,3,3,4,0.4743442768417543,0.4665121836171695,0.4577970515225771,0.4676186832547095,47.15445838015476,-0.009821631732132408,-0.0075348251417465765,-0.002286806590385831,0.4743442768417543,0.5442088969145842,0.4044796567689244
2023-03-06,0.4605657740254298,0.47181440780687367,0.4758266983874721,0.47622855484169335,0.47622855484169335,0.09868738503064309,2023,3,6,0,0.47111219630945717,0.4673101461616706,0.4606326674178257,0.468256451520412,51.79234151182127,-0.007623784102586295,-0.00755261693391452,-7.116716867177492e-05,0.47111219630945717,0.5336110201421556,0.4086133724767588
2023-03-07,0.46757053493699824,0.47042995100979434,0.4727265222835784,0.466773685647493,0.466773685647493,0.07933694456512697,2023,3,7,1,0.4679941089894683,0.46783586195157656,0.46157743945315916,0.4681466170113069,47.77651482390921,-0.006569177558147732,-0.007355929058761162,0.0007867515006134305,0.4679941089894683,0.5242111069355143,0.4117771110434223
2023-03-08,0.4608631335759746,0.4714188289446988,0.4765405259672459,0.46999238221338424,0.46999238221338424,0.0853162755012433,2023,3,8,2,0.4635047355885605,0.46869283277082163,0.4628720460316553,0.4682833403596089,42.281051835373546,-0.005411294327953564,-0.006967002112599643,0.001555707784646079,0.4635047355885605,0.4995980296316289,0.42741144154549204
2023-03-09,0.46142483108334714,0.46930925081127783,0.46260338852176314,0.45664832731231986,0.45664832731231986,0.08089636812379253,2023,3,9,3,0.4610437956881788,0.46907505060754673,0.4619145508440653,0.46742148754129115,40.56834061355822,-0.0055069366972258504,-0.006674989029524885,0.0011680523322990348,0.4610437956881788,0.4911986998804271,0.43088889149593057
2023-03-10,0.44827435970984403,0.4512460012287238,0.45203153924609357,0.4455841366574217,0.4455841366574217,0.11977195625849271,2023,3,10,4,0.45955180915659505,0.46948811349287006,0.45940217943073547,0.46580390599433785,39.47061207611056,-0.0064017265636023835,-0.006620336536340385,0.00021860997273800194,0.45955180915659505,0.48966372599466546,0.42943989231852464
2023-03-13,0.43548734394058913,0.45058677124689306,0.44618472191559516,0.4499427653463961,0.4499427653463961,0.11357169928175928,2023,3,13,0,0.45847892024788156,0.47018549260788234,0.4579468849562217,0.4646290066870829,48.709468863010734,-0.00668212173086119,-0.006632693575244547,-4.94281556166435e-05,0.45847892024788156,0.48834132470250885,0.42861651579325427
2023-03-14,0.4520410814265979,0.4621235266640391,0.4654927735087487,0.46731014401589077,0.46731014401589077,0.11724748338432811,2023,3,14,1,0.45822746167415945,0.470896282578604,0.45938738635001697,0.4648276094521798,57.02004267618109,-0.0054402231021628555,-0.006394199480628209,0.0009539763784653533,0.45822746167415945,0.4876803340308529,0.428774589317466
2023-03-15,0.45514698138027515,0.4780771981131722,0.467260427499342,0.48273295665420135,0.48273295665420135,0.14527181298009817,2023,3,15,2,0.4587639086431019,0.47194503247007447,0.4629790125506607,0.4661539314671444,64.40588506370793,-0.0031749189164836933,-0.005750343367799306,0.002575424451315613,0.4587639086431019,0.4896302105570624,0.4278976067291414
2023-03-16,0.4751700744242093,0.5091934821735637,0.48650052691660467,0.5130420766234909,0.5130420766234909,0.2198329651232656,2023,3,16,3,0.46009496336389405,0.47346987766345927,0.4706810224080192,0.46962712740465157,76.8560876003265,0.0010538950033676109,-0.004389495693565923,0.005443390696933534,0.46009496336389405,0.49757122248326485,0.42261870424452325
2023-03-17,0.5033874194481605,0.5192139585300185,0.5196777569807332,0.5223628010505631,0.5223628010505631,0.3198542257882622,2023,3,17,4,0.4623346210605125,0.4753139072040883,0.4786320652761028,0.473533473600645,77.51557445947599,0.0050985916754577865,-0.002491878219761181,0.007590469895218967,0.4623346210605125,0.5085442810084994,0.41612496111252556
2023-03-20,0.5048412550817205,0.5132148720828291,0.5199497084552516,0.5188088599141855,0.5188088599141855,0.08826827261718787,2023,3,20,0,0.4647955636431189,0.4773470339944901,0.4848131106050386,0.47688720592016653,75.51556706684069,0.007925904684872087,-0.00040832163883452706,0.008334226323706614,0.4647955636431189,0.517428161981282,0.4121629653049557
2023-03-21,0.5109209091396543,0.5354972713397935,0.5272242285356157,0.5450275803786996,0.5450275803786996,0.12103234394209705,2023,3,21,1,0.4694190462716767,0.47971811963275085,0.49407687518560184,0.48193464106524303,78.93543601359005,0.012142234120358808,0.0021017895130041398,0.010040444607354669,0.4694190462716767,0.5326950322104005,0.40614306033295294
2023-03-22,0.5318030592415057,0.5457155602008466,0.5432009646475933,0.5341646035217128,0.5341646035217128,0.11740000554626043,2023,3,22,2,0.47358319958195916,0.4817861146748193,0.500244218006542,0.4858035271731297,72.63398603701961,0.014440690833412262,0.0045695697770857645,0.009871121056326497,0.47358319958195916,0.5424382477445052,0.4047281514194131
2023-03-23,0.5367592720267083,0.5430192292793412,0.5513593389177218,0.5478439566377593,0.5478439566377593,0.11300413196402326,2023,3,23,3,0.4786760745656345,0.4840686885044647,0.507567254719037,0.49039911454088003,72.97298149500818,0.017168140178156932,0.007089283857299998,0.010078856320856934,0.4786760745656345,0.5537257650469513,0.4036263840843177
2023-03-24,0.5357680228613839,0.53681579063534,0.5468042248046707,0.5465028174223266,0.5465028174223266,0.08458139599375122,2023,3,24,4,0.48427857158816384,0.48591942307061475,0.5135573412887738,0.49455494438395015,70.72784018987339,0.019002396904823693,0.009471906466804738,0.009530490438018955,0.48427857158816384,0.562105887290425,0.40645125588590275
2023-03-27,0.5329925569182379,0.5318055293836018,0.5324591363522515,0.5263861315245554,0.5263861315245554,0.08530795611059244,2023,3,27,0,0.48862377574208243,0.48741476258434824,0.5155310013250479,0.49691281009806904,66.54261504169928,0.018618191226978886,0.011301163418839568,0.007317027808139318,0.48862377574208243,0.5656198586433293,0.41162769284083556
2023-03-28,0.5176613387026785,0.5159836801980809,0.5164824002402739,0.5149866962991708,0.5149866962991708,0.08308991412540095,2023,3,28,1,0.4923319508386821,0.4885627545246919,0.5154472620902977,0.4982516164833358,61.943755122154,0.01719564560696185,0.012480059856464026,0.004715585750497825,0.4923319508386821,0.5667348108073746,0.4179290908699895
2023-03-29,0.5158110258711532,0.5147970424980316,0.5215813629134265,0.5186077064663317,0.5186077064663317,0.08879701611188656,2023,3,29,2,0.49615076837827565,0.4898689977274314,0.5159334843019953,0.4997594750005948,67.34234379649963,0.01617400930140045,0.013218849745451313,0.0029551595559491363,0.49615076837827565,0.5675040920786875,0.4247974446778639
2023-03-30,0.5073524293260248,0.5068202067734651,0.5165504000064831,0.5147184671149718,0.5147184671149718,0.08353500152522161,2023,3,30,3,0.4991716247144805,0.4911484190846409,0.5157465585809148,0.5008675484905487,70.16034654997148,0.014879010090366074,0.013550881814434266,0.0013281282759318083,0.4991716247144805,0.5681407759697286,0.43020247345923246
2023-03-31,0.5091366461038465,0.5238286870666037,0.5243688162372673,0.5326893731836476,0.5326893731836476,0.09785452158881874,2023,3,31,4,0.5025177011413108,0.49250160095291934,0.5183531454428737,0.5032247206900375,72.35507331705548,0.015128424752836156,0.013866390402114645,0.0012620343507215113,0.5025177011413108,0.5711559374680175,0.4338794648146041
2023-04-03,0.515480591860622,0.5288389021713202,0.5307594821278672,0.5387914613948862,0.5387914613948862,0.06370758266238988,2023,4,3,0,0.5056458464689705,0.49325664790083856,0.5214975017431833,0.5058592940755818,70.56328090766053,0.01563820766760149,0.014220753855212015,0.0014174538123894742,0.5056458464689705,0.574938811350196,0.436352881587745
2023-04-04,0.5298205543025736,0.5364202051807336,0.5458524184390157,0.5401996227021681,0.5401996227021681,0.06212366312014125,2023,4,4,1,0.5093171433217043,0.49378102338301877,0.5243747511214887,0.5084030221219956,67.98154040659846,0.015971728999493062,0.014570948884068225,0.0014007801154248371,0.5093171433217043,0.5777131209166837,0.4409211657267249
2023-04-05,0.5382792037139716,0.5393208948914825,0.5424667004254253,0.5390596369345894,0.5390596369345894,0.06899640417448535,2023,4,5,2,0.5127705060577644,0.49455082162848435,0.5266339643235042,0.510673882478484,59.95892300427264,0.01596008184502018,0.014848775476258617,0.0011113063687615624,0.5127705060577644,0.5797665171321424,0.44577449498338645
2023-04-06,0.5359662647645083,0.5596914823726025,0.5473141482664536,0.5655466402277981,0.5655466402277981,0.12824895314334311,2023,4,6,3,0.5182154217035383,0.4961829552768789,0.5326205298472417,0.5147385312006554,64.6098012028942,0.01788199864658635,0.015455420110324166,0.0024265785362621844,0.5182154217035383,0.58369002969847,0.45274081370860664
2023-04-10,0.5466716975971131,0.5487480721752076,0.5526510353365524,0.5524707608664369,0.5524707608664369,0.05918553165528142,2023,4,10,0,0.5235597529139892,0.49722768089239117,0.5356744115425025,0.5175335111758984,60.69904899890298,0.018140900366604096,0.015992516161580154,0.002148384205023942,0.5235597529139892,0.5810324513467003,0.46608705448127796
2023-04-11,0.5435657976434358,0.5438037484250021,0.5504754847279576,0.5469051846680919,0.5469051846680919,0.054470285909725365,2023,4,11,1,0.5284078738800739,0.49795322323354907,0.5374022227925932,0.5197091906938387,50.68696472372217,0.017693032098754502,0.016332619349015025,0.0013604127497394772,0.5284078738800739,0.5750763357802866,0.4817394119798613
2023-04-12,0.5466716975971131,0.5462231510694743,0.5483679270869548,0.5408701654876367,0.5408701654876367,0.0731440826023054,2023,4,12,2,0.5320858749536612,0.4989282124798394,0.5379357524379845,0.5212766703081941,52.54323240769849,0.016659082129790392,0.0163979119051701,0.00026117022462029266,0.5320858749536612,0.5690696911190405,0.4951020587882819
2023-04-13,0.5405920897971654,0.5506928263320918,0.5583619007249507,0.5607856912319923,0.5607856912319923,0.06800963200562021,2023,4,13,3,0.5359885116825508,0.5000440178568578,0.5414511276370626,0.5242032644506976,54.68673658403443,0.017247863186364953,0.01656790216140907,0.0006799610249558843,0.5359885116825508,0.5670416751529523,0.5049353482121492
2023-04-14,0.5486542025360452,0.5593618937514137,0.5661802693654165,0.5693017348120295,0.5693017348120295,0.06388691174975272,2023,4,14,4,0.5388014945919777,0.501120930974474,0.5457358364332113,0.5275438918848704,57.84856638821039,0.018191944548340944,0.016892710638795445,0.0012992339095454983,0.5388014945919777,0.5712632763752826,0.5063397128086727
2023-04-17,0.5337194681267343,0.540441595089999,0.5507474362024758,0.5489168197300593,0.5489168197300593,0.10217783159704569,2023,4,17,0,0.5401291955259525,0.5008017455543398,0.5462252184788803,0.5291270717252547,57.74193048907713,0.01709814675362553,0.016933797861761465,0.0001643488918640669,0.5401291955259525,0.5719253486381795,0.5083330424137256
2023-04-18,0.5440944735570914,0.5426830482264856,0.5470761762791891,0.5401996227021681,0.5401996227021681,0.04947911370758266,2023,4,18,1,0.5411987336653517,0.5007883346986304,0.5452982037440015,0.5299472606865075,58.82629080208967,0.01535094305749396,0.016617226900907965,-0.0012662838434140053,0.5411987336653517,0.5713729573749076,0.5110245099557957
2023-04-19,0.5256903769815715,0.5339480433056308,0.5404135589140708,0.539529026272204,0.539529026272204,0.0452759726754236,2023,4,19,2,0.5409238059600269,0.5009962065831292,0.5444106379791096,0.5306570211002628,57.478409533415025,0.013753616878846797,0.016044504896495733,-0.0022908880176489357,0.5409238059600269,0.5710513037652384,0.5107963081548154
2023-04-20,0.5285650200466911,0.5416150545191463,0.5461243699135341,0.5454299543300268,0.5454299543300268,0.07200571264824693,2023,4,20,3,0.5414870735004426,0.5007092086650988,0.5445674558792507,0.5317513124506157,60.822300735065525,0.012816143428635018,0.01539883260292359,-0.0025826891742885723,0.5414870735004426,0.5715035154443014,0.5114706315565837
2023-04-21,0.5380809089445777,0.5399801248733133,0.5518692147891864,0.54549702336081,0.54549702336081,0.0713757499006295,2023,4,21,4,0.5413697268365951,0.5015018066259159,0.544710466261029,0.5327695132587782,55.16495870042776,0.011940953002250843,0.014707256682789042,-0.0027663036805382,0.5413697268365951,0.5712997560027891,0.5114396976704011
2023-04-24,0.5378166238540196,0.5444629849992645,0.5510193876769942,0.5513308287433538,0.5513308287433538,0.0669013042955787,2023,4,24,0,0.5416111274026464,0.5030199458550011,0.5457289835660021,0.5341444255168949,55.0677335566105,0.011584558049107185,0.014082716956052673,-0.002498158906945488,0.5416111274026464,0.5717923031864587,0.5114299516188341
2023-04-25,0.5415172495170699,0.5452540899841608,0.545580473763114,0.5367797726884231,0.5367797726884231,0.11310719997041996,2023,4,25,1,0.5421308094608397,0.5043275304383562,0.5443521818925284,0.5343396364184896,48.75060827989716,0.010012545474038848,0.013268682659649908,-0.0032561371856110605,0.5421308094608397,0.5715566524370871,0.5127049664845923
2023-04-26,0.5345785317929352,0.5424852357218873,0.536810251166675,0.5357068559516275,0.5357068559516275,0.1392675238720293,2023,4,26,2,0.5431668174434627,0.5055948812475821,0.5430221317477744,0.5344409119394627,48.774510404651764,0.008581219808311613,0.01233119008938225,-0.0037499702810706373,0.5431668174434627,0.5699050383194102,0.5164285965675153
2023-04-27,0.5323978312088649,0.5565271481346292,0.544628667397459,0.5619926990914205,0.5619926990914205,0.1446612621439994,2023,4,27,3,0.545336067074717,0.5073946548839036,0.5459406805698738,0.53648178506183,48.69907041287312,0.009458895508043796,0.01175673117311456,-0.002297835665070764,0.545336067074717,0.5706886551196402,0.5199834790297939
2023-04-28,0.5493811203528254,0.5508576503086287,0.5556424471673191,0.5609868513854079,0.5609868513854079,0.07867324206653664,2023,4,28,4,0.5476494862882388,0.5088859722674587,0.548255476079956,0.5382969751598727,53.419503104145136,0.009958500920083213,0.011397085122508291,-0.0014385842024250781,0.5476494862882388,0.5694309444861455,0.5258680280903322
2023-05-01,0.5488524444391696,0.5534286920663039,0.5655684210391059,0.5575670013716629,0.5575670013716629,0.0646615394570211,2023,5,1,0,0.5488933676976396,0.5104859193525281,0.5496880184325262,0.5397243845088943,54.3561496055675,0.009963633923631976,0.011110394882733028,-0.0011467609591010522,0.5488933676976396,0.5699054390549569,0.5278812963403223
2023-05-02,0.5484559672412046,0.5471659017600052,0.5451725703464958,0.5459664059928626,0.5459664059928626,0.06196605688614452,2023,5,2,1,0.5492521149275384,0.5120134473071443,0.549115462672578,0.5401867564706697,51.991618453030135,0.008928706201908332,0.01067405714656809,-0.001745350944659758,0.5492521149275384,0.5697773421796487,0.5287268876754282
2023-05-03,0.5389400188687647,0.5498028348721915,0.5527870416675875,0.5469051846680919,0.5469051846680919,0.04705216257938085,2023,5,3,2,0.5495873930258346,0.5139003924443551,0.5487754199026571,0.5406844178186269,43.63077583526255,0.008091002084030241,0.01015744613406052,-0.002066444050030279,0.5495873930258346,0.5697050248232852,0.529469761228384
2023-05-04,0.5385435416707995,0.5377387244762801,0.5465322733301523,0.5408030964568534,0.5408030964568534,0.059366247307752744,2023,5,4,3,0.5496745660019479,0.5156988236271709,0.5475489086033027,0.5406932088288658,36.626822779788256,0.006855699774436896,0.009497096862135797,-0.0026413970876989004,0.5496745660019479,0.5696144440765596,0.5297346879273361
2023-05-05,0.5329925569182379,0.5386616583172201,0.5467974261877733,0.547542166115921,0.547542166115921,0.06364010316044408,2023,5,5,4,0.548774342296354,0.5177299378102043,0.5475478712975517,0.5412005389982774,49.260188298645986,0.006347332299274311,0.0088671439495635,-0.002519811650289189,0.548774342296354,0.5672704889128797,0.5302781956798284
2023-05-08,0.5361314784656321,0.5517146466480359,0.553942792942935,0.5611209425080406,0.5611209425080406,0.04774405856851018,2023,5,8,0,0.5492068513784342,0.5202632991209303,0.5496360360991653,0.542676124443445,60.6995573874081,0.006959911655720297,0.00848569749079486,-0.0015257858350745633,0.5492068513784342,0.5684561525704277,0.5299575501864406
2023-05-09,0.5558572119590217,0.5660532053009268,0.5670980962438179,0.5591093007405114,0.5591093007405114,0.0824839851729971,2023,5,9,1,0.5498170571820552,0.5226558441668169,0.5510934614286032,0.5438933967617463,59.87822470202831,0.0072000646668568535,0.008228570926007258,-0.0010285062591504045,0.5498170571820552,0.5695273691722852,0.5301067451918252
2023-05-10,0.5543373331380277,0.5852701502024905,0.5722310859945425,0.5882114195559346,0.5882114195559346,0.18763692330446197,2023,5,10,2,0.55218411988547,0.525603608670592,0.5568039165251156,0.5471762132650195,67.48902590520692,0.009627703260096099,0.008508397392825027,0.001119305867271072,0.55218411988547,0.5778433374488788,0.5265249023220612
2023-05-11,0.6026438738679003,0.6177708383205079,0.6160821445878035,0.6191911359551884,0.6191911359551884,0.231921964115695,2023,5,11,3,0.5551043921216299,0.5291428042762066,0.5664019502835884,0.5525106519828098,74.04813356252663,0.01389129830077862,0.009584977574415746,0.004306320726362875,0.5551043921216299,0.5945018853430136,0.5157068989002461
2023-05-12,0.6101773106931243,0.6165842006204586,0.6270959243576637,0.6260307823381829,0.6260307823381829,0.11248047254138896,2023,5,12,4,0.5579408444979375,0.5325773931151528,0.575575616753526,0.5579565875646892,74.21738597164534,0.017619029188836732,0.011191787897299944,0.006427241291536788,0.5579408444979375,0.6082887933729697,0.5075928956229052
2023-05-15,0.6068070727826191,0.6201111251925452,0.6266200211748361,0.6195934495564579,0.6195934495564579,0.07012275723093703,2023,5,15,0,0.5614746759892574,0.5356539052133411,0.5823475910309001,0.562522281045561,78.3386776799123,0.019825309985339046,0.012918492314907765,0.006906817670431281,0.5614746759892574,0.6186184506705836,0.5043309013079311
2023-05-16,0.6090539156783792,0.6359659167591057,0.628999530290357,0.6405818383931134,0.6405818383931134,0.11755345208493173,2023,5,16,1,0.5664937867738047,0.5389409708843695,0.5913067060097021,0.568304470478713,81.58320051492734,0.023002235530989124,0.014935240958124037,0.008066994572865086,0.5664937867738047,0.6326867868295648,0.5003007867180446
2023-05-17,0.6311916529023827,0.643085756144265,0.646879872335028,0.6499026164646813,0.6499026164646813,0.0911601852450985,2023,5,17,2,0.5720124662834285,0.5426035495007132,0.6003214614643143,0.5743487775887848,79.48718214009735,0.025972683875529534,0.017142729541605138,0.008829954333924396,0.5720124662834285,0.646610344140514,0.497414588426343
2023-05-18,0.6403110712105877,0.6537655152220038,0.6606810578384106,0.663581922641794,0.663581922641794,0.09280049176842514,2023,5,18,3,0.5779200646990169,0.5464753403092815,0.6100538401070035,0.580958640185304,81.71642276800281,0.02909519992169951,0.019533223617624013,0.009561976304075497,0.5779200646990169,0.6617913282978705,0.49404880110016336
2023-05-19,0.6577569336062166,0.6707673569364537,0.6690433770182314,0.6617714410276805,0.6617714410276805,0.10776060491213799,2023,5,19,4,0.5837337855823604,0.5505778025835886,0.6180103940948,0.5869447735810356,82.53771097427402,0.03106562051376438,0.021839702996852086,0.009225917516912294,0.5837337855823604,0.6740165691207382,0.49345100204398273
2023-05-22,0.653197250885249,0.6745316815652985,0.6740063401589655,0.6793400334950866,0.6793400334950866,0.10549079782956342,2023,5,22,0,0.5901342458199472,0.5552529205203419,0.6274457232333055,0.5937888669080024,90.14938721013714,0.03365685632530313,0.024203133662542297,0.009453722662760834,0.5901342458199472,0.6885302715947498,0.4917382200451446
2023-05-23,0.6625810005419983,0.663785984986027,0.6712869341916523,0.6620396702118794,0.6620396702118794,0.08107662158789436,2023,5,23,1,0.5963972406961199,0.5594948586176516,0.6327678689223168,0.5988444819675488,81.55090368634406,0.03392338695476804,0.02614718432098745,0.007776202633780593,0.5963972406961199,0.6964263239688007,0.49636815742343904
2023-05-24,0.6424257153906572,0.6461842056201588,0.6556500949314672,0.6509754795569812,0.6509754795569812,0.07465220325195737,2023,5,24,2,0.6021606718763877,0.5631681653284734,0.6355690397891883,0.6027060373445438,79.39177943235187,0.03286300244464457,0.027490347945718877,0.005372654498925697,0.6021606718763877,0.7007387218556023,0.5035826218971731
2023-05-25,0.6644313133735233,0.667477779681672,0.6702671348584048,0.6691475457790726,0.6691475457790726,0.12422098150322144,2023,5,25,3,0.6075184142107702,0.5668964571109708,0.6407349637876321,0.6076276305619163,80.57664081806927,0.033107333225715796,0.028613745001718264,0.004493588223997532,0.6075184142107702,0.7085222378833258,0.5065145905382147
2023-05-26,0.6568648483462989,0.6676096085377159,0.6729185886498275,0.6763895661133944,0.6763895661133944,0.08420471247261532,2023,5,26,4,0.6132885499471696,0.5701634069007689,0.6462202872223647,0.6127211072694332,79.93731381483394,0.0334991799529315,0.029590831991960914,0.003908347960970587,0.6132885499471696,0.7162658890796815,0.5103112108146578
2023-05-30,0.6715682730007824,0.6701147127938583,0.6701991282935789,0.6710921654547526,0.6710921654547526,0.09379974302326657,2023,5,30,1,0.618964808151324,0.5731379941888527,0.6500467300273474,0.6170448893572347,78.59588625328371,0.03300184067011269,0.03027303372759127,0.0027288069425214223,0.618964808151324,0.7215242108370489,0.5164054054655992
2023-05-31,0.654452791749415,0.6603579468889444,0.6716268310434446,0.6625761285802773,0.6625761285802773,0.15997633595548202,2023,5,31,2,0.6247952942806947,0.5760133395621745,0.6519743298047211,0.6204175737441268,71.22082826030064,0.03155675606059438,0.030529778194191896,0.0010269778664024863,0.6247952942806947,0.7230493546582614,0.526541233903128
2023-06-01,0.6531311548315455,0.6612808807298846,0.6729865884160364,0.669281690546201,0.669281690546201,0.08357151440641147,2023,6,1,3,0.6309141195746002,0.5784984217655246,0.6546370006880258,0.6240371379516879,66.59263140662623,0.030599862736337857,0.03054379510262109,5.6067633716766485e-05,0.6309141195746002,0.7238421694172548,0.5379860697319456
2023-06-02,0.6596733424914454,0.6725209899068816,0.6801251021653656,0.6750484738368955,0.6750484738368955,0.05743337554653775,2023,6,2,4,0.6376263884436023,0.5813160991718282,0.6577772273263135,0.6278157554246663,66.35347947890283,0.02996147190164722,0.03042733046242632,-0.0004658585607790998,0.6376263884436023,0.7221634688127105,0.5530893080744941
2023-06-05,0.6604663563619289,0.6807285343700644,0.6803290538736748,0.684436220355817,0.684436220355817,0.07273227276508815,2023,6,5,0,0.6444710911555971,0.5840479444461893,0.661878610869314,0.6320098639380849,71.21544656834924,0.029868746931229095,0.030315613756186875,-0.0004468668249577798,0.6444710911555971,0.7199833131629085,0.5689588691482856
2023-06-06,0.6736168211271483,0.6865958447006634,0.6911388819352258,0.6930193866111332,0.6930193866111332,0.05783871474658212,2023,6,6,1,0.6510660133607518,0.5869782758299654,0.6666694994449784,0.6365290878397922,68.67241286104814,0.030140411605186213,0.030280573325986743,-0.00014016172080053013,0.6510660133607518,0.7185388682199112,0.5835931585015923
2023-06-07,0.6800598911396276,0.6910127607326502,0.6684314743029856,0.659692730229368,0.659692730229368,0.12591536406577866,2023,6,7,2,0.6560951848351946,0.5896444078040618,0.6655961503348845,0.6382449132019831,52.977159583081544,0.02735123713290144,0.029694706087369686,-0.0023434689544682454,0.6560951848351946,0.7078787752295871,0.6043115944408021
2023-06-08,0.6470845686253148,0.6526448084310555,0.6642163658195972,0.6578822016763208,0.6578822016763208,0.08263465858145144,2023,6,8,3,0.659578723941214,0.5925023179116047,0.6644093890027978,0.6396995271630451,48.13187106871035,0.024709861839752656,0.028697737237846282,-0.003987875398093626,0.659578723941214,0.7003337121635812,0.6188237357188467
2023-06-09,0.646919354924191,0.6563036145986393,0.6670037715531199,0.6592233475973153,0.6592233475973153,0.06178765217552066,2023,6,9,4,0.6615803345233202,0.5953146307342244,0.6636115364788774,0.6411457360841022,49.162264737279486,0.022465800394775193,0.027451349869232068,-0.004985549474456875,0.6615803345233202,0.6976458981812912,0.6255147708653492
2023-06-12,0.652437265216766,0.65936906895404,0.6665278683702922,0.6691475457790726,0.6691475457790726,0.07080587164104601,2023,6,12,0,0.6637361726953648,0.5984032123075064,0.664463230217369,0.6432199442096556,46.471670462161825,0.021243286007713413,0.026209737096928337,-0.004966451089214924,0.6637361726953648,0.6957854191779711,0.6316869262127585
2023-06-13,0.66733897803236,0.6666866746967758,0.6766918210279602,0.6696840041474705,0.6696840041474705,0.05708812083452732,2023,6,13,1,0.6662407004249153,0.6011431049267829,0.6652664262066154,0.64518024494579,52.993693437855,0.020086181260825398,0.024985025929707753,-0.004898844668882355,0.6662407004249153,0.6906939897758879,0.6417874110739428
2023-06-14,0.6551136597704776,0.6596327728131494,0.6652361719514615,0.6693487059324885,0.6693487059324885,0.08191641785526108,2023,6,14,2,0.6676790438018841,0.603754249817535,0.6658944692413651,0.6469705013151751,57.85549434891384,0.01892396792619,0.023772814329004202,-0.0048488464028142025,0.6676790438018841,0.6889553306982491,0.6464027569055192
2023-06-15,0.6556422828178636,0.668664423974153,0.671898782517963,0.6788035751266889,0.6788035751266889,0.08125779942873518,2023,6,15,3,0.6691240917349845,0.6065263288660253,0.6678804855314149,0.6493285067826946,54.4609716905468,0.018551978748720277,0.02272864721294742,-0.004176668464227144,0.6691240917349845,0.6892092912201285,0.6490388922498406
2023-06-16,0.6742776428902248,0.6722242909272793,0.6763178970985957,0.6672029328089547,0.6672029328089547,0.22994241132916132,2023,6,16,4,0.6693051422433425,0.6090891947835126,0.6677762466510364,0.6506525383401953,45.92018852155939,0.01712370831084109,0.021607659432526155,-0.004483951121685065,0.6693051422433425,0.6892447458387827,0.6493655386479023
2023-06-20,0.6533624711946566,0.6621708721897849,0.6697912316755774,0.6657947647961108,0.6657947647961108,0.07285013079930858,2023,6,20,1,0.6695063084317641,0.6110941572748789,0.6674714032887402,0.6517741847443372,47.56323174284537,0.01569721854440298,0.02042557125490152,-0.00472835271049854,0.6695063084317641,0.6892056204632381,0.64980699640029
2023-06-21,0.6513799662557245,0.6505352368900662,0.656397949588813,0.6484273861266161,0.6484273861266161,0.07245264880154556,2023,6,21,2,0.6679606760633405,0.6130132897800825,0.6645415544945672,0.6515262737356171,43.981747876427924,0.013015280758950087,0.018943513155711234,-0.005928232396761147,0.6679606760633405,0.6892018375812771,0.646719514545404
2023-06-22,0.6343636555180472,0.6539962239606201,0.6478316719020663,0.6659289095632391,0.6659289095632391,0.06399413945147484,2023,6,22,3,0.6681551380309085,0.6153937642779854,0.6647549937359014,0.6525931356487743,48.693835992613586,0.012161858087127109,0.01758718214199441,-0.0054253240548673,0.6681551380309085,0.6892386882821245,0.6470715877796925
2023-06-23,0.6434830672179686,0.6507329966552111,0.6631965664863497,0.6602291416588322,0.6602291416588322,0.10448646250265758,2023,6,23,4,0.668617821136001,0.6177809438014094,0.6640587088009677,0.6531587657235933,44.223723318248155,0.010899943077374408,0.016249734329070408,-0.005349791251696,0.668617821136001,0.6884850153238999,0.648750626948102
2023-06-26,0.6396899255829276,0.6459864392625821,0.6436845155945687,0.6338762764271897,0.6338762764271897,0.07510098815873398,2023,6,26,0,0.6668542576684069,0.6192427555053134,0.6594152576665404,0.651730433183119,32.59466550114034,0.0076848244834214485,0.014536752359940617,-0.006851927876519169,0.6668542576684069,0.6920663761904096,0.6416421391464042
2023-06-27,0.6157282425794162,0.6273627934337482,0.6295434332393939,0.6333398717032875,0.6333398717032875,0.09375814607001229,2023,6,27,1,0.6647017729479016,0.6205235182431384,0.65540365982604,0.6503681693697981,28.25025650028813,0.005035490456241853,0.012636499979200865,-0.007601009522959012,0.6647017729479016,0.6935716079492837,0.6358319379465194
2023-06-28,0.6165212564498996,0.6364273869757916,0.6342344381069929,0.6472203849727497,0.6472203849727497,0.059239145506142475,2023,6,28,2,0.6635081839238015,0.6224895895479923,0.6541446944639954,0.6501350001552019,44.703876659779375,0.004009694308793499,0.010911138845119392,-0.006901444536325893,0.6635081839238015,0.6932270021186246,0.6337893657289784
2023-06-29,0.6305968809350235,0.6340541577227147,0.6451802181106439,0.6400454336692113,0.6400454336692113,0.053528346012700935,2023,6,29,3,0.6623816491782482,0.6244865057673331,0.651975577418644,0.6493876248599433,42.7560061241796,0.0025879525587007013,0.009246501587835654,-0.006658549029134953,0.6623816491782482,0.6939026999470267,0.6308605984094696
2023-06-30,0.6372712607023303,0.6414376482275298,0.6565338947322963,0.6464827664509362,0.6464827664509362,0.07824756657823462,2023,6,30,4,0.661241702973485,0.6266255805709078,0.6511305295774582,0.6491724501629798,45.031376562473525,0.001958079414478453,0.007788817153164214,-0.005830737738685761,0.661241702973485,0.6933555248921078,0.6291278810548621
2023-07-03,0.6321168126222871,0.6347792790590564,0.6485455538707752,0.6437334659282216,0.6437334659282216,0.03213272201218329,2023,7,3,0,0.6596759525780512,0.6285916508028717,0.649992519785268,0.6487695624418865,39.501392021235226,0.0012229573433814034,0.0064756451912076525,-0.005252687847826249,0.6596759525780512,0.6920082514309653,0.6273436537251371
2023-07-05,0.6303986456401829,0.650271533030957,0.6509590356749331,0.6576139724921218,0.6576139724921218,0.05035218753755281,2023,7,5,2,0.6583348401848664,0.630833989785498,0.6511650509709378,0.6494247039270892,45.50897656782489,0.0017403470438486224,0.005528585561735846,-0.0037882385178872238,0.6583348401848664,0.6884949484169675,0.6281747319527654
2023-07-06,0.6342314568023564,0.635636328137917,0.645452169585162,0.6462145372667374,0.6462145372667374,0.04990016731218975,2023,7,6,3,0.6559945977176466,0.6327316639559656,0.6504034334779839,0.6491869138041001,42.047034295016,0.001216519673883809,0.004666172384165439,-0.0034496527102816296,0.6559945977176466,0.681767296028848,0.6302218994064451
2023-07-07,0.6358835277307573,0.6395917739532181,0.6511629805846253,0.6409171366080956,0.6409171366080956,0.06492082713230604,2023,7,7,4,0.655055818036583,0.634814411234359,0.6489440031903088,0.6485743377155072,36.592306597057416,0.00036966547480155043,0.003806871002292661,-0.0034372055274911107,0.655055818036583,0.6816170854456474,0.6284945506275186
2023-07-10,0.623856457980283,0.6219240570858171,0.6277077726839744,0.6189899758017726,0.6189899758017726,0.12028036346493376,2023,7,10,0,0.6531112067428555,0.6364800736313619,0.6443356912843801,0.646382903499675,34.099961906224394,-0.0020472122152949135,0.0026360543587751464,-0.00468326657407006,0.6531112067428555,0.6841231082621061,0.6220993052236049
2023-07-11,0.608591335818427,0.6163534391423889,0.6222009133928204,0.6246226210309007,0.6246226210309007,0.05246115306754421,2023,7,11,1,0.6513811704145349,0.6377326720701515,0.6413029112453832,0.6447710307242102,36.790013110591396,-0.00346811947882697,0.0014152195912547232,-0.004883339070081693,0.6513811704145349,0.6847298432559097,0.6180324975731601
2023-07-12,0.6253763830592629,0.6343837463439033,0.6437525153607779,0.6374302712080631,0.6374302712080631,0.06989952024847246,2023,7,12,2,0.6497953066859844,0.6392615404666047,0.6407071204704109,0.6442272707600512,46.36524995991799,-0.003520150289640256,0.00042814561507572733,-0.003948295904715984,0.6497953066859844,0.6825987744940003,0.6169918388779685
2023-07-13,0.6401789253611669,0.6632256348867687,0.6577576525724698,0.6723662423449639,0.6723662423449639,0.11369787670663056,2023,7,13,3,0.6499294185958591,0.6415575252860707,0.6455777546049575,0.6463116390256002,51.9077885349341,-0.0007338844206427053,0.00019573960793204084,-0.0009296240285747462,0.6499294185958591,0.6830951833027614,0.6167636538889567
2023-07-14,0.6639026374598678,0.6747953326849545,0.6838643686534784,0.6782000477275079,0.6782000477275079,0.06261173403832465,2023,7,14,4,0.65037198568561,0.6442021981207635,0.6505965689315036,0.6486737433738896,55.32168725762493,0.0019228255576140274,0.0005411567978684382,0.0013816687597455893,0.65037198568561,0.6848395148569077,0.6159044565143124
2023-07-17,0.6700483479218025,0.6760479144789683,0.6811449082972298,0.6739084947748786,0.6739084947748786,0.0635014466495965,2023,7,17,0,0.6501272316680196,0.6467422643228993,0.6541830190612536,0.6505429842184073,63.63637941776288,0.0036400348428463625,0.001160932406864023,0.002479102435982339,0.6501272316680196,0.6838051616127125,0.6164493017233266
2023-07-18,0.6624157868408744,0.6609512393692425,0.6729865884160364,0.6673370708705211,0.6673370708705211,0.06533125040441481,2023,7,18,1,0.6501339385710978,0.6492729438111726,0.6562067193396024,0.6517869906370823,61.12330750210266,0.004419728702520054,0.0018126916659952294,0.0026070370365248244,0.6501339385710978,0.6838262371811231,0.6164416399610725
2023-07-19,0.6616558474303775,0.664115626346669,0.6673437227938472,0.6586198201981344,0.6586198201981344,0.07107440308372079,2023,7,19,2,0.6497751913411991,0.6514944968928169,0.6565779656255304,0.6522931261601232,53.86012262405064,0.004284839465407142,0.0023071212258776123,0.0019777182395295297,0.6497751913411991,0.6829136152123922,0.616636767470006
2023-07-20,0.6440117431316241,0.659039427593398,0.6416109374408201,0.636826743808882,0.636826743808882,0.0952371488523863,2023,7,20,3,0.6491951592253123,0.6530086129188338,0.6535393161152768,0.6511474682081795,49.00825773170872,0.002391847907097344,0.0023240665621215586,6.778134497578562e-05,0.6491951592253123,0.6828352163898519,0.6155551020607728
2023-07-21,0.63575138848962,0.6366251994803899,0.6442284185436056,0.6420570754367406,0.6420570754367406,0.22907026187593016,2023,7,21,4,0.6480015675189874,0.6546675684127582,0.6517728175493481,0.6504741057806654,48.626137890915615,0.001298711768682681,0.0021189956034337832,-0.0008202838347511022,0.6480015675189874,0.6808258027415097,0.6151773322964651
2023-07-24,0.642729736091185,0.6501396514354598,0.6599332031810647,0.652584801017679,0.652584801017679,0.07090015806842237,2023,7,24,0,0.6476193504869296,0.6559550360419932,0.6518977380829375,0.6506304535759998,52.62112766319184,0.0012672845069376937,0.0019486533841345656,-0.0006813688771968719,0.6476193504869296,0.6800193672120641,0.6152193337617952
2023-07-25,0.6424257153906572,0.6523811045719463,0.660953009312929,0.6586868892289175,0.6586868892289175,0.11501465137131289,2023,7,25,1,0.6488598811270161,0.6567449511074679,0.6529422228746267,0.651227226587327,50.33306427963244,0.0017149962872996527,0.001901921964767583,-0.0001869256774679304,0.6488598811270161,0.6809426856763359,0.6167770765776963
2023-07-26,0.6984639877151477,0.7030109336270287,0.7097671330261777,0.7047541200514997,0.7047541200514997,0.181551751231732,2023,7,26,2,0.6524305935444268,0.6583194178617342,0.660913283978761,0.6551921816587473,64.95376121009133,0.005721102320013771,0.0026657580358168207,0.0030553442841969505,0.6524305935444268,0.6922128976265435,0.6126482894623101
2023-07-27,0.7079799294793039,0.7177121287610548,0.7129623877873834,0.706162227714286,0.706162227714286,0.13401429086438468,2023,7,27,3,0.6553776856815035,0.6600507934248907,0.6678746599380726,0.6589677406258242,67.0045463849263,0.008906919312248407,0.003913990291103138,0.004992929021145269,0.6553776856815035,0.701725877849289,0.6090294935137179
2023-07-28,0.7024950407804458,0.7208105782369486,0.7247920151821816,0.7272176922872868,0.7272176922872868,0.09259943982769617,2023,7,28,4,0.6597362986124073,0.6617835105027743,0.677004357222567,0.6640232926007474,78.33567205154722,0.012981064621819582,0.005727405157246427,0.007253659464573155,0.6597362986124073,0.7154606093243516,0.6040119879004631
2023-07-31,0.7159758999064942,0.7192283616747245,0.7330183892185196,0.727888288717251,0.727888288717251,0.052901618583669964,2023,7,31,0,0.663806574725723,0.6633432239478254,0.6848326543755954,0.6687540330538219,77.75775614691825,0.016078621321773512,0.007797648390151845,0.008280972931621666,0.663806574725723,0.7268644245367444,0.6007487249147017
2023-08-01,0.7017350551119628,0.7132292224880817,0.7236362639068343,0.7197074897076999,0.7197074897076999,0.07033721263438128,2023,8,1,1,0.667605275914697,0.6644657352891437,0.6901980136574577,0.6725283631763314,72.68021777156636,0.017669650481126342,0.009772048808346746,0.007897601672779597,0.667605275914697,0.7346021634980421,0.6006083883313519
2023-08-02,0.6950276471426555,0.6967481433207301,0.7039202613067441,0.6979144133184476,0.6979144133184476,0.07288618149212894,2023,8,2,2,0.6696202979560133,0.6651885947349591,0.6913851520668407,0.6744088113350066,57.59266133033016,0.016976340731834072,0.011212907193044212,0.00576343353878986,0.6696202979560133,0.7377662410060519,0.6014743549059747
2023-08-03,0.6853134634753748,0.6924631022918087,0.7034103922338963,0.6987861699018276,0.6987861699018276,0.037354526210702434,2023,8,3,3,0.6722488795877679,0.6655775174630938,0.6925237701953002,0.6762145415992156,56.30391399887481,0.016309228596084635,0.012232171473652296,0.004077057122432339,0.6722488795877679,0.7406486487584631,0.6038491104170727
2023-08-04,0.6934417251342277,0.7067026821756522,0.7070816453585662,0.6972438168884836,0.6972438168884836,0.06273513833297897,2023,8,4,4,0.6750652136017872,0.666281600396626,0.6932499312250207,0.6777722656947169,57.268154214915214,0.01547766553030372,0.012881270284982583,0.0025963952453211363,0.6750652136017872,0.7426669015818383,0.607463525621736
2023-08-07,0.6928469069088827,0.7075597312545129,0.7146620420117675,0.7200427879226821,0.7200427879226821,0.049384827280206316,2023,8,7,0,0.6801178542078328,0.66766294656394,0.6973719091785071,0.6809034154893809,64.90893486017013,0.016468493689126174,0.013598714965811302,0.0028697787233148715,0.6801178542078328,0.745128639369599,0.6151070690460665
2023-08-08,0.7025610905761632,0.7067686658242066,0.719421155423446,0.719372191492718,0.719372191492718,0.04575664857969514,2023,8,8,1,0.6848553327309235,0.6686674394782127,0.7007565679960781,0.6837529544525911,68.00473846717625,0.017003613543487006,0.014279694681346444,0.0027239188621405626,0.6848553327309235,0.7465638469009401,0.6231468185609068
2023-08-09,0.7105571535193254,0.7102626480152535,0.7151720198624856,0.7080397783591827,0.7080397783591827,0.04995886523511522,2023,8,9,2,0.6883858080884795,0.6693004437231287,0.7018770618980942,0.685551978445672,72.49995413142781,0.01632508345242223,0.014688772435561602,0.0016363110168606271,0.6883858080884795,0.7466534579714922,0.6301181582054668
2023-08-10,0.709103324494049,0.7114295216051654,0.718775280019563,0.7084421992494437,0.7084421992494437,0.050469583383403745,2023,8,10,3,0.6901896059337036,0.6700474443990224,0.702887083029071,0.6872475503570624,71.63458682849961,0.01563953267200857,0.014878924482850997,0.0007606081891575744,0.6901896059337036,0.7486026073076526,0.6317766045597546
2023-08-11,0.6908115621333766,0.6968800183237956,0.710039030111761,0.7081739164207491,0.7081739164207491,0.03815596084340133,2023,8,11,4,0.6916882993683655,0.670959400155832,0.7037004420124061,0.6887976515469652,69.41446677833845,0.014902790465440963,0.014883697679368991,1.909278607197147e-05,0.6916882993683655,0.7503436499883519,0.6330329487483791
2023-08-14,0.6950937960626287,0.7065709060590617,0.7157498411112242,0.7193051761064305,0.7193051761064305,0.04894667270592803,2023,8,14,0,0.6939581334349432,0.6719598698670366,0.7061011703345638,0.6910574681809997,70.45243449780523,0.015043702153564098,0.014915698574208013,0.00012800357935608547,0.6939581334349432,0.7532267738307871,0.6346894930390993
2023-08-15,0.7065921436414613,0.7070983071848487,0.7173067515752276,0.7088445128507133,0.7088445128507133,0.036204139359037164,2023,8,15,1,0.6960335055339528,0.6726357906473129,0.706523223029356,0.6923750270454229,51.816551415909515,0.014148195983933132,0.014762198056153038,-0.000614002072219906,0.6960335055339528,0.7542751901382234,0.6377918209296822
2023-08-16,0.6913270280878887,0.6998993058802329,0.7080674788017933,0.7010660408535558,0.7010660408535558,0.04904927852395522,2023,8,16,2,0.6981558165667239,0.6729683870572676,0.7056836565407714,0.6930188058460254,47.85797326143285,0.012664850694745988,0.014342728583871629,-0.0016778778891256407,0.6981558165667239,0.7536875128742712,0.6426241202591766
2023-08-17,0.699058706816237,0.7104010627105325,0.7175175494907526,0.7101185897409247,0.7101185897409247,0.07732226546251189,2023,8,17,3,0.701820408863326,0.6733103711198634,0.7063659539561796,0.6942854565049068,42.00634429658441,0.01208049745127282,0.013890282357351867,-0.001809784906079047,0.701820408863326,0.7494177820613998,0.6542230356652522
2023-08-18,0.6898731990626124,0.6928586350069619,0.6981414505410717,0.6943604788876321,0.6943604788876321,0.07710873443580665,2023,8,18,4,0.7044355790358705,0.6740037260930287,0.7045189577917877,0.694291013718442,36.263792114251856,0.010227944073345707,0.013157814700550637,-0.0029298706272049297,0.7044355790358705,0.7431202269504391,0.6657509311213019
2023-08-21,0.6818771757691524,0.6891009028097841,0.6992292564391451,0.6998589860551938,0.6998589860551938,0.06893585749808193,2023,8,21,0,0.7067992882877463,0.6748432617806062,0.703802039063081,0.694703456113757,41.68540629966276,0.009098582949324086,0.012345968350305327,-0.0032473854009812415,0.7067992882877463,0.7369884603409429,0.6766101162345497
2023-08-22,0.6903358251805507,0.700242125511777,0.7112288084646805,0.7049552734993535,0.7049552734993535,0.03990257069171111,2023,8,22,1,0.7091127075012682,0.6757579002986469,0.7039794597455845,0.6954628499941715,53.429124733761896,0.008516609751412996,0.011580096630526861,-0.0030634868791138657,0.7091127075012682,0.7291686466251404,0.689056768377396
2023-08-23,0.7017020797762319,0.7208105782369486,0.722004561858341,0.728558885147215,0.728558885147215,0.0904086669563047,2023,8,23,2,0.7103029457560538,0.6769461270860098,0.7077609098073738,0.6979144081536562,61.87161943164606,0.009846501653717588,0.011233377635165007,-0.001386875981447419,0.7103029457560538,0.7320259216866433,0.6885799698254643
2023-08-24,0.727322389125588,0.726743727182605,0.7205769066987935,0.7098503069122301,0.7098503069122301,0.05428125086660319,2023,8,24,3,0.7104873497159511,0.6777494531413049,0.7080823555158132,0.6987985488024394,54.421445723299776,0.00928380671337381,0.010843463450806768,-0.001559656737432958,0.7104873497159511,0.7321247721482854,0.6888499272836167
2023-08-25,0.6970101520815875,0.7032086999846053,0.7052119645241917,0.7116608354652773,0.7116608354652773,0.06351438792394229,2023,8,25,4,0.7097095068748506,0.6785956957319609,0.7086328908926538,0.6997513107774644,46.5526876736135,0.008881580115189358,0.010451086783683287,-0.0015695066684939286,0.7097095068748506,0.7298835790924177,0.6895354346572834
2023-08-28,0.7098302423108291,0.7153388467685244,0.7243161663882893,0.7190368932777359,0.7190368932777359,0.04519971159445744,2023,8,28,0,0.7092669371028748,0.6794003620949816,0.7102335066442049,0.7011798724441513,49.869307719043704,0.009053634200053673,0.010171596266957364,-0.001117962066903691,0.7092669371028748,0.7281060471472924,0.6904278270584572
2023-08-29,0.7158966401516331,0.742071111030947,0.7387971523938734,0.7438475530183973,0.7438475530183973,0.11031188471173312,2023,8,29,1,0.7104739402684097,0.6809332544991704,0.7154048983940806,0.7043404413755768,62.63007471927354,0.011064457018503782,0.010350168417266648,0.0007142886012371334,0.7104739402684097,0.7345068521102222,0.6864410284265973
2023-08-30,0.7328931855127232,0.7417744647907981,0.7526731294817459,0.7535034817825841,0.7535034817825841,0.06857673713498674,2023,8,30,2,0.7132533936916164,0.6826874288389,0.7212662189153889,0.7079821480723921,64.92001611365102,0.013284070842996765,0.010936948902412673,0.002347121940584092,0.7132533936916164,0.7432807550533737,0.6832260323298592
2023-08-31,0.7426734189757211,0.7493557216531899,0.7649039160652005,0.7563199049805777,0.7563199049805777,0.09803893474824599,2023,8,31,3,0.716130080445554,0.6848452792159793,0.7266590936946487,0.7115627226581837,65.67684597930838,0.015096371036464995,0.011768833329223138,0.0033275377072418573,0.716130080445554,0.7509611580418714,0.6812990028492367
2023-09-01,0.7517927844176564,0.7505424120926926,0.7589210992022835,0.7526318257826337,0.7526318257826337,0.04496954178645048,2023,9,1,4,0.7188994808902616,0.686579337540367,0.7306548986312618,0.71460487844518,61.40429578854817,0.016050020186081815,0.012625070700594874,0.0034249494854869406,0.7188994808902616,0.756132781565347,0.6816661802151761
2023-09-05,0.7386423593021394,0.7425655236286726,0.7563375975867521,0.7520283520279483,0.7520283520279483,0.049889536979691444,2023,9,5,1,0.7204987590955249,0.6884153217477494,0.733943122230752,0.7173769875994591,65.84643522056581,0.01656613463129286,0.013413283486734472,0.0031528511445583895,0.7204987590955249,0.7605778253267602,0.6804196928642895
2023-09-06,0.74244210261261,0.7432906977044678,0.7504228280803626,0.7430428185268668,0.7430428185268668,0.0410344700085967,2023,9,6,2,0.7216822904472323,0.690598652589743,0.7353430755070773,0.7192781602607485,65.268243788331,0.016064915246328804,0.013943609838653339,0.002121305407675465,0.7216822904472323,0.7630001224436949,0.6803644584507698
2023-09-07,0.7264831437022443,0.7373575487588113,0.7454598717382452,0.7486084483697075,0.7486084483697075,0.046403712296983764,2023,9,7,3,0.7237107239477585,0.6929040241230715,0.7373839021013281,0.7214507741947455,64.3643091440949,0.015933127906582634,0.014341513452239198,0.001591614454343436,0.7237107239477585,0.7661759032170944,0.6812455446784226
2023-09-08,0.7348755913273994,0.7435214525901057,0.7584451484291377,0.7553140103356313,0.7553140103356313,0.0502615986171324,2023,9,8,4,0.7260543145020678,0.695065896630329,0.7401423802912209,0.7239591620570333,74.39607738814887,0.01618321823418767,0.014709854408628893,0.001473363825558776,0.7260543145020678,0.77011510007362,0.6819935289305156
2023-09-11,0.7448541658177776,0.7484592432405293,0.763068262308398,0.7589350674417259,0.7589350674417259,0.04735027407770311,2023,9,11,0,0.7285923720531168,0.6974436893057794,0.7430335629297601,0.7265499698633069,74.00541426258627,0.016483593066453195,0.015064602140193754,0.0014189909262594409,0.7285923720531168,0.7741394014791593,0.6830453426270743
2023-09-12,0.7432020948893767,0.7443455065484732,0.7588530518457561,0.7477367923697571,0.7477367923697571,0.03825486915447259,2023,9,12,1,0.730013952866283,0.6994687698241557,0.7437571366897596,0.728119364123044,66.562802228718,0.015637772566715613,0.015179236225498126,0.00045853634121748726,0.730013952866283,0.7761119387929236,0.6839159669396424
2023-09-13,0.7350738332305238,0.7447410392636264,0.7520544349482194,0.7573256990420943,0.7573256990420943,0.0437179356818665,2023,9,13,2,0.7324380121758521,0.7017406144864331,0.745844607820888,0.73028279633927,62.49267837579076,0.01556181148161806,0.015255751276722114,0.00030606020489594606,0.7324380121758521,0.7789458054644107,0.6859302188872936
2023-09-14,0.7515284927188146,0.7569370774020566,0.766535522933057,0.7673170198991306,0.7673170198991306,0.05605697858219096,2023,9,14,3,0.7357505611281308,0.7039346754345733,0.7491480558329253,0.7330260721585189,77.00060963987131,0.016121983674406426,0.015428997756258977,0.0006929859181474488,0.7357505611281308,0.7822875084362473,0.6892136138200142
2023-09-15,0.7542379154745269,0.7556845022004747,0.7673513229676769,0.7626901687315193,0.7626901687315193,0.1941727290374465,2023,9,15,4,0.7383791400776605,0.706264188063869,0.7512314578173245,0.7352234126454078,73.35785836520917,0.016008045171916674,0.015544807239390519,0.0004632379325261553,0.7383791400776605,0.7847587440621578,0.6919995360931631
2023-09-18,0.7465062367461786,0.7594421355111773,0.7704107821549713,0.7671158664512768,0.7671158664512768,0.04297242584187611,2023,9,18,0,0.7420169094558429,0.7087881626607327,0.7536752129917786,0.7375858166310277,72.61828932123554,0.016089396360750907,0.015653725063662596,0.00043567129708831087,0.7420169094558429,0.7851594174987104,0.6988744014129753
2023-09-19,0.7506033396071938,0.7544649155269539,0.769526927965207,0.766244109867897,0.766244109867897,0.03948521459405995,2023,9,19,1,0.745336165646478,0.7117332453420551,0.7556088894342583,0.7397086531670921,63.599304203597654,0.01590023626716619,0.015703027304363314,0.00019720896280287642,0.745336165646478,0.7848872744931517,0.7057850567998043
2023-09-20,0.7544361573776512,0.7522564047715072,0.7492670768050151,0.7378124868990084,0.7378124868990084,0.06719063421488061,2023,9,20,2,0.7469790263164607,0.7139970426594172,0.7528709813519121,0.7395681964064933,42.241413438565566,0.01330278494541881,0.015222978832574414,-0.001920193887155603,0.7469790263164607,0.7819297825613767,0.7120282700715448
2023-09-21,0.7118787904371948,0.7150092054078824,0.7259477664575293,0.7161535552768844,0.7161535552768844,0.06982141041402834,2023,9,21,3,0.7463587598229442,0.7155715083407936,0.7472221465711386,0.7378337785450408,33.25881696446665,0.009388368026097771,0.014056056671279087,-0.004667688645181316,0.7463587598229442,0.7830813369128575,0.7096361827330309
2023-09-22,0.7071868693508343,0.7138225215608115,0.722004561858341,0.7154159367550708,0.7154159367550708,0.04812628835007996,2023,9,22,4,0.7466370413150862,0.7164325022289958,0.7423288835225128,0.7361731976717096,34.0974372131344,0.006155685850803172,0.012475982507183904,-0.006320296656380732,0.7466370413150862,0.7822627085178223,0.7110113741123502
2023-09-25,0.7011734038625763,0.7086145400985183,0.718741252941991,0.7215850403525966,0.7215850403525966,0.03565321082260286,2023,9,25,0,0.7471332515594522,0.7173002020814977,0.7391375230348334,0.7350925934258494,37.58205197595694,0.004044929608983949,0.010789771927543913,-0.006744842318559964,0.7471332515594522,0.7809376021412917,0.7133289009776127
2023-09-26,0.702124976892484,0.7032416951050984,0.706231818246374,0.703345905099722,0.703345905099722,0.06213105813405311,2023,9,26,1,0.7463487021505515,0.7178889502879945,0.7336311202755854,0.7327409868831734,34.94406770126048,0.0008901333924120625,0.008809844220517542,-0.00791971082810548,0.7463487021505515,0.7834647451211403,0.7092326591799627
2023-09-27,0.6923843733069164,0.705318324265048,0.7143221927502936,0.7168241517068484,0.7168241517068484,0.05466856472023738,2023,9,27,2,0.7449975320849741,0.718878691904721,0.731045432803472,0.7315619620552974,38.62767733591117,-0.0005165292518254372,0.006944569526048947,-0.007461098777874384,0.7449975320849741,0.7843943879267222,0.705600676243226
2023-09-28,0.7006447279489205,0.7215356534262687,0.7232283604902159,0.7280224267788173,0.7280224267788173,0.05206736857673714,2023,9,28,3,0.7437234793347857,0.7202667440363346,0.7305803549535251,0.7312997742570397,40.539313205787266,-0.0007194193035146013,0.005411771760136237,-0.006131191063650838,0.7437234793347857,0.7836071839618902,0.7038397747076811
2023-09-29,0.7230468097380356,0.7262163194643865,0.7275115231287486,0.7194393141679969,0.7194393141679969,0.0752821659995748,2023,9,29,4,0.7418794497941568,0.721918995443517,0.7288663486788285,0.7304212216578514,36.764056114119505,-0.0015548729790229032,0.004018442812304409,-0.005573315791327312,0.7418794497941568,0.7827100725644016,0.7010488270239119
2023-10-02,0.7103258437644981,0.7293147755327121,0.7325764587243289,0.741701726250368,0.741701726250368,0.0567308492249101,2023,10,2,0,0.7413329448175434,0.7239118884597896,0.730841022151373,0.7312568145906304,48.11713669229162,-0.00041579243925737863,0.003131595761992052,-0.0035473882012494306,0.7413329448175434,0.7818489805839042,0.7008169090511827
2023-10-03,0.7286637914200449,0.7285237101024058,0.7376754213974812,0.7291623589019004,0.7291623589019004,0.0586641831744946,2023,10,3,1,0.740189645161241,0.725443439617474,0.7305827662668388,0.7311016697247986,41.37223684903019,-0.0005189034579597962,0.0024014959180016825,-0.0029203993759614787,0.740189645161241,0.7807253921575364,0.6996538981649455
2023-10-04,0.7202713437948896,0.7372916574043001,0.7418565096019143,0.749077884646256,0.749077884646256,0.07354341335354636,2023,10,4,2,0.7404913984672105,0.7272512595258207,0.7334281690944414,0.7324332412004622,44.732764789722964,0.0009949278939792583,0.0021201823131971977,-0.0011252544192179395,0.7404913984672105,0.7812060313684346,0.6997767655659863
2023-10-05,0.7365938111757735,0.7368301410405926,0.7488251531094416,0.7472003340013592,0.7472003340013592,0.04153640657786487,2023,10,5,3,0.740420992748793,0.7281001838048179,0.7355469636955058,0.7335270999264545,45.45455010554109,0.0020198637690512777,0.0021001186043680137,-8.025483531673601e-05,0.740420992748793,0.7810813588276454,0.6997606266699407
2023-10-06,0.7287299337317343,0.7545374454601536,0.7521224823047468,0.7655735134379328,0.7655735134379328,0.0641669979016648,2023,10,6,4,0.7409339679039081,0.7292884095192909,0.7401664328866484,0.7359009083347121,49.581645916144545,0.004265524551936295,0.0025331997938816703,0.0017323247580546246,0.7409339679039081,0.7826311089390472,0.699236826868769
2023-10-09,0.7488852188830755,0.7597058855173083,0.7640880140513269,0.770736822973942,0.770736822973942,0.0446617243323689,2023,10,9,0,0.7415240556805189,0.7301587921330238,0.7448695698231551,0.7384813464561366,51.19089626409393,0.006388223367018497,0.003304204508509036,0.0030840188585094614,0.7415240556805189,0.7846048890643562,0.6984432222966817
2023-10-10,0.7589297440449154,0.7647820842705793,0.7758495940895977,0.7687251342674789,0.7687251342674789,0.0583230881578096,2023,10,10,1,0.742573472775405,0.7309755290440286,0.7485396566607434,0.7407216270347545,59.528738068358585,0.007818029625988876,0.004206969532005004,0.003611060093983872,0.742573472775405,0.7872832421736535,0.6978637033771564
2023-10-11,0.7611766331986614,0.7745388567679248,0.7854356643109754,0.7854890391822883,0.7854890391822883,0.06105647017498452,2023,10,11,2,0.7439816397824146,0.7322911600335203,0.7542241770486734,0.7440377316382755,72.03750964620951,0.010186445410397926,0.005402864707683589,0.004783580702714337,0.7439816397824146,0.7922779521666932,0.695685327398136
2023-10-12,0.7764417553605174,0.775593672204362,0.7827842105195528,0.776034169988088,0.776034169988088,0.05193656926817094,2023,10,12,3,0.7444174972868626,0.7338535551669131,0.7575795605778142,0.7464078381827061,68.25523995461228,0.011171722395108108,0.0065566362451684925,0.004615086149939615,0.7444174972868626,0.7937468112881517,0.6950881832855734
2023-10-13,0.7664631808701394,0.7687374839388588,0.7727222847056661,0.764567719376416,0.764567719376416,0.05778602527246004,2023,10,13,4,0.7445113748191075,0.7351691861564049,0.7586546619314453,0.7477530145674254,62.544045030471246,0.010901647364019884,0.0074256384689387715,0.0034760088950811126,0.7445113748191075,0.7939940149710727,0.6950287346671422
2023-10-16,0.7603835730701918,0.7658697959410345,0.7819004583090421,0.7773753628480163,0.7773753628480163,0.04811196051062571,2023,10,16,0,0.7450243496389444,0.7367718170755956,0.7615347697647639,0.74994726258821,72.3120704575871,0.01158750717655388,0.008258012210461794,0.0033294949660920854,0.7450243496389444,0.795692186975738,0.6943565123021508
2023-10-17,0.7623660780091239,0.7681441914585607,0.7765227523430906,0.7807281438309782,0.7807281438309782,0.04847431619230733,2023,10,17,1,0.7457485513370985,0.7379855241937615,0.7644875965441814,0.7522273278654521,70.51228197355314,0.012260268678729314,0.009058463504115297,0.0032018051746140162,0.7457485513370985,0.7980801551532944,0.6934169475209025
2023-10-18,0.7671240488912021,0.7730226238542551,0.7777192749239725,0.7692615926358768,0.7692615926358768,0.05254573353916122,2023,10,18,2,0.7473210066239419,0.7389833122166246,0.7652220574813653,0.753489125255854,63.21443311444767,0.011732932225511306,0.0095933572483945,0.002139574977116806,0.7473210066239419,0.8005311447164298,0.6941108685314539
2023-10-19,0.7608461991881301,0.7665290786623187,0.7770054473441987,0.7672499039294137,0.7672499039294137,0.06884388201255304,2023,10,19,3,0.7498758240565684,0.7401675147280292,0.7655340338579881,0.7545084421946362,65.99370246521397,0.01102559166335193,0.009879804131385986,0.001145787531965944,0.7498758240565684,0.8016729452165888,0.6980787028965479
2023-10-20,0.7528501296366843,0.7535748713276003,0.760994629765714,0.7522295054758021,0.7522295054758021,0.08327663822667566,2023,10,20,4,0.7517165024926049,0.7410432608525565,0.7634871833376519,0.7543396320673152,53.70110246628582,0.009147551270336618,0.009733353559176114,-0.0005858022888394956,0.7517165024926049,0.8009084303787859,0.7025245746064239
2023-10-23,0.7372545800725803,0.7534430952110097,0.7532782403787113,0.7600078835950921,0.7600078835950921,0.06398859319104094,2023,10,23,0,0.7536376446547297,0.7420799401960432,0.7629519064541812,0.7547595025508542,61.21949845329153,0.008192403903326984,0.009425163628006288,-0.0012327597246793044,0.7536376446547297,0.8008355341018705,0.706439755207589
2023-10-24,0.7566169042197075,0.7645843245054343,0.7780251990871279,0.7748942378650048,0.7748942378650048,0.09058522291345061,2023,10,24,1,0.7572150612929938,0.7431917214312146,0.7647891882096924,0.7562509644259765,59.74682006087595,0.008538223783715937,0.009247775659148218,-0.0007095518754322815,0.7572150612929938,0.7988852428333266,0.7155448797526609
2023-10-25,0.6945651201489729,0.6946386179267625,0.6919546819698457,0.684704449540016,0.684704449540016,0.23969135060685332,2023,10,25,2,0.7556090761846521,0.7427089201650009,0.7524684591835884,0.750951222582572,35.84445350412243,0.0015172366010164362,0.007701667847521862,-0.006184431246505426,0.7556090761846521,0.8054988465037761,0.7057193058655281
2023-10-26,0.6595411966420244,0.6640496888451362,0.6663239234605998,0.66304551121233,0.66304551121233,0.12465867388913027,2023,10,26,3,0.7523602304063279,0.7419485095721763,0.7387110825726256,0.7444396884069985,27.11763021285728,-0.005728605834372846,0.005015613111142921,-0.010744218945515766,0.7523602304063279,0.8162986695061354,0.6884217913065205
2023-10-27,0.6566335385914717,0.6573254283221518,0.6604771061301014,0.662777288733693,0.662777288733693,0.14065177803865744,2023,10,27,4,0.7495271291346126,0.7410016835520317,0.7270289604435591,0.7383906217645314,25.367188062270742,-0.011361661320972272,0.0017401582247198824,-0.013101819545692154,0.7495271291346126,0.8237946065111509,0.6752596517580743
2023-10-30,0.659475100588321,0.6712354657318282,0.6769297454249064,0.6785353459424899,0.6785353459424899,0.07963320730997125,2023,10,30,0,0.7463688101192187,0.7406851808931287,0.7195684043664715,0.7339568976295653,30.6363300709165,-0.014388493263093771,-0.0014855720728428484,-0.012902921190250922,0.7463688101192187,0.8271263721908662,0.6656112480475713
2023-10-31,0.6714360808933755,0.6713013570863392,0.677235723976997,0.6755178631745101,0.6755178631745101,0.06557251273328957,2023,10,31,1,0.7436865853328493,0.7401983584355152,0.7127913980292467,0.7296280802625241,24.908191487043908,-0.01683668223327739,-0.004555794104929757,-0.012280888128347631,0.7436865853328493,0.8302081145358432,0.6571650561298553
2023-11-01,0.6652903704314408,0.6790804264533292,0.6840343408745337,0.6907394687204712,0.6907394687204712,0.09059169355062349,2023,11,1,2,0.74076966453656,0.7399140423399375,0.7093987935202044,0.7267474423705202,31.03755999297431,-0.01734864885031584,-0.0071143650540069735,-0.010234283796308866,0.74076966453656,0.8304034737533222,0.6511358553197978
2023-11-02,0.693177340919414,0.6945726276857765,0.7056879220959544,0.6975120997171782,0.6975120997171782,0.07929165010491676,2023,11,2,3,0.7382852528223509,0.7392931066313367,0.707570071396662,0.7245818614332357,34.7746557701923,-0.017011790036573715,-0.009093850050520323,-0.007917939986053392,0.7382852528223509,0.8299011112609896,0.6466693943837122
2023-11-03,0.690071434357453,0.6987917839526184,0.7118066365120359,0.7095150086972479,0.7095150086972479,0.05815207846109761,2023,11,3,4,0.7354823275853166,0.7392864006670372,0.707869292519829,0.7234657982676069,34.535422862551485,-0.015596505747777933,-0.010394381189971845,-0.0052021245578060885,0.7354823275853166,0.8270130658099983,0.6439515893606349
2023-11-06,0.6975388279952432,0.7042635154210426,0.7180613504605358,0.7167570290315696,0.7167570290315696,0.0389365969994731,2023,11,6,0,0.732783337888198,0.739388324538363,0.7092366365985583,0.7229688523982708,35.6756516191665,-0.01373221579971251,-0.011061948111919979,-0.0026702676877925317,0.732783337888198,0.823112534244059,0.6424541415323372
2023-11-07,0.7091693742897665,0.7156025044806121,0.7262877176982565,0.7231272927825112,0.7231272927825112,0.05679278246642202,2023,11,7,1,0.7305034458139497,0.7394701325284585,0.7113736606268588,0.7229805887230293,39.42837611708404,-0.011606928096170477,-0.011170944108770078,-0.00043598398740039845,0.7305034458139497,0.8193017933158964,0.641705098312003
2023-11-08,0.7116805551423544,0.7173164971594267,0.7332223409268286,0.7288940827787678,0.7288940827787678,0.03770347842966879,2023,11,8,2,0.7276736979937737,0.7391710631236659,0.714069110188691,0.7234186253197508,41.35950492509644,-0.009349515131059749,-0.010806658313228013,0.0014571431821682641,0.7276736979937737,0.8126176065234406,0.6427297894641067
2023-11-09,0.7182888388559576,0.720085410753585,0.7288031787558777,0.7183663974312011,0.7183663974312011,0.051027906933749916,2023,11,9,3,0.7247903093659293,0.7384683214366382,0.7147302313029233,0.7230443862168952,42.21398587472948,-0.008314154913971805,-0.010308157633376773,0.001994002719404968,0.7247903093659293,0.8066825146052732,0.6428981041265853
2023-11-10,0.7061956664434961,0.7221290447930416,0.724452063941454,0.7342585524681927,0.7342585524681927,0.06441473086771243,2023,11,10,4,0.7232748510205181,0.7380270943863905,0.7177345884052725,0.7238750651984728,44.29250977334405,-0.006140476793200289,-0.009474621465341476,0.003334144672141187,0.7232748510205181,0.8031649809364695,0.6433847211045668
2023-11-13,0.7182888388559576,0.7210742359490362,0.7373694972343261,0.7314422231480665,0.7314422231480665,0.04378726393729029,2023,11,13,0,0.7209781940355207,0.7376033023336993,0.7198434552887792,0.7244355954169612,39.82411665740368,-0.004592140128181987,-0.00849812519790958,0.0039059850697275925,0.7209781940355207,0.7968602410028596,0.6450961470681817
2023-11-14,0.7334217623021231,0.741708573436287,0.7532102882028204,0.7434451388336983,0.7434451388336983,0.07109057967665303,2023,11,14,1,0.7191140437856566,0.7374316380698142,0.7234744835264592,0.7258437097441269,71.70468333319695,-0.0023692262176677747,-0.007272345401861219,0.004903119184193444,0.7191140437856566,0.7905152231680759,0.6477128644032373
2023-11-15,0.7399639962200089,0.7390715414376259,0.7547739428947862,0.7498155031680697,0.7498155031680697,0.041157412114881546,2023,11,15,2,0.7181417393122663,0.7375670917626382,0.7275269480867069,0.7276193981459005,86.14529814305374,-9.245005919356064e-05,-0.0058363663333276875,0.005743916274134127,0.7181417393122663,0.7871573827173702,0.6491260959071624
2023-11-16,0.7420786998746316,0.7525201613700698,0.7598729055679387,0.765372353284517,0.765372353284517,0.049357558166406294,2023,11,16,3,0.7180478617800214,0.7379023698609345,0.7333493181171393,0.7304159133413535,87.90885894644148,0.002933404775785853,-0.004082412111504979,0.007015816887290832,0.7180478617800214,0.7867868007466989,0.649308922813344
2023-11-17,0.7477618238683306,0.7467187885410036,0.7557936946377153,0.753570597752301,0.753570597752301,0.08610245791774895,2023,11,17,4,0.7181149163938464,0.7378675016092678,0.7364602842148564,0.7321310751495718,78.56053888801247,0.004329209065284667,-0.0024000878761470503,0.006729296941431717,0.7181149163938464,0.7869967195023799,0.6492331132853129
2023-11-20,0.7324305593947849,0.7495205917767485,0.7558617419942426,0.7601420216566583,0.7601420216566583,0.05839010547138592,2023,11,20,0,0.7181216232969247,0.7378916406935665,0.7401036284366721,0.7342059600760226,81.3618649213623,0.005897668360649533,-0.0007405366287877337,0.0066382049894372665,0.7181216232969247,0.7870206253120621,0.6492226212817874
2023-11-21,0.7485547848725442,0.7530804587298747,0.7709206580264358,0.7648358949161191,0.7648358949161191,0.04951008032833861,2023,11,21,1,0.7176187061494804,0.7382336227444937,0.7439085925104332,0.7364748441382519,79.7844028742041,0.007433748372181248,0.0008943203714060628,0.006539428000775185,0.7176187061494804,0.7849007193376646,0.6503366929612963
2023-11-22,0.756220420413459,0.7671553662631097,0.779724853311512,0.7742237420184702,0.7742237420184702,0.04793078266978489,2023,11,22,2,0.7220946707734031,0.7385715836040212,0.7485724616655157,0.7392710587960459,80.20067712862979,0.009301402869469788,0.0025757368710188078,0.00672566599845098,0.7220946707734031,0.7920160187368868,0.6521733228099194
2023-11-24,0.7591279793397561,0.7577743096313263,0.7693229762568978,0.7621537103631214,0.7621537103631214,0.008747377081003135,2023,11,24,4,0.7270500807309427,0.7384683174133011,0.7506618845420705,0.7409660700232367,70.71243218860411,0.009695814518833834,0.003999752400581813,0.005696062118252021,0.7270500807309427,0.7933024331117113,0.660797728350174
2023-11-27,0.7461097529399296,0.7574644851202753,0.7697988250507903,0.7610137782400384,0.7610137782400384,0.050611475212837743,2023,11,27,0,0.73196190520626,0.7384347896034714,0.7522544835725271,0.7424510854467035,68.29271780869837,0.009803398125823648,0.0051604815456301805,0.0046429165801934675,0.73196190520626,0.7924677518046155,0.6714560586079046
2023-11-28,0.7465062367461786,0.751069819810911,0.7663995166020219,0.7648358949161191,0.7648358949161191,0.0467314038509535,2023,11,28,1,0.7362769326549414,0.7383891901727683,0.7541900853176952,0.744109219481475,67.61044479276492,0.010080865836220143,0.006144558403748173,0.00393630743247197,0.7362769326549414,0.792926289453063,0.6796275758568199
2023-11-29,0.755460434744976,0.7577281362399311,0.7613345810064414,0.7499495406462063,0.7499495406462063,0.0650701139756519,2023,11,29,2,0.7399985165285262,0.7380632987883345,0.7535376938297739,0.7445418358640477,58.25447633296287,0.008995857965726217,0.006714818316143782,0.002281039649582435,0.7399985165285262,0.7891207757693584,0.6908762572876941
2023-11-30,0.7383779750873254,0.7398627057544069,0.737505394787491,0.7333197737929632,0.7333197737929632,0.10619933259999445,2023,11,30,3,0.7421275317821509,0.7379734445262136,0.7504272445933414,0.7437105720069302,55.59457661272107,0.0067166725864111765,0.0067151891701972615,1.4834162139149357e-06,0.7421275317821509,0.7856300552926325,0.6986250082716692
2023-12-01,0.7180245471571158,0.7170528460397707,0.7331678772068624,0.7292964969634668,0.7292964969634668,0.0800621181168597,2023,12,1,4,0.7437167516444653,0.7382363033599453,0.7471763603425915,0.7426428627444515,47.96257704099262,0.004533497598140035,0.006278850855785816,-0.0017453532576457813,0.7437167516444653,0.7824134580233202,0.7050200452656104
2023-12-04,0.7046361577450717,0.7035383413452474,0.7144580903034583,0.7112585218640078,0.7112585218640078,0.0794090459507677,2023,12,4,0,0.7438039273028033,0.738153155062124,0.741650539038194,0.7403180967533075,42.63338903252863,0.0013324422848864925,0.005289569141605952,-0.003957126856719459,0.7438039273028033,0.7821827650012814,0.7054250896043253
2023-12-05,0.6985300309025815,0.7173164971594267,0.7167016474768793,0.7230602706906618,0.7230602706906618,0.056845009752174595,2023,12,5,1,0.744119089385758,0.7381826596688852,0.7387904977539583,0.7390397392671856,42.549026278361666,-0.00024924151322724963,0.0041818070106393115,-0.004431048523866561,0.744119089385758,0.7816570565809127,0.7065811221906033
2023-12-06,0.7152489820897141,0.7158002708381886,0.727443475772221,0.7166228909700032,0.7166228909700032,0.043559405071130784,2023,12,6,2,0.7437938692951325,0.7384481993862909,0.7353800967102729,0.7373792319859128,37.87354534342324,-0.001999135275639885,0.0029456185533834724,-0.004944753829023357,0.7437938692951325,0.7822002563762744,0.7053874822139905
2023-12-07,0.7396997111294508,0.759903651874885,0.7608926573108679,0.7636959627930361,0.7636959627930361,0.14551261312060343,2023,12,7,3,0.745533963295846,0.7393856356080145,0.7397363837999288,0.7393286194531071,49.502190045202745,0.00040776434682165963,0.00243804771207111,-0.0020302833652494504,0.745533963295846,0.7842502629932078,0.7068176635984842
2023-12-08,0.7334879112220962,0.7466528971864925,0.7564056449432794,0.7515589090458379,0.7515589090458379,0.07420388053355026,2023,12,8,4,0.7471935888765777,0.7398563652533551,0.7415552338377609,0.7402345668303464,49.40380931039431,0.001320667007414511,0.0022145715711397902,-0.0008939045637252792,0.7471935888765777,0.7837943008070476,0.7105928769461078
2023-12-11,0.7213286890139174,0.7255570367431026,0.7381852972689458,0.7385501054208219,0.7385501054208219,0.08119216868026732,2023,12,11,0,0.7474081665242093,0.7402385810784115,0.741092906389001,0.7401097919111224,43.8361373220889,0.0009831144778786882,0.00196828015248757,-0.0009851656746088819,0.7474081665242093,0.7837389025581816,0.711077430490237
2023-12-12,0.7176941131465844,0.7239089288263674,0.7377774006509445,0.7314422231480665,0.7314422231480665,0.09081077083776262,2023,12,12,1,0.7474081665242093,0.7400333910163654,0.7396081858903958,0.7394677497805257,40.59668215936906,0.00014043610987013455,0.001602711343964083,-0.0014622752340939485,0.7474081665242093,0.7837389025581816,0.711077430490237
2023-12-13,0.7261196352317263,0.7254911519810231,0.7385932006855642,0.7336550720079453,0.7336550720079453,0.08540547785655522,2023,12,13,2,0.7469186631829215,0.7401232452784864,0.7386923222161726,0.7390371810566307,38.095226101453704,-0.00034485884045809545,0.0012131973070796474,-0.0015580561475377428,0.7469186631829215,0.7837347953978915,0.7101025309679516
2023-12-14,0.7276065387169892,0.7271722550182512,0.7257438215478369,0.7284917624719361,0.7284917624719361,0.1048386500402104,2023,12,14,3,0.7458524761481149,0.7397115228349999,0.737123005332444,0.738256038939246,39.704662693025114,-0.0011330336068019475,0.0007439511243033283,-0.0018769847311052759,0.7458524761481149,0.783540125809041,0.7081648264871888
2023-12-15,0.715381174197121,0.7258207933416652,0.7364176976672878,0.7327833154245655,0.7327833154245655,0.23864356957321525,2023,12,15,4,0.7442230242551172,0.7394231824634642,0.736455360731232,0.7378506520122325,41.52915721612597,-0.0013952912810005769,0.0003161026432425473,-0.0017113939242431242,0.7442230242551172,0.781167876584382,0.7072781719258524
2023-12-18,0.7215929807127592,0.7492239455365994,0.7441681141318628,0.7552469882437819,0.7552469882437819,0.08672410127471553,2023,12,18,0,0.7443068437796914,0.7392166519595811,0.7393463803485474,0.7391392695108658,47.41224602834824,0.0002071108376815456,0.000294304282130347,-8.719344444880139e-05,0.7443068437796914,0.7813484709385408,0.707265216620842
2023-12-19,0.7489512686787931,0.7517949872942746,0.7691869767244794,0.7613490764550205,0.7613490764550205,0.06343535371275916,2023,12,19,1,0.7443671965196094,0.7390288970292027,0.742731410518774,0.7407844403956181,53.229505342817966,0.0019469701231559222,0.0006248374503354621,0.00132213267282046,0.7443671965196094,0.7815212206392198,0.7072131723999989
2023-12-20,0.7643485829480561,0.7801951763230232,0.7825123134339695,0.7718097397107375,0.7718097397107375,0.1228094582227933,2023,12,20,2,0.7447158887593404,0.7390905891380677,0.74720499962523,0.7430826107152566,61.2992208506391,0.004122388909973407,0.001324347742263051,0.002798041167710356,0.7447158887593404,0.7827980603071132,0.7066337172115675
2023-12-21,0.767256240998609,0.7732862815663428,0.7897392635919018,0.7861596356122525,0.7861596356122525,0.05160564239561475,2023,12,21,3,0.7453126834390295,0.7391040010666672,0.7531980205463104,0.7462735014483675,65.73866177362328,0.006924519097942894,0.00244438201339902,0.004480137084543874,0.7453126834390295,0.7856492763932228,0.7049760904848361
2023-12-22,0.7762435134573933,0.781329054792442,0.8004945803431684,0.7923287392097784,0.7923287392097784,0.053422967064456796,2023,12,22,4,0.7468214348813624,0.739429892451101,0.7592181311099209,0.7496850005418052,74.01666713547847,0.009533130568115666,0.003862131724342349,0.005670998843773317,0.7468214348813624,0.7918005087691365,0.7018423609935883
2023-12-26,0.7818604951394026,0.7859108409479875,0.8035200124528905,0.7929993356397427,0.7929993356397427,0.019569517752655273,2023,12,26,1,0.7484207127513475,0.7399985247763675,0.7644152394991242,0.7528934698083191,72.18204456107742,0.011521769690805095,0.005394059317634899,0.006127710373170196,0.7484207127513475,0.7976027126280474,0.6992387128746476
2023-12-27,0.7808692922320644,0.7817905711561496,0.7936687825752753,0.783745626598958,0.783745626598958,0.04784758876327636,2023,12,27,2,0.7493661993354895,0.7401259300513863,0.7673891452067908,0.7551788147557738,70.91516794614024,0.012210330451017049,0.0067573135443113296,0.005453016906705719,0.7493661993354895,0.8005627056238009,0.6981696930471781
2023-12-28,0.774393200625868,0.7748684981285668,0.7921527453960597,0.7826727165677243,0.7826727165677243,0.024294931642340152,2023,12,28,3,0.7510023581315654,0.7401648215061212,0.7697404638777036,0.7572154000751775,58.28939177699944,0.012525063802526049,0.007910863595954274,0.004614200206571774,0.7510023581315654,0.8043247819868257,0.697679934276305
2023-12-29,0.7666614227732638,0.7693637781320815,0.7858435677275937,0.7803257296462791,0.7803257296462791,0.03668250432146126,2023,12,29,4,0.7533526559242312,0.7403861042463293,0.7713689663036383,0.7589272763397035,63.741145917080196,0.012441689963934799,0.00881702886955038,0.003624661094384418,0.7533526559242312,0.8075303218244198,0.6991749900240426
2024-01-02,0.7595245622702607,0.7639580303122118,0.7711586300137003,0.7711391432807735,0.7711391432807735,0.06071260202808256,2024,1,2,1,0.7554447882400965,0.7404638890333564,0.7713336089155053,0.7598318590760791,66.15689351006975,0.0115017498394262,0.009353973063525546,0.002147776775900655,0.7554447882400965,0.80893834424623,0.701951232233963
2024-01-03,0.7529162785566572,0.7670893760221237,0.7758495940895977,0.7765036129701984,0.7765036129701984,0.055639622484539804,2024,1,3,2,0.758707042795406,0.7409493711832443,0.7721289941546889,0.7610668038089768,72.73338724392138,0.011062190345712097,0.009695616519962856,0.001366573825749241,0.758707042795406,0.8086978091100454,0.7087162764807666
2024-01-04,0.7611766331986614,0.7640898130212339,0.7729941885898663,0.7609466555647595,0.7609466555647595,0.05230724434050341,2024,1,4,3,0.7606013620391109,0.7409681466226378,0.7704086343716229,0.7610579039390348,62.134716005942536,0.00935073043258805,0.009626639302487895,-0.0002759088698998449,0.7606013620391109,0.8076917991069061,0.7135109249713156
2024-01-05,0.7512774175874,0.7520586450063622,0.7651078677735097,0.7565880805202807,0.7565880805202807,0.03927307013246319,2024,1,5,4,0.7625996215166249,0.7406020234757433,0.7682823953175703,0.760726805908016,62.58257045155006,0.007555589409554253,0.009212429323901167,-0.0016568399143469144,0.7625996215166249,0.8049895624598414,0.7202096805734083
2024-01-08,0.7489512686787931,0.7641228015492952,0.7721104363793556,0.7776435450932815,0.7776435450932815,0.04949713905399284,2024,1,8,0,0.7632970006316371,0.7424608053868086,0.7697225722061412,0.7619798976995172,67.46734795385379,0.007742674506623914,0.008918478360445717,-0.0011758038538218028,0.7632970006316371,0.806218470200679,0.7203755310625951
2024-01-09,0.7625643199122485,0.7783624803196137,0.7850957130702478,0.7912558291785449,0.7912558291785449,0.05843771087344358,2024,1,9,1,0.7652818466382725,0.745025011746133,0.7730353809711263,0.7641484852164823,65.0588630925667,0.008886895754644075,0.00891216183928539,-2.5266084641314274e-05,0.7652818466382725,0.8095675711733322,0.7209961221032127
2024-01-10,0.7788207374974148,0.7897343656132013,0.8032481153673072,0.7995707595441002,0.7995707595441002,0.044859540954511425,2024,1,10,2,0.7683328793444363,0.7477608811623411,0.77711774690543,0.7667723573888985,65.69380791947407,0.010345389516531522,0.009198807374734616,0.001146582141796906,0.7683328793444363,0.8132674239898772,0.7233983346989954
2024-01-11,0.7945154113172224,0.8038092731464362,0.8015823794426251,0.7986990029607202,0.7986990029607202,0.04869200691433801,2024,1,11,3,0.771695718335069,0.7501641543027057,0.7804379401447055,0.7691372940979223,61.984422498805415,0.011300646046783158,0.009619175109144326,0.001681470937638832,0.771695718335069,0.8150444763800105,0.7283469602901275
2024-01-12,0.790847760989903,0.7911518109383419,0.8093668297833891,0.8025212202202304,0.8025212202202304,0.03262680137917009,2024,1,12,4,0.7751390257456833,0.75270422144362,0.7838353678486324,0.7716101775143897,58.04748195155756,0.012225190334242741,0.01014037815416401,0.0020848121800787316,0.7751390257456833,0.8166671744470965,0.7336108770442701
2024-01-16,0.7848342029856727,0.7984034264400918,0.807300043447921,0.8014483101889969,0.8014483101889969,0.056677697562418534,2024,1,16,1,0.7787868531315363,0.7549183982729906,0.7865450512856116,0.7738204095643606,54.722212905117885,0.012724641721250984,0.010657230867581406,0.002067410853669578,0.7787868531315363,0.8156132374759484,0.7419604687871242
2024-01-17,0.7813979681457199,0.7823838702288791,0.789990730833708,0.7934686713328615,0.7934686713328615,0.0506026936338174,2024,1,17,2,0.7818211209269511,0.7568375297053042,0.7876102236005731,0.7752758363620273,50.225925879061805,0.012334387238545741,0.010992662141774273,0.0013417250967714678,0.7818211209269511,0.8121073413701807,0.7515349004837215
2024-01-18,0.7849003452973622,0.79672242888177,0.8092988776074981,0.8075503916946734,0.8075503916946734,0.055188988824285225,2024,1,18,3,0.7844362910994958,0.7587982373652526,0.7906779417688962,0.7776665441644456,60.95001510483903,0.01301139760445058,0.011396409234309535,0.0016149883701410458,0.7844362910994958,0.8140868542511348,0.7547857279478567
2024-01-19,0.8038330186622822,0.8129067563300661,0.8259554686106123,0.8275329395308784,0.8275329395308784,0.09352335437831041,2024,1,19,4,0.7877454842532886,0.7610137555752388,0.7963479414245858,0.7813603512286258,67.57748674069347,0.014987590195959966,0.012114645426639621,0.002872944769320344,0.7877454842532886,0.8210898657468393,0.7544011027597379
2024-01-22,0.81972603350947,0.8259268484268638,0.8380569998896108,0.8257895336531099,0.8257895336531099,0.0688346382451632,2024,1,22,0,0.7904444739504072,0.763067000392651,0.8008774171520511,0.7846514017785876,67.8986471924155,0.016226015373463465,0.01293691941600439,0.0032890959574590744,0.7904444739504072,0.8269467818069277,0.7539421660938866
2024-01-23,0.8131837929833006,0.8183126030364108,0.8354055392995714,0.8322938348821884,0.8322938348821884,0.033174032408648475,2024,1,23,1,0.792751183913904,0.7651349954347194,0.8057107121874568,0.7881804708973728,74.59544383176927,0.01753024129008407,0.013855583790820327,0.0036746574992637428,0.792751183913904,0.8336762212337557,0.7518261465940522
2024-01-24,0.8301670292609913,0.8361781324084099,0.8534218332863426,0.8434922105375867,0.8434922105375867,0.05689076640075429,2024,1,24,2,0.7953093574802944,0.7676375116968469,0.811523250395169,0.7922776367966479,75.73414534009456,0.019245613598521172,0.014933589752360497,0.004312023846160674,0.7953093574802944,0.8420992956960897,0.7485194192644992
2024-01-25,0.8397491199451206,0.8572079103167706,0.8628039585980276,0.8655534624665421,0.8655534624665421,0.06729046690269086,2024,1,25,3,0.7989370638216344,0.770263409896814,0.8198355907138418,0.7977054757351585,88.27282369522578,0.022130114978683335,0.016372894797625066,0.0057572201810582695,0.7989370638216344,0.8552535754324736,0.7426205522107953
2024-01-26,0.8472164144586549,0.8529228692878491,0.8735457868933694,0.866559256528059,0.866559256528059,0.05804392638263651,2024,1,26,4,0.8030777453180894,0.7729657505644137,0.8270238469929522,0.8028057557938918,91.24746151962533,0.024218091199060376,0.017941934077912128,0.006276157121148249,0.8030777453180894,0.866429622034358,0.7397258686018208
2024-01-29,0.8523048193512643,0.8601085934350877,0.8743615869279893,0.873600116708965,0.873600116708965,0.0645829674342075,2024,1,29,0,0.8076241153251514,0.7755688501219192,0.8341894269492618,0.8080497825283417,90.21920002617188,0.026139644420920094,0.01958147614651372,0.006558168274406372,0.8076241153251514,0.877522667994401,0.7377255626559018
2024-01-30,0.8547498578921628,0.8590537779986506,0.8733757602833787,0.861597207728895,0.861597207728895,0.09078719923091855,2024,1,30,1,0.8116876892292822,0.7778044842131356,0.8384060086076669,0.8120162584691234,79.88605242814496,0.0263897501385435,0.020943130944919678,0.005446619193623822,0.8116876892292822,0.8843009062303784,0.7390744722281861
2024-01-31,0.7977864787140374,0.7967553185233566,0.7970613467960814,0.7861596356122525,0.7861596356122525,0.17088305709875115,2024,1,31,2,0.8124387138458562,0.7782202298596903,0.8303681050699108,0.8101009530723182,46.371552448701365,0.020267151997592547,0.020807935155454253,-0.0005407831578617059,0.8124387138458562,0.8835819241648961,0.7412955035268163
2024-02-01,0.7865524162257631,0.7903606532139923,0.8018883104043972,0.792261723823491,0.792261723823491,0.08592497758386408,2024,2,1,3,0.8132266193885208,0.7789940523811141,0.8245055848781538,0.8087795286835162,48.306296454886464,0.015726056194637628,0.01979155936329093,-0.004065503168653301,0.8132266193885208,0.8830305648770805,0.7434226738999611
2024-02-02,0.7680492020028227,0.785482319704773,0.7740819876893228,0.7978272463773404,0.7978272463773404,0.16260202808256533,2024,2,2,4,0.8150706489291499,0.7797477568755278,0.820401225108798,0.8079682485126883,48.77620168465893,0.012432976596109646,0.018319842809854672,-0.005886866213745026,0.8150706489291499,0.8808945663551467,0.7492467315031531
2024-02-05,0.7888652560509708,0.8038751579085156,0.8131060894728848,0.8071479775099742,0.8071479775099742,0.10315304905667355,2024,2,5,0,0.8175986437786346,0.780593998527405,0.8183622639397481,0.8079074876976724,51.4247264940351,0.010454776242075692,0.016746829496298878,-0.0062920532542231865,0.8175986437786346,0.8775907244064078,0.7576065631508613
2024-02-06,0.8015532532970611,0.8043366742722232,0.8172532457803823,0.8103667210147992,0.8103667210147992,0.06739492147419601,2024,2,6,1,0.8192348025747105,0.7813168581073316,0.8171321804128329,0.8080896531285707,54.32693478247357,0.009042527284262136,0.015205969053891532,-0.006163441769629395,0.8192348025747105,0.8763548732283603,0.7621147319210607
2024-02-07,0.802610499391833,0.8060506735434695,0.8219443118355332,0.8188827109503409,0.8188827109503409,0.06701777576469065,2024,2,7,2,0.8206161466633002,0.7824514381190759,0.8174014928032187,0.8088891388931463,52.9869039767533,0.008512353910072434,0.013867246025127714,-0.0053548921150552795,0.8206161466633002,0.8762029219286591,0.7650293713979412
2024-02-08,0.808227580198098,0.810072063452735,0.8301705770940007,0.8225037680564354,0.8225037680564354,0.052251781736164384,2024,2,8,3,0.821762797088917,0.7836812379154039,0.8181864582267905,0.8098976299422789,48.54932155831179,0.008288828284511607,0.012751562477004492,-0.004462734192492886,0.821762797088917,0.876460693088985,0.767064901088849
2024-02-09,0.8147036718042944,0.8304097546998368,0.8370371461674282,0.8426204539542069,0.8426204539542069,0.06905879960436676,2024,2,9,4,0.8239588696385913,0.7852369290961656,0.8219455344925468,0.8123215428320514,54.38963930719786,0.009623991660495435,0.012126048313702682,-0.0025020566532072477,0.8239588696385913,0.8782833968798145,0.7696343423973682
2024-02-12,0.825210816475789,0.8297174768580597,0.8447196172547293,0.8326291330971706,0.8326291330971706,0.047605864246032116,2024,2,12,0,0.8254642652824383,0.7868905209451849,0.8235891650471043,0.8138258087776158,50.08588629632038,0.009763356269488543,0.011653509904859857,-0.0018901536353713132,0.8254642652824383,0.8789496475842908,0.7719788829805858
2024-02-13,0.8022801645055575,0.8129067563300661,0.8212644093540784,0.8168040001520284,0.8168040001520284,0.05177665209232674,2024,2,13,1,0.8262320497805901,0.7885602054723662,0.8225452935247849,0.8140464155460908,43.32212628146448,0.008498877978694086,0.011022583519626702,-0.0025237055409326158,0.8262320497805901,0.8786969820331249,0.7737671175280553
2024-02-14,0.810870854033837,0.8115224050118935,0.8242897394845468,0.8219673096880376,0.8219673096880376,0.04490529760309111,2024,2,14,2,0.8276569816983488,0.7904136217268577,0.822456372934516,0.8146331484454943,38.08650939050661,0.00782322448902173,0.010382711713505709,-0.002559487224483979,0.8276569816983488,0.8778751242022866,0.7774388391944109
2024-02-15,0.7916408277266562,0.7912835936473641,0.7993049039695024,0.8005095315137674,0.8005095315137674,0.09145922112015972,2024,2,15,3,0.8273049386893033,0.7921986419198528,0.8190799357928624,0.8135869545986997,33.761967235015945,0.005492981194162749,0.009404765609637118,-0.003911784415474368,0.8273049386893033,0.8782105771484566,0.77639930023015
2024-02-16,0.7899887567982553,0.7894377193730523,0.7968573950877722,0.7858913594891199,0.7858913594891199,0.06892938686090902,2024,2,16,4,0.8252228596872155,0.793455263695822,0.813974000976902,0.8115354290350272,29.21169910812158,0.002438571941874801,0.008011526876084654,-0.005572954934209853,0.8252228596872155,0.8793910298443223,0.7710546895301088
2024-02-20,0.7683796360133541,0.7818498239319719,0.7919623841229289,0.7888418201652502,0.7888418201652502,0.05402797164012165,2024,2,20,1,0.8233754740128225,0.7948996422797269,0.8101075116212633,0.8098544209705992,31.98272840391239,0.000253090650664034,0.006459839631000531,-0.006206748980336497,0.8233754740128225,0.8799298872465814,0.7668210607790636
2024-02-21,0.7796136985016284,0.786141503539582,0.7995088556778114,0.7998389350838033,0.7998389350838033,0.044201846904724486,2024,2,21,2,0.8217527290229032,0.7956225017255423,0.8085277306155001,0.8091125331271328,54.97558952767495,-0.0005848025116327316,0.005050911202473879,-0.00563571371410661,0.8217527290229032,0.8790867886074943,0.764418669438312
2024-02-22,0.802610499391833,0.8007767084326219,0.8137858899750865,0.8097632405545522,0.8097632405545522,0.0743601002024385,2024,2,22,3,0.8200662805237515,0.7967865883557166,0.808717809067662,0.809160733677312,56.19363436769403,-0.00044292460965000835,0.0039521440400491015,-0.00439506864969911,0.8200662805237515,0.8766877084027789,0.7634448526447242
2024-02-23,0.7950110127708916,0.7991615956363799,0.8190887975579313,0.809561979817707,0.809561979817707,0.03504959281204648,2024,2,23,4,0.8172667063913097,0.7982068258436543,0.8088476814907458,0.8091904556136376,54.31671400087458,-0.00034277412289174247,0.003093160407460933,-0.0034359345303526753,0.8172667063913097,0.8698082954468783,0.7647251173357411
2024-02-26,0.7849663950930796,0.7852185631062104,0.777957246911237,0.7657076514994992,0.7657076514994992,0.12283580295985433,2024,2,26,0,0.8122241261398818,0.798892134410683,0.8022107537997848,0.8059695071607385,37.8442505265826,-0.0037587533609536594,0.0017227776537780146,-0.005481531014731674,0.8122241261398818,0.8642017864987442,0.7602464657810194
2024-02-27,0.7582689751481084,0.7631339763538442,0.7763255448627437,0.7747602003868681,0.7747602003868681,0.07130642164520573,2024,2,27,1,0.807282130323777,0.7997142369782613,0.7979875917362591,0.8036577066589703,39.90112071356624,-0.005670114922711189,0.000244199138480174,-0.005914314061191363,0.807282130323777,0.853121744654326,0.7614425159932281
2024-02-28,0.756220420413459,0.755157094482256,0.7636801106347084,0.756856262765546,0.756856262765546,0.10950490381860031,2024,2,28,2,0.8020450830756095,0.8002815269841337,0.791659694971534,0.8001909330372351,33.29725540500819,-0.008531238065701108,-0.0015108883023560824,-0.007020349763345026,0.8020450830756095,0.8456344126662314,0.7584557534849876
2024-02-29,0.7512642076282565,0.7595740105142429,0.7700028787383528,0.7726143736188387,0.7726143736188387,0.131950157606234,2024,2,29,3,0.8013678199759389,0.801078148148019,0.7887296455326578,0.7981482249321687,37.38985191147765,-0.009418579399510962,-0.0030924265217870586,-0.006326152877723904,0.8013678199759389,0.8463936286431644,0.7563420113087134
2024-03-01,0.7595906120659781,0.759903651874885,0.7727563117832383,0.7612149383934541,0.7612149383934541,0.09976798143851509,2024,3,1,4,0.7998154807044371,0.8011975071510123,0.7844966136650879,0.7954124259293011,28.475221058966014,-0.01091581226421312,-0.004657103670272271,-0.00625870859394085,0.7998154807044371,0.848180157107814,0.7514508043010601
2024-03-04,0.7393031281989464,0.7376871901194534,0.7379813523592538,0.73519732443786,0.73519732443786,0.16932502010519407,2024,3,4,0,0.7966839846074629,0.8006744721106692,0.7769121076301297,0.7909520480410461,26.250452965841376,-0.014039940410916385,-0.0065336710184010945,-0.0075062693925152905,0.7966839846074629,0.853040652964709,0.7403273162502169
2024-03-05,0.7141917293866584,0.7204809368763065,0.7290751778207143,0.7323810018232959,0.7323810018232959,0.09942411329161313,2024,3,5,1,0.792945635823129,0.7998858973529204,0.7700611682752323,0.7866134520249164,28.02797007139816,-0.016552283749684094,-0.008537393564657695,-0.008014890185026399,0.792945635823129,0.8559113328157167,0.7299799388305414
2024-03-06,0.7241041549570633,0.7252274942689354,0.7317945837880275,0.724200209519307,0.724200209519307,0.07505569369852377,2024,3,6,2,0.7886373102483544,0.7986467088310615,0.7630056361589361,0.7819902488763528,24.948494072982527,-0.018984612717416693,-0.010626837395209495,-0.008357775322207198,0.7886373102483544,0.8580459875196925,0.7192286329770162
2024-03-07,0.7217912160075999,0.7323473336540947,0.7366216493755968,0.7421711625269164,0.7421711625269164,0.0793637514905575,2024,3,7,3,0.7848017328271832,0.7976435572974041,0.7598003325232408,0.7790406869245426,34.77960279928044,-0.019240354401301896,-0.012349540796427975,-0.006890813604873921,0.7848017328271832,0.8556366288066669,0.7139668368476996
2024-03-08,0.7293577339010942,0.7532123403253719,0.7511706827377087,0.7492119221243929,0.7492119221243929,0.09029496861740971,2024,3,8,4,0.7811371405305811,0.7967678090270972,0.7581713463080334,0.7768311487911982,40.03644074835594,-0.01865980248316479,-0.013611593133775338,-0.005048209349389451,0.7811371405305811,0.8513400393332906,0.7109342417278717
2024-03-11,0.742805611083128,0.7597717768718194,0.7666035702895846,0.7669817216841485,0.7669817216841485,0.07210323439420971,2024,3,11,0,0.7773552039170781,0.7964325309288011,0.7595267886735896,0.7761015615980834,44.5044001447469,-0.01657477292449383,-0.014204229091919037,-0.002370543832574793,0.7773552039170781,0.8415001719908675,0.7132102358432888
2024-03-12,0.7506033396071938,0.7617495261491967,0.7743539935527763,0.7715414568820429,0.7715414568820429,0.05584945600428911,2024,3,12,1,0.7743008201063217,0.7962099057350875,0.7613751991671978,0.7757637760635618,42.64809238425824,-0.01438857689636408,-0.014241098652808046,-0.00014747824355603421,0.7743008201063217,0.8329455984209267,0.7156560417917167
2024-03-13,0.7625643199122485,0.7743410904103483,0.7865914223849397,0.779252913492913,0.779252913492913,0.05870254480916242,2024,3,13,2,0.7724232657733661,0.7961884494120202,0.7641256167557693,0.7760222306879583,41.98097154536868,-0.011896613932188993,-0.013772201708684236,0.0018755877764952428,0.7724232657733661,0.8276429158254439,0.7172036157212882
2024-03-14,0.7773669084721382,0.7910858272897875,0.7966194231005077,0.8031917160667653,0.8031917160667653,0.13487534779674804,2024,3,14,3,0.7714844860923024,0.79682950086774,0.7701357858805379,0.7780347851604624,48.51144391430442,-0.007898999279924546,-0.0125975612229323,0.004698561943007754,0.7714844860923024,0.82371515951954,0.7192538126650647
2024-03-15,0.7847021100025215,0.7885147789396807,0.7942059412963498,0.7886406600118344,0.7886406600118344,0.15755955297140903,2024,3,15,4,0.7708910425172057,0.7970722418085727,0.7729826895930451,0.7788204055198232,56.20914173561657,-0.005837715926778175,-0.011245592163701476,0.005407876236923301,0.7708910425172057,0.8219906211702234,0.7197914638641881
2024-03-18,0.8240874214610436,0.8451437471814057,0.8418642049563807,0.8309527426056896,0.8309527426056896,0.18829877704957432,2024,3,18,0,0.7731441116730343,0.7984723635493913,0.781901159287298,0.7826820601187764,62.8922867540918,-0.0007809008314784149,-0.009152653897256864,0.00837175306577845,0.7731441116730343,0.8306060713622482,0.7156821519838205
2024-03-19,0.8215101974210222,0.8233228115486956,0.8341817406676966,0.8271976413158962,0.8271976413158962,0.04997365526293896,2024,3,19,1,0.7750619027305665,0.7998845547653036,0.7888698488301592,0.7859795105778222,67.25897555968984,0.002890338252336977,-0.006744055467338097,0.009634393719675075,0.7750619027305665,0.8371072552736543,0.7130165501874788
2024-03-20,0.8202546036905864,0.8242457519820673,0.8386348211383494,0.8389993968481123,0.8389993968481123,0.04988861260295246,2024,3,20,2,0.777019925818782,0.8011116718004001,0.7965820869867675,0.7899069095608068,66.61073487680594,0.006675177425960688,-0.00406020888867834,0.010735386314639028,0.777019925818782,0.844583770325409,0.709456081312155
2024-03-21,0.8303653702883713,0.8344310457226273,0.8409803575652335,0.8326962490668874,0.8326962490668874,0.0596588125456411,2024,3,21,3,0.7781665762443988,0.8019404801981669,0.8021381119221704,0.793076490264961,68.35401292817731,0.009061621657209473,-0.0014358427795007776,0.010497464436710251,0.7781665762443988,0.8487797989781496,0.707553353510648
2024-03-22,0.8298366943747157,0.8427045804267962,0.8551214875107267,0.8530140951180746,0.8530140951180746,0.05680433717565931,2024,3,22,4,0.7803391820094171,0.8030093469096465,0.8099651862600019,0.7975163128466731,81.1635754315904,0.012448873413328787,0.0013411004590651353,0.011107772954263653,0.7803391820094171,0.8573991787553984,0.7032791852634358
2024-03-25,0.8345285229451043,0.835426509496767,0.8463513193032226,0.8488565796435822,0.8488565796435822,0.03780100017563159,2024,3,25,0,0.7844966284166213,0.8040124984433037,0.8159484775497834,0.80131929557237,80.5917650185443,0.014629181977413364,0.003998716762734781,0.010630465214678583,0.7844966284166213,0.8670117238123007,0.7019815330209418
2024-03-26,0.836444978088319,0.8469237301012064,0.8615122077902617,0.8525446588415261,0.8525446588415261,0.057203667926900285,2024,3,26,1,0.7883858513393542,0.8050129672157297,0.8215786592869746,0.8051137669256407,84.5238239108841,0.01646489236133386,0.006491951882454597,0.009972940478879262,0.7883858513393542,0.8761351772192983,0.7006365254594101
2024-03-27,0.8424254682408461,0.8435616229132251,0.8553934933741802,0.8541540272411577,0.8541540272411577,0.044767565468982536,2024,3,27,2,0.7932507395631347,0.806067081556773,0.826590254356849,0.8087463788008643,83.03007695613732,0.017843875555984656,0.00876233661716061,0.009081538938824046,0.7932507395631347,0.8843640064589653,0.7021374726673042
2024-03-28,0.8414672406692387,0.8434297479101595,0.8635518132553734,0.8562997601313197,0.8562997601313197,0.06549024320352004,2024,3,28,3,0.7974350088887588,0.8073237033327421,0.8311609475529214,0.8122688514920091,82.52547557045835,0.018892096060912245,0.010788288505910936,0.008103807555001308,0.7974350088887588,0.8921721936857485,0.7026978240917692
2024-04-01,0.8403438456544938,0.8719749902128758,0.8657273162736501,0.8847313763946462,0.8847313763946462,0.08103918432996551,2024,4,1,0,0.8036108307888183,0.8088673230267415,0.8394025519901098,0.8176364459292416,83.58838447732899,0.021766106060868262,0.012983852016902402,0.00878225404396586,0.8036108307888183,0.9043218129116531,0.7028998486659835
2024-04-02,0.8596400208816479,0.8653166671914242,0.878032901240211,0.8805068388283043,0.8805068388283043,0.04927898614359268,2024,4,2,1,0.8108763065083406,0.80992680101269,0.8457262884267551,0.8222935120699129,81.14220246394791,0.023432776356842266,0.015073636884890374,0.008359139471951892,0.8108763065083406,0.911771958256753,0.7099806547599283
2024-04-03,0.8607634158963928,0.8690084157400476,0.8826015513995051,0.8838596198112662,0.8838596198112662,0.04774498294524917,2024,4,3,2,0.8184502374077391,0.8110882027358531,0.851592954793603,0.8268539644951982,80.66037292704787,0.02473899029840476,0.017006707567593253,0.007732282730811509,0.8184502374077391,0.9172562058519563,0.719644268963522
2024-04-04,0.8618207677237044,0.8665691500989628,0.8672910729448695,0.8541540272411577,0.8541540272411577,0.07972194747691369,2024,4,4,3,0.8249479282938317,0.8115254065830325,0.8519869659393806,0.8288761913652694,64.44868610216196,0.02311077457411126,0.018227520968896856,0.0048832536052144035,0.8249479282938317,0.9142961356689194,0.7355997209187439
2024-04-05,0.8393525436228997,0.8577353114425575,0.8618589032589516,0.8675651511730053,0.8675651511730053,0.04323217570553054,2024,4,5,4,0.8312176277261362,0.812006865395741,0.8543836098214768,0.8317420402399165,72.52201990723917,0.022641569581560272,0.01911033069142954,0.003531238890130732,0.8312176277261362,0.913421209900736,0.7490140455515363
2024-04-08,0.8547829257438657,0.8697005946953497,0.8816361545986717,0.8823173673813517,0.8823173673813517,0.04485769220103345,2024,4,8,0,0.8378728999889841,0.8123421434940371,0.8586811109845345,0.8354883607689116,67.39329275838486,0.023192750215622837,0.0199268145962682,0.003265935619354638,0.8378728999889841,0.9134035588666326,0.7623422411113355
2024-04-09,0.8768215981867187,0.8910271111379026,0.8996524485854427,0.8957284913131992,0.8957284913131992,0.06748920790157237,2024,4,9,1,0.8443102384704366,0.8129255281897401,0.8643807079581752,0.8399505926610811,71.78176481126826,0.024430115297094157,0.020827474736433392,0.003602640560660765,0.8443102384704366,0.9162621314580311,0.7723583454828421
2024-04-10,0.8803239819466446,0.8796222373162536,0.8966610435532927,0.8925098550973657,0.8925098550973657,0.043460496760059524,2024,4,10,2,0.8503586583812026,0.813303722957508,0.8687082690565122,0.8438438713600651,67.98920991544048,0.024864397696447105,0.021634859328436135,0.0032295383680109695,0.8503586583812026,0.9166710698528856,0.7840462469095196
2024-04-11,0.8833637329803488,0.8991357757185129,0.9084226235915636,0.9134981902895255,0.9134981902895255,0.05040487701167488,2024,4,11,3,0.8570709222210334,0.8143417426087205,0.8755990261692835,0.8490034505400251,74.72300157316418,0.026595575629258406,0.022627002588600592,0.0039685730406578135,0.8570709222210334,0.9201778980862058,0.7939639463558611
2024-04-12,0.8904015749601875,0.902959399270202,0.912977785294933,0.9027693514941052,0.9027693514941052,0.0463676616041634,2024,4,12,4,0.8620498039924003,0.8166739369263577,0.8797790762192561,0.852986109869957,66.17262974789966,0.026792966349299063,0.023460195340740286,0.003332771008558777,0.8620498039924003,0.9229317807945834,0.8011678271902172
2024-04-15,0.8961838232095902,0.897224016682122,0.8963210923125653,0.8835914442715632,0.8835914442715632,0.06565339569795065,2024,4,15,0,0.8667973432053868,0.818500531335319,0.8803655943811495,0.8552531716774834,60.28596691275645,0.025112422703666093,0.02379064081332545,0.0013217818903406425,0.8667973432053868,0.9175408239819007,0.8160538624288729
2024-04-16,0.865521386778471,0.8734912231265456,0.8888426749128269,0.8813785954116843,0.8813785954116843,0.03918063245856481,2024,4,16,1,0.8693186358456867,0.8201715583160061,0.8805214406935393,0.8571883882503871,58.61379668849831,0.023333052443152202,0.0236991231392908,-0.00036607069613859775,0.8693186358456867,0.9175099610935589,0.8211273105978145
2024-04-17,0.8757642463594073,0.8830568678450031,0.8962191198577192,0.8872795234695071,0.8872795234695071,0.042991837753394775,2024,4,17,2,0.872322729953367,0.8217741892351965,0.8815611457359959,0.8594173612295812,59.64845278169218,0.022143784506414632,0.023388055412715568,-0.0012442709063009358,0.872322729953367,0.9168065338998194,0.8278389260069147
2024-04-18,0.8740130577835861,0.8817647578307145,0.896729097708437,0.8911687628208668,0.8911687628208668,0.032723398748393896,2024,4,18,3,0.8749311982520048,0.8233902300713178,0.8830392406721298,0.8617693169030097,60.05416708687829,0.02126992376912007,0.02296442908399647,-0.0016945053148764017,0.8749311982520048,0.9172532421600769,0.8326091543439328
2024-04-19,0.8794648720224576,0.8785015305253056,0.8810922584482519,0.8795010447667876,0.8795010447667876,0.06067562695852321,2024,4,19,4,0.8772714380369999,0.8246025967476469,0.8824949028405387,0.8630827782262526,48.330480520428424,0.019412124614286097,0.0222539681900544,-0.0028418435757683012,0.8772714380369999,0.9146473274567809,0.8398955486172189
2024-04-22,0.8679664253193695,0.8863794402202779,0.8929898380189412,0.8944544211285498,0.8944544211285498,0.04764191493885248,2024,4,22,0,0.8793434543375236,0.8260416098090891,0.884334828731002,0.8654066036264227,54.166674679494925,0.018928225104579255,0.02158881957295937,-0.0026605944683801147,0.8793434543375236,0.9156361749750929,0.8430507336999543
2024-04-23,0.8850158039087497,0.8949166260441027,0.9086605955788283,0.9076643849069815,0.9076643849069815,0.042426119189136725,2024,4,23,1,0.8822838446006935,0.8273424884281446,0.8879239912196143,0.8685368096472049,56.715864716794904,0.019387181572409373,0.021148491972849372,-0.0017613104004399992,0.8822838446006935,0.9176948899940384,0.8468727992073487
2024-04-24,0.8883199457655513,0.9009157586383135,0.9144734878110079,0.9155770016712675,0.9155770016712675,0.05800325380612122,2024,4,24,2,0.8854354617421805,0.8290014457996265,0.8921783005198687,0.872021268315654,69.75842787176114,0.02015703220421472,0.020950200019122442,-0.000793167814907722,0.8854354617421805,0.9209218163361804,0.8499491071481805
2024-04-25,0.850454513128023,0.8804132961541283,0.8733282447498818,0.8944544211285498,0.8944544211285498,0.13524463630397204,2024,4,25,3,0.8874504814365501,0.8305544542191571,0.8925284729212042,0.8736829833388314,58.240844297540285,0.018845489582372754,0.020529257931772505,-0.0016837683493997509,0.8874504814365501,0.9199051262841071,0.8549958365889931
2024-04-26,1.0,0.9999999999999999,1.0,0.9999999999999999,0.9999999999999999,0.22908274096190645,2024,4,26,4,0.8946354934299843,0.8341151080253962,0.9090625540102497,0.8830397993878069,73.17137421329893,0.026022754622442856,0.021627957269906576,0.00439479735253628,0.8946354934299843,0.9520678016159975,0.8372031852439711
2024-04-29,0.9655047524067071,0.966774190545641,0.9704940298591582,0.9611747425728056,0.9611747425728056,0.13393571884157107,2024,4,29,0,0.8984576617388921,0.837328412246577,0.9170798137891045,0.888827572957066,61.71386343889394,0.028252240832038478,0.022952813982332957,0.005299426849705521,0.8984576617388921,0.9628657902592176,0.8340495332185666
2024-04-30,0.9431026772258759,0.9568195528042437,0.9530895841986982,0.9393146440917038,0.9393146440917038,0.10392213050350801,2024,4,30,1,0.9013980520020622,0.8403968779386287,0.9205005569125813,0.8925673560040763,57.853276698791525,0.02793320090850493,0.02394889136756735,0.003984309540937578,0.9013980520020622,0.9676973358092554,0.8350987681948691
